rep_id,fc_node,ixd_node,dc_node,sku_id,event_date,push_qty_ordered,push_trigger,push_idle_days,push_stockout,push_total_cost_eur,pull_qty_ordered,pull_trigger,pull_idle_days,pull_stockout,pull_total_cost_eur,transit_hrs,cost_per_unit_eur
1,FC_BCN1,IXD_BCN,1DC_BCN,SKU_0115,2024-09-01,85,forecast,7.2,False,62.13,49,reorder_point,0.9,False,35.82,9.1,0.731
2,FC_BCN1,IXD_BCN,1DC_BCN,SKU_0147,2024-09-01,175,forecast,13.0,True,141.75,120,reorder_point,1.3,False,97.2,7.0,0.81
3,FC_BCN1,IXD_BCN,1DC_BCN,SKU_0155,2024-09-01,75,forecast,6.0,False,21.3,52,reorder_point,1.4,False,14.77,10.3,0.284
4,FC_BCN1,IXD_BCN,1DC_BCN,SKU_0006,2024-09-01,145,forecast,5.6,False,72.06,134,reorder_point,2.4,False,66.6,8.1,0.497
5,FC_BCN1,IXD_BCN,1DC_BCN,SKU_0025,2024-09-01,138,forecast,12.7,False,35.19,108,reorder_point,1.5,False,27.54,9.7,0.255
6,FC_BCN1,IXD_BCN,1DC_BCN,SKU_0168,2024-09-01,87,forecast,7.3,False,54.55,50,reorder_point,1.6,False,31.35,9.2,0.627
7,FC_BCN1,IXD_BCN,1DC_BCN,SKU_0044,2024-09-01,50,forecast,10.3,False,27.25,44,reorder_point,1.7,False,23.98,7.1,0.545
8,FC_BCN2,IXD_BCN,1DC_BCN,SKU_0139,2024-09-01,56,forecast,9.6,False,41.44,49,reorder_point,1.9,False,36.26,8.1,0.74
9,FC_BCN2,IXD_BCN,1DC_BCN,SKU_0080,2024-09-01,23,forecast,8.3,False,14.33,11,reorder_point,1.3,False,6.85,8.6,0.623
10,FC_BCN2,IXD_BCN,1DC_BCN,SKU_0195,2024-09-01,83,forecast,6.8,False,47.89,40,reorder_point,2.8,False,23.08,8.7,0.577
11,FC_BCN2,IXD_BCN,1DC_BCN,SKU_0003,2024-09-01,80,forecast,11.8,False,28.0,51,reorder_point,1.9,False,17.85,9.9,0.35
12,FC_BCN2,IXD_BCN,1DC_BCN,SKU_0184,2024-09-01,211,forecast,7.3,False,182.51,117,reorder_point,1.6,False,101.2,7.2,0.865
13,FC_BCN2,IXD_BCN,1DC_BCN,SKU_0233,2024-09-01,19,forecast,10.6,False,4.5,13,reorder_point,1.8,False,3.08,8.8,0.237
14,FC_BCN2,IXD_BCN,1DC_BCN,SKU_0029,2024-09-01,200,forecast,9.8,False,30.0,130,reorder_point,1.0,True,19.5,9.1,0.15
15,FC_MAD1,IXD_MAD,1DC_MAD,SKU_0006,2024-09-01,152,forecast,4.1,False,67.18,133,reorder_point,2.3,False,58.79,9.7,0.442
16,FC_MAD1,IXD_MAD,1DC_MAD,SKU_0080,2024-09-01,21,forecast,8.5,False,17.87,13,reorder_point,0.6,False,11.06,10.2,0.851
17,FC_MAD1,IXD_MAD,1DC_MAD,SKU_0038,2024-09-01,138,forecast,11.5,True,30.64,124,reorder_point,1.0,False,27.53,9.9,0.222
18,FC_MAD1,IXD_MAD,1DC_MAD,SKU_0197,2024-09-01,209,forecast,7.2,False,174.51,116,reorder_point,3.0,False,96.86,5.4,0.835
19,FC_MAD1,IXD_MAD,1DC_MAD,SKU_0025,2024-09-01,188,forecast,13.8,False,194.96,132,reorder_point,1.3,False,136.88,8.1,1.037
20,FC_MAD1,IXD_MAD,1DC_MAD,SKU_0134,2024-09-01,54,forecast,8.3,False,57.94,45,reorder_point,0.6,False,48.28,8.1,1.073
21,FC_MAD2,IXD_MAD,1DC_MAD,SKU_0163,2024-09-01,67,forecast,3.2,False,53.0,48,reorder_point,1.5,False,37.97,10.8,0.791
22,FC_MAD2,IXD_MAD,1DC_MAD,SKU_0177,2024-09-01,19,forecast,7.1,False,19.59,11,reorder_point,0.7,False,11.34,8.0,1.031
23,FC_MAD2,IXD_MAD,1DC_MAD,SKU_0195,2024-09-01,74,forecast,3.7,False,65.79,49,reorder_point,2.5,False,43.56,9.1,0.889
24,FC_PAR1,IXD_PAR,1DC_CDG,SKU_0229,2024-09-01,179,forecast,5.1,False,104.71,120,reorder_point,0.8,False,70.2,13.6,0.585
25,FC_PAR1,IXD_PAR,1DC_CDG,SKU_0113,2024-09-01,19,forecast,9.0,False,13.28,12,reorder_point,1.9,False,8.39,5.0,0.699
26,FC_PAR1,IXD_PAR,1DC_CDG,SKU_0221,2024-09-01,19,forecast,3.8,False,1.92,11,reorder_point,1.2,False,1.11,9.2,0.101
27,FC_PAR1,IXD_PAR,1DC_CDG,SKU_0164,2024-09-01,18,forecast,11.1,False,19.21,13,reorder_point,1.4,False,13.87,8.2,1.067
28,FC_PAR1,IXD_PAR,1DC_CDG,SKU_0210,2024-09-01,65,forecast,8.8,False,48.16,47,reorder_point,2.0,False,34.83,9.1,0.741
29,FC_PAR1,IXD_PAR,1DC_CDG,SKU_0029,2024-09-01,142,forecast,10.2,True,18.74,141,reorder_point,0.9,True,18.61,9.4,0.132
30,FC_PAR1,IXD_PAR,1DC_CDG,SKU_0165,2024-09-01,22,forecast,10.2,False,15.53,13,reorder_point,1.1,False,9.18,9.2,0.706
31,FC_PAR1,IXD_PAR,1DC_CDG,SKU_0019,2024-09-01,50,forecast,13.1,False,42.15,53,reorder_point,2.6,False,44.68,7.4,0.843
32,FC_PAR2,IXD_PAR,1DC_AMS,SKU_0095,2024-09-01,217,forecast,3.6,False,38.63,127,reorder_point,2.3,False,22.61,7.2,0.178
33,FC_PAR2,IXD_PAR,1DC_AMS,SKU_0056,2024-09-01,88,forecast,4.1,False,24.55,47,reorder_point,1.0,False,13.11,8.5,0.279
34,FC_PAR2,IXD_PAR,1DC_AMS,SKU_0192,2024-09-01,72,forecast,11.2,False,37.94,48,reorder_point,2.2,False,25.3,11.0,0.527
35,FC_PAR2,IXD_PAR,1DC_AMS,SKU_0027,2024-09-01,15,forecast,5.0,False,6.22,12,reorder_point,0.9,False,4.98,6.9,0.415
36,FC_PAR2,IXD_PAR,1DC_AMS,SKU_0084,2024-09-01,83,forecast,7.5,False,53.62,51,reorder_point,1.3,False,32.95,9.1,0.646
37,FC_PAR2,IXD_PAR,1DC_AMS,SKU_0097,2024-09-01,21,forecast,13.2,False,14.62,14,reorder_point,1.6,False,9.74,7.7,0.696
38,FC_PAR2,IXD_PAR,1DC_AMS,SKU_0133,2024-09-01,54,forecast,12.8,True,47.09,53,reorder_point,1.0,False,46.22,3.4,0.872
39,FC_PAR2,IXD_PAR,1DC_AMS,SKU_0242,2024-09-01,206,forecast,6.0,False,49.03,128,reorder_point,2.8,False,30.46,10.1,0.238
40,FC_BER1,IXD_BER,1DC_CDG,SKU_0064,2024-09-01,15,forecast,11.9,False,12.36,12,reorder_point,2.8,False,9.89,8.9,0.824
41,FC_BER1,IXD_BER,1DC_CDG,SKU_0203,2024-09-01,69,forecast,8.4,False,62.65,49,reorder_point,2.5,False,44.49,8.2,0.908
42,FC_BER1,IXD_BER,1DC_CDG,SKU_0098,2024-09-01,52,forecast,3.6,False,50.34,45,reorder_point,2.5,False,43.56,8.1,0.968
43,FC_BER1,IXD_BER,1DC_CDG,SKU_0223,2024-09-01,80,forecast,11.2,False,33.52,53,reorder_point,2.1,False,22.21,10.6,0.419
44,FC_BER1,IXD_BER,1DC_CDG,SKU_0145,2024-09-01,55,forecast,8.5,False,30.03,41,reorder_point,2.3,False,22.39,9.2,0.546
45,FC_BER1,IXD_BER,1DC_CDG,SKU_0153,2024-09-01,194,forecast,4.0,False,125.71,136,reorder_point,0.9,False,88.13,5.6,0.648
46,FC_MUN1,IXD_PAR,1DC_MAD,SKU_0129,2024-09-01,67,forecast,10.7,False,44.96,46,reorder_point,1.0,False,30.87,8.9,0.671
47,FC_MUN1,IXD_PAR,1DC_MAD,SKU_0144,2024-09-01,198,forecast,11.1,False,152.86,110,reorder_point,2.4,False,84.92,9.2,0.772
48,FC_MUN1,IXD_PAR,1DC_MAD,SKU_0109,2024-09-01,64,forecast,5.1,False,28.8,49,reorder_point,2.4,False,22.05,8.1,0.45
49,FC_MUN1,IXD_PAR,1DC_MAD,SKU_0211,2024-09-01,89,forecast,7.9,False,84.82,41,reorder_point,2.5,False,39.07,6.4,0.953
50,FC_MUN1,IXD_PAR,1DC_MAD,SKU_0029,2024-09-01,211,forecast,5.7,False,93.47,113,reorder_point,2.6,False,50.06,10.7,0.443
51,FC_BCN1,IXD_BCN,1DC_BCN,SKU_0029,2024-09-02,164,forecast,8.2,False,118.57,134,reorder_point,1.0,False,96.88,8.5,0.723
52,FC_BCN1,IXD_BCN,1DC_BCN,SKU_0037,2024-09-02,77,forecast,10.4,False,12.32,52,reorder_point,1.8,False,8.32,6.2,0.16
53,FC_BCN1,IXD_BCN,1DC_BCN,SKU_0052,2024-09-02,217,forecast,9.8,True,164.92,131,reorder_point,0.5,False,99.56,8.0,0.76
54,FC_BCN1,IXD_BCN,1DC_BCN,SKU_0222,2024-09-02,53,forecast,6.2,False,42.93,45,reorder_point,2.9,False,36.45,12.0,0.81
55,FC_BCN1,IXD_BCN,1DC_BCN,SKU_0232,2024-09-02,16,forecast,12.5,False,5.55,11,reorder_point,1.8,False,3.82,8.8,0.347
56,FC_BCN1,IXD_BCN,1DC_BCN,SKU_0136,2024-09-02,61,forecast,8.4,False,24.52,40,reorder_point,2.2,False,16.08,8.3,0.402
57,FC_BCN1,IXD_BCN,1DC_BCN,SKU_0129,2024-09-02,60,forecast,3.7,False,19.56,45,reorder_point,3.0,False,14.67,12.6,0.326
58,FC_BCN1,IXD_BCN,1DC_BCN,SKU_0088,2024-09-02,85,forecast,10.2,False,61.71,45,reorder_point,2.9,False,32.67,7.0,0.726
59,FC_BCN2,IXD_BCN,1DC_BCN,SKU_0107,2024-09-02,59,forecast,4.7,False,37.82,52,reorder_point,1.3,False,33.33,8.8,0.641
60,FC_BCN2,IXD_BCN,1DC_BCN,SKU_0205,2024-09-02,153,forecast,4.5,False,154.38,140,reorder_point,2.8,False,141.26,9.4,1.009
61,FC_BCN2,IXD_BCN,1DC_BCN,SKU_0198,2024-09-02,147,forecast,13.3,False,144.06,119,reorder_point,1.9,False,116.62,9.7,0.98
62,FC_MAD1,IXD_MAD,1DC_MAD,SKU_0008,2024-09-02,80,forecast,12.7,False,79.52,46,reorder_point,1.6,False,45.72,9.6,0.994
63,FC_MAD1,IXD_MAD,1DC_MAD,SKU_0239,2024-09-02,21,forecast,4.7,False,14.95,11,reorder_point,0.6,False,7.83,6.7,0.712
64,FC_MAD1,IXD_MAD,1DC_MAD,SKU_0153,2024-09-02,157,forecast,10.6,False,110.68,132,reorder_point,1.7,False,93.06,6.9,0.705
65,FC_MAD1,IXD_MAD,1DC_MAD,SKU_0183,2024-09-02,20,forecast,5.0,False,20.5,12,reorder_point,0.9,False,12.3,4.5,1.025
66,FC_MAD1,IXD_MAD,1DC_MAD,SKU_0244,2024-09-02,66,forecast,11.2,False,71.68,50,reorder_point,0.7,False,54.3,11.1,1.086
67,FC_MAD1,IXD_MAD,1DC_MAD,SKU_0222,2024-09-02,74,forecast,10.6,False,60.68,52,reorder_point,1.6,False,42.64,5.9,0.82
68,FC_MAD1,IXD_MAD,1DC_MAD,SKU_0101,2024-09-02,19,forecast,11.2,False,11.8,12,reorder_point,2.7,False,7.45,6.4,0.621
69,FC_MAD2,IXD_MAD,1DC_MAD,SKU_0117,2024-09-02,22,forecast,3.5,False,16.08,12,reorder_point,1.5,False,8.77,6.5,0.731
70,FC_MAD2,IXD_MAD,1DC_MAD,SKU_0013,2024-09-02,57,forecast,7.8,False,22.46,50,reorder_point,1.2,False,19.7,7.7,0.394
71,FC_MAD2,IXD_MAD,1DC_MAD,SKU_0236,2024-09-02,51,forecast,8.7,False,52.94,51,reorder_point,1.6,False,52.94,10.9,1.038
72,FC_MAD2,IXD_MAD,1DC_MAD,SKU_0179,2024-09-02,19,forecast,7.3,False,18.92,10,reorder_point,1.6,False,9.96,10.5,0.996
73,FC_MAD2,IXD_MAD,1DC_MAD,SKU_0226,2024-09-02,181,forecast,5.8,False,99.37,140,reorder_point,2.5,False,76.86,9.1,0.549
74,FC_PAR1,IXD_PAR,1DC_CDG,SKU_0135,2024-09-02,20,forecast,11.0,False,2.88,13,reorder_point,0.9,False,1.87,9.1,0.144
75,FC_PAR1,IXD_PAR,1DC_CDG,SKU_0044,2024-09-02,86,forecast,9.2,False,35.26,42,reorder_point,2.7,False,17.22,8.1,0.41
76,FC_PAR2,IXD_PAR,1DC_AMS,SKU_0161,2024-09-02,151,forecast,12.9,False,90.3,108,reorder_point,2.4,True,64.58,6.7,0.598
77,FC_PAR2,IXD_PAR,1DC_AMS,SKU_0128,2024-09-02,19,forecast,3.1,False,13.3,11,reorder_point,2.0,False,7.7,7.9,0.7
78,FC_PAR2,IXD_PAR,1DC_AMS,SKU_0063,2024-09-02,85,forecast,6.1,False,13.18,51,reorder_point,1.0,False,7.91,8.9,0.155
79,FC_PAR2,IXD_PAR,1DC_AMS,SKU_0090,2024-09-02,50,forecast,12.4,False,13.9,51,reorder_point,1.2,False,14.18,10.3,0.278
80,FC_BER1,IXD_BER,1DC_CDG,SKU_0170,2024-09-02,206,forecast,9.5,False,212.39,114,reorder_point,1.6,False,117.53,9.1,1.031
81,FC_BER1,IXD_BER,1DC_CDG,SKU_0024,2024-09-02,214,forecast,6.6,False,47.51,137,reorder_point,2.4,False,30.41,10.4,0.222
82,FC_BER1,IXD_BER,1DC_CDG,SKU_0221,2024-09-02,16,forecast,8.8,False,13.28,13,reorder_point,2.0,False,10.79,9.3,0.83
83,FC_BER1,IXD_BER,1DC_CDG,SKU_0162,2024-09-02,70,forecast,4.0,False,25.2,48,reorder_point,2.5,False,17.28,5.4,0.36
84,FC_BER1,IXD_BER,1DC_CDG,SKU_0148,2024-09-02,23,forecast,6.9,False,13.64,12,reorder_point,1.8,False,7.12,10.0,0.593
85,FC_BER1,IXD_BER,1DC_CDG,SKU_0047,2024-09-02,85,forecast,5.6,False,26.09,43,reorder_point,0.8,False,13.2,9.4,0.307
86,FC_MUN1,IXD_BER,1DC_AMS,SKU_0086,2024-09-02,16,forecast,11.9,False,2.69,13,reorder_point,2.2,False,2.18,5.7,0.168
87,FC_MUN1,IXD_BER,1DC_AMS,SKU_0077,2024-09-02,186,forecast,6.6,True,51.34,132,reorder_point,1.4,False,36.43,8.2,0.276
88,FC_BCN1,IXD_BCN,1DC_BCN,SKU_0214,2024-09-03,16,forecast,10.4,False,11.63,13,reorder_point,2.1,False,9.45,8.2,0.727
89,FC_BCN1,IXD_BCN,1DC_BCN,SKU_0229,2024-09-03,225,forecast,12.9,False,175.05,137,reorder_point,2.8,False,106.59,6.2,0.778
90,FC_BCN1,IXD_BCN,1DC_BCN,SKU_0143,2024-09-03,18,forecast,5.3,False,19.26,13,reorder_point,2.7,False,13.91,8.2,1.07
91,FC_BCN1,IXD_BCN,1DC_BCN,SKU_0072,2024-09-03,83,forecast,6.7,False,73.21,47,reorder_point,0.9,False,41.45,8.8,0.882
92,FC_BCN2,IXD_BCN,1DC_BCN,SKU_0181,2024-09-03,224,forecast,10.8,False,208.1,111,reorder_point,2.7,False,103.12,9.3,0.929
93,FC_BCN2,IXD_BCN,1DC_BCN,SKU_0078,2024-09-03,15,forecast,6.3,False,8.74,13,reorder_point,2.4,False,7.58,8.1,0.583
94,FC_BCN2,IXD_BCN,1DC_BCN,SKU_0129,2024-09-03,55,forecast,6.7,False,47.8,52,reorder_point,1.3,False,45.19,8.6,0.869
95,FC_BCN2,IXD_BCN,1DC_BCN,SKU_0026,2024-09-03,22,forecast,13.3,False,2.29,11,reorder_point,2.3,False,1.14,8.0,0.104
96,FC_MAD1,IXD_MAD,1DC_MAD,SKU_0176,2024-09-03,83,forecast,12.6,False,70.22,52,reorder_point,0.8,False,43.99,6.4,0.846
97,FC_MAD1,IXD_MAD,1DC_MAD,SKU_0006,2024-09-03,194,forecast,6.4,False,42.29,119,reorder_point,1.0,False,25.94,7.7,0.218
98,FC_MAD2,IXD_MAD,1DC_MAD,SKU_0041,2024-09-03,161,forecast,3.2,False,67.3,126,reorder_point,1.0,False,52.67,10.3,0.418
99,FC_MAD2,IXD_MAD,1DC_MAD,SKU_0037,2024-09-03,87,forecast,11.8,False,11.22,42,reorder_point,1.3,False,5.42,7.9,0.129
100,FC_MAD2,IXD_MAD,1DC_MAD,SKU_0232,2024-09-03,20,forecast,4.2,True,13.86,12,reorder_point,0.9,False,8.32,8.4,0.693
101,FC_PAR1,IXD_PAR,1DC_AMS,SKU_0092,2024-09-03,62,forecast,12.0,False,14.38,49,reorder_point,1.8,False,11.37,8.6,0.232
102,FC_PAR1,IXD_PAR,1DC_AMS,SKU_0209,2024-09-03,81,forecast,10.7,False,46.25,44,reorder_point,2.1,False,25.12,6.5,0.571
103,FC_PAR1,IXD_PAR,1DC_AMS,SKU_0243,2024-09-03,58,forecast,12.5,False,56.96,52,reorder_point,1.5,False,51.06,6.9,0.982
104,FC_PAR1,IXD_PAR,1DC_AMS,SKU_0117,2024-09-03,18,forecast,3.7,False,8.08,12,reorder_point,2.6,False,5.39,5.8,0.449
105,FC_PAR1,IXD_PAR,1DC_AMS,SKU_0148,2024-09-03,14,forecast,4.1,False,7.01,13,reorder_point,1.3,False,6.51,9.1,0.501
106,FC_PAR1,IXD_PAR,1DC_AMS,SKU_0106,2024-09-03,59,forecast,5.7,False,46.85,47,reorder_point,0.7,False,37.32,6.4,0.794
107,FC_PAR2,IXD_PAR,1DC_AMS,SKU_0112,2024-09-03,19,forecast,6.8,False,4.07,11,reorder_point,2.2,False,2.35,7.7,0.214
108,FC_PAR2,IXD_PAR,1DC_AMS,SKU_0153,2024-09-03,181,forecast,9.1,False,37.83,114,reorder_point,2.9,False,23.83,5.2,0.209
109,FC_PAR2,IXD_PAR,1DC_AMS,SKU_0209,2024-09-03,73,forecast,12.0,False,62.41,49,reorder_point,0.7,False,41.89,10.0,0.855
110,FC_PAR2,IXD_PAR,1DC_AMS,SKU_0208,2024-09-03,13,forecast,4.6,False,3.85,12,reorder_point,1.5,False,3.55,10.3,0.296
111,FC_PAR2,IXD_PAR,1DC_AMS,SKU_0175,2024-09-03,226,forecast,6.3,False,246.34,132,reorder_point,2.8,False,143.88,7.7,1.09
112,FC_PAR2,IXD_PAR,1DC_AMS,SKU_0150,2024-09-03,49,forecast,13.9,False,31.8,42,reorder_point,1.2,False,27.26,4.6,0.649
113,FC_PAR2,IXD_PAR,1DC_AMS,SKU_0014,2024-09-03,49,forecast,9.2,False,35.52,41,reorder_point,1.2,True,29.72,6.3,0.725
114,FC_PAR2,IXD_PAR,1DC_AMS,SKU_0183,2024-09-03,17,forecast,7.2,False,8.24,13,reorder_point,1.7,False,6.3,9.5,0.485
115,FC_BER1,IXD_BER,1DC_CDG,SKU_0107,2024-09-03,55,forecast,14.0,False,29.54,42,reorder_point,0.7,True,22.55,8.1,0.537
116,FC_BER1,IXD_BER,1DC_CDG,SKU_0035,2024-09-03,141,forecast,10.1,False,74.17,124,reorder_point,2.5,False,65.22,6.5,0.526
117,FC_BER1,IXD_BER,1DC_CDG,SKU_0047,2024-09-03,67,forecast,7.7,False,55.68,45,reorder_point,1.1,False,37.39,10.6,0.831
118,FC_BER1,IXD_BER,1DC_CDG,SKU_0183,2024-09-03,18,forecast,7.5,False,14.49,12,reorder_point,2.9,False,9.66,8.6,0.805
119,FC_BER1,IXD_BER,1DC_CDG,SKU_0029,2024-09-03,194,forecast,13.6,False,119.7,134,reorder_point,1.8,False,82.68,8.5,0.617
120,FC_BER1,IXD_BER,1DC_CDG,SKU_0134,2024-09-03,85,forecast,4.0,False,62.39,50,reorder_point,2.9,False,36.7,7.0,0.734
121,FC_BER1,IXD_BER,1DC_CDG,SKU_0205,2024-09-03,194,forecast,9.7,False,83.81,127,reorder_point,0.5,False,54.86,10.5,0.432
122,FC_BER1,IXD_BER,1DC_CDG,SKU_0091,2024-09-03,235,forecast,11.8,False,194.34,109,reorder_point,2.8,False,90.14,7.2,0.827
123,FC_MUN1,IXD_PAR,1DC_MAD,SKU_0122,2024-09-03,72,forecast,9.3,False,12.74,44,reorder_point,2.3,True,7.79,7.6,0.177
124,FC_MUN1,IXD_PAR,1DC_MAD,SKU_0201,2024-09-03,60,forecast,4.5,False,16.5,52,reorder_point,0.5,False,14.3,8.6,0.275
125,FC_MUN1,IXD_PAR,1DC_MAD,SKU_0152,2024-09-03,79,forecast,10.3,False,10.51,42,reorder_point,2.5,False,5.59,9.4,0.133
126,FC_MUN1,IXD_PAR,1DC_MAD,SKU_0022,2024-09-03,23,forecast,9.6,False,11.11,13,reorder_point,2.4,False,6.28,10.5,0.483
127,FC_MUN1,IXD_PAR,1DC_MAD,SKU_0170,2024-09-03,179,forecast,10.0,False,47.97,134,reorder_point,1.4,False,35.91,8.5,0.268
128,FC_MUN1,IXD_PAR,1DC_MAD,SKU_0103,2024-09-03,68,forecast,8.2,False,33.32,52,reorder_point,1.1,False,25.48,7.6,0.49
129,FC_MUN1,IXD_PAR,1DC_MAD,SKU_0068,2024-09-03,55,forecast,12.6,True,7.75,53,reorder_point,1.6,False,7.47,11.1,0.141
130,FC_BCN1,IXD_BCN,1DC_BCN,SKU_0164,2024-09-04,17,forecast,12.3,False,15.33,13,reorder_point,1.2,False,11.73,7.9,0.902
131,FC_BCN1,IXD_BCN,1DC_BCN,SKU_0066,2024-09-04,76,forecast,7.3,False,60.04,50,reorder_point,2.3,False,39.5,9.1,0.79
132,FC_BCN1,IXD_BCN,1DC_BCN,SKU_0047,2024-09-04,62,forecast,3.1,True,48.67,41,reorder_point,1.5,False,32.19,10.0,0.785
133,FC_BCN1,IXD_BCN,1DC_BCN,SKU_0090,2024-09-04,58,forecast,6.1,False,60.9,40,reorder_point,0.7,False,42.0,6.6,1.05
134,FC_BCN1,IXD_BCN,1DC_BCN,SKU_0164,2024-09-04,14,forecast,13.5,False,10.47,12,reorder_point,1.4,False,8.98,5.7,0.748
135,FC_BCN1,IXD_BCN,1DC_BCN,SKU_0206,2024-09-04,23,forecast,12.9,False,8.65,11,reorder_point,1.7,False,4.14,5.9,0.376
136,FC_BCN2,IXD_BCN,1DC_BCN,SKU_0178,2024-09-04,22,forecast,11.5,False,10.63,11,reorder_point,0.7,False,5.31,5.4,0.483
137,FC_BCN2,IXD_BCN,1DC_BCN,SKU_0086,2024-09-04,23,forecast,5.8,False,17.14,11,reorder_point,0.7,False,8.2,9.0,0.745
138,FC_BCN2,IXD_BCN,1DC_BCN,SKU_0028,2024-09-04,147,forecast,11.5,False,29.84,131,reorder_point,2.8,False,26.59,10.2,0.203
139,FC_BCN2,IXD_BCN,1DC_BCN,SKU_0019,2024-09-04,52,forecast,11.0,False,25.48,40,reorder_point,1.7,False,19.6,9.0,0.49
140,FC_BCN2,IXD_BCN,1DC_BCN,SKU_0039,2024-09-04,77,forecast,13.0,False,41.27,47,reorder_point,2.8,False,25.19,8.5,0.536
141,FC_MAD1,IXD_MAD,1DC_MAD,SKU_0187,2024-09-04,81,forecast,11.6,False,83.83,40,reorder_point,2.9,False,41.4,6.2,1.035
142,FC_MAD1,IXD_MAD,1DC_MAD,SKU_0092,2024-09-04,63,forecast,6.3,True,60.04,53,reorder_point,2.1,False,50.51,8.8,0.953
143,FC_MAD1,IXD_MAD,1DC_MAD,SKU_0088,2024-09-04,52,forecast,8.1,False,41.39,49,reorder_point,0.9,True,39.0,7.6,0.796
144,FC_MAD1,IXD_MAD,1DC_MAD,SKU_0230,2024-09-04,53,forecast,10.6,False,7.21,52,reorder_point,1.6,False,7.07,9.3,0.136
145,FC_MAD1,IXD_MAD,1DC_MAD,SKU_0007,2024-09-04,20,forecast,9.5,False,10.98,11,reorder_point,1.9,False,6.04,5.2,0.549
146,FC_MAD1,IXD_MAD,1DC_MAD,SKU_0005,2024-09-04,136,forecast,3.6,False,104.31,109,reorder_point,0.8,False,83.6,7.8,0.767
147,FC_MAD1,IXD_MAD,1DC_MAD,SKU_0118,2024-09-04,87,forecast,12.6,False,10.35,50,reorder_point,1.1,False,5.95,8.3,0.119
148,FC_MAD1,IXD_MAD,1DC_MAD,SKU_0233,2024-09-04,23,forecast,3.5,False,9.36,11,reorder_point,0.9,False,4.48,6.4,0.407
149,FC_MAD2,IXD_MAD,1DC_MAD,SKU_0025,2024-09-04,181,forecast,4.9,False,163.62,137,reorder_point,0.8,False,123.85,8.9,0.904
150,FC_MAD2,IXD_MAD,1DC_MAD,SKU_0110,2024-09-04,63,forecast,12.2,False,40.7,45,reorder_point,0.8,False,29.07,7.3,0.646
151,FC_MAD2,IXD_MAD,1DC_MAD,SKU_0083,2024-09-04,222,forecast,11.7,False,176.71,129,reorder_point,1.3,False,102.68,9.7,0.796
152,FC_MAD2,IXD_MAD,1DC_MAD,SKU_0142,2024-09-04,56,forecast,5.7,False,26.66,42,reorder_point,2.5,False,19.99,9.9,0.476
153,FC_MAD2,IXD_MAD,1DC_MAD,SKU_0041,2024-09-04,133,forecast,8.4,True,120.63,114,reorder_point,0.7,False,103.4,9.9,0.907
154,FC_MAD2,IXD_MAD,1DC_MAD,SKU_0198,2024-09-04,183,forecast,4.4,False,50.33,117,reorder_point,1.6,False,32.18,7.3,0.275
155,FC_MAD2,IXD_MAD,1DC_MAD,SKU_0178,2024-09-04,13,forecast,5.0,False,4.37,14,reorder_point,2.1,False,4.7,8.4,0.336
156,FC_MAD2,IXD_MAD,1DC_MAD,SKU_0031,2024-09-04,89,forecast,13.7,False,50.2,52,reorder_point,3.0,False,29.33,8.6,0.564
157,FC_PAR1,IXD_PAR,1DC_BCN,SKU_0014,2024-09-04,57,forecast,11.8,False,42.46,53,reorder_point,1.7,False,39.48,8.2,0.745
158,FC_PAR1,IXD_PAR,1DC_BCN,SKU_0073,2024-09-04,57,forecast,5.8,False,8.66,52,reorder_point,1.6,False,7.9,8.0,0.152
159,FC_PAR1,IXD_PAR,1DC_BCN,SKU_0138,2024-09-04,56,forecast,11.6,False,16.74,42,reorder_point,2.7,False,12.56,7.2,0.299
160,FC_PAR1,IXD_PAR,1DC_BCN,SKU_0174,2024-09-04,22,forecast,5.5,False,6.6,11,reorder_point,1.1,False,3.3,7.6,0.3
161,FC_PAR2,IXD_PAR,1DC_BCN,SKU_0121,2024-09-04,73,forecast,3.6,False,21.46,43,reorder_point,2.0,False,12.64,7.1,0.294
162,FC_PAR2,IXD_PAR,1DC_BCN,SKU_0092,2024-09-04,89,forecast,5.2,False,84.73,49,reorder_point,0.6,False,46.65,9.9,0.952
163,FC_BER1,IXD_BER,1DC_AMS,SKU_0044,2024-09-04,80,forecast,5.4,False,52.24,42,reorder_point,2.5,False,27.43,10.5,0.653
164,FC_BER1,IXD_BER,1DC_AMS,SKU_0059,2024-09-04,141,forecast,12.4,False,53.44,143,reorder_point,2.0,False,54.2,7.2,0.379
165,FC_BER1,IXD_BER,1DC_AMS,SKU_0187,2024-09-04,66,forecast,12.6,False,65.87,46,reorder_point,1.1,False,45.91,12.3,0.998
166,FC_BER1,IXD_BER,1DC_AMS,SKU_0107,2024-09-04,89,forecast,3.4,False,51.53,50,reorder_point,0.6,False,28.95,7.2,0.579
167,FC_BER1,IXD_BER,1DC_AMS,SKU_0205,2024-09-04,207,forecast,4.1,False,94.81,110,reorder_point,2.4,False,50.38,7.4,0.458
168,FC_MUN1,IXD_MAD,1DC_MAD,SKU_0123,2024-09-04,204,forecast,4.8,False,115.06,128,reorder_point,2.0,False,72.19,9.2,0.564
169,FC_MUN1,IXD_MAD,1DC_MAD,SKU_0036,2024-09-04,226,forecast,7.5,False,224.42,121,reorder_point,1.7,False,120.15,8.9,0.993
170,FC_BCN1,IXD_BCN,1DC_BCN,SKU_0136,2024-09-05,50,forecast,7.7,False,44.4,53,reorder_point,1.9,False,47.06,8.0,0.888
171,FC_BCN1,IXD_BCN,1DC_BCN,SKU_0021,2024-09-05,74,forecast,6.7,False,41.81,47,reorder_point,2.8,False,26.55,10.2,0.565
172,FC_BCN1,IXD_BCN,1DC_BCN,SKU_0011,2024-09-05,64,forecast,4.9,False,69.18,41,reorder_point,2.3,False,44.32,9.1,1.081
173,FC_BCN1,IXD_BCN,1DC_BCN,SKU_0062,2024-09-05,71,forecast,10.1,False,29.82,50,reorder_point,2.7,False,21.0,8.6,0.42
174,FC_BCN2,IXD_BCN,1DC_BCN,SKU_0129,2024-09-05,77,forecast,6.0,True,17.17,45,reorder_point,1.7,False,10.04,5.5,0.223
175,FC_BCN2,IXD_BCN,1DC_BCN,SKU_0182,2024-09-05,71,forecast,12.1,False,69.79,46,reorder_point,1.4,False,45.22,6.8,0.983
176,FC_BCN2,IXD_BCN,1DC_BCN,SKU_0049,2024-09-05,85,forecast,8.0,False,17.77,52,reorder_point,1.2,False,10.87,3.8,0.209
177,FC_BCN2,IXD_BCN,1DC_BCN,SKU_0071,2024-09-05,144,forecast,4.6,False,148.61,115,reorder_point,2.9,True,118.68,6.1,1.032
178,FC_MAD1,IXD_MAD,1DC_MAD,SKU_0089,2024-09-05,177,forecast,11.1,True,165.5,114,reorder_point,0.6,False,106.59,9.9,0.935
179,FC_MAD1,IXD_MAD,1DC_MAD,SKU_0134,2024-09-05,75,forecast,7.5,False,40.88,49,reorder_point,1.3,False,26.71,7.4,0.545
180,FC_MAD1,IXD_MAD,1DC_MAD,SKU_0078,2024-09-05,19,forecast,12.9,False,7.37,13,reorder_point,1.1,False,5.04,5.2,0.388
181,FC_MAD1,IXD_MAD,1DC_MAD,SKU_0217,2024-09-05,51,forecast,6.9,False,47.89,42,reorder_point,2.8,False,39.44,7.4,0.939
182,FC_MAD1,IXD_MAD,1DC_MAD,SKU_0178,2024-09-05,22,forecast,11.7,False,11.9,11,reorder_point,3.0,False,5.95,13.2,0.541
183,FC_MAD2,IXD_MAD,1DC_MAD,SKU_0048,2024-09-05,154,forecast,10.8,False,34.03,143,reorder_point,0.9,False,31.6,10.7,0.221
184,FC_MAD2,IXD_MAD,1DC_MAD,SKU_0007,2024-09-05,17,forecast,8.5,False,14.25,12,reorder_point,1.3,True,10.06,8.2,0.838
185,FC_MAD2,IXD_MAD,1DC_MAD,SKU_0250,2024-09-05,18,forecast,10.1,False,16.2,14,reorder_point,2.9,False,12.6,11.2,0.9
186,FC_MAD2,IXD_MAD,1DC_MAD,SKU_0187,2024-09-05,86,forecast,7.9,False,55.99,50,reorder_point,2.8,False,32.55,8.4,0.651
187,FC_PAR1,IXD_PAR,1DC_CDG,SKU_0103,2024-09-05,74,forecast,5.4,False,64.16,44,reorder_point,2.0,False,38.15,5.4,0.867
188,FC_PAR1,IXD_PAR,1DC_CDG,SKU_0051,2024-09-05,50,forecast,8.9,False,14.7,49,reorder_point,0.7,False,14.41,8.0,0.294
189,FC_PAR2,IXD_PAR,1DC_CDG,SKU_0155,2024-09-05,70,forecast,3.6,False,31.15,45,reorder_point,2.3,False,20.02,8.3,0.445
190,FC_PAR2,IXD_PAR,1DC_CDG,SKU_0079,2024-09-05,23,forecast,12.6,False,20.79,13,reorder_point,1.6,False,11.75,8.7,0.904
191,FC_PAR2,IXD_PAR,1DC_CDG,SKU_0074,2024-09-05,14,forecast,11.0,False,5.64,13,reorder_point,1.5,False,5.24,7.7,0.403
192,FC_PAR2,IXD_PAR,1DC_CDG,SKU_0223,2024-09-05,70,forecast,6.7,False,51.73,48,reorder_point,1.4,True,35.47,7.9,0.739
193,FC_PAR2,IXD_PAR,1DC_CDG,SKU_0070,2024-09-05,66,forecast,9.1,False,9.37,50,reorder_point,0.8,False,7.1,6.8,0.142
194,FC_PAR2,IXD_PAR,1DC_CDG,SKU_0212,2024-09-05,164,forecast,9.4,False,41.66,134,reorder_point,1.1,False,34.04,10.0,0.254
195,FC_BER1,IXD_BER,1DC_CDG,SKU_0214,2024-09-05,20,forecast,4.4,False,17.3,11,reorder_point,0.9,False,9.52,8.2,0.865
196,FC_BER1,IXD_BER,1DC_CDG,SKU_0127,2024-09-05,23,forecast,3.7,False,16.74,12,reorder_point,1.9,False,8.74,8.2,0.728
197,FC_BER1,IXD_BER,1DC_CDG,SKU_0122,2024-09-05,88,forecast,12.0,False,49.37,50,reorder_point,0.5,False,28.05,7.6,0.561
198,FC_BER1,IXD_BER,1DC_CDG,SKU_0178,2024-09-05,14,forecast,4.8,False,5.46,12,reorder_point,2.8,False,4.68,8.0,0.39
199,FC_BER1,IXD_BER,1DC_CDG,SKU_0136,2024-09-05,75,forecast,3.8,False,31.2,48,reorder_point,2.4,False,19.97,9.3,0.416
200,FC_BER1,IXD_BER,1DC_CDG,SKU_0217,2024-09-05,77,forecast,6.3,False,71.07,49,reorder_point,0.7,False,45.23,9.9,0.923
201,FC_BER1,IXD_BER,1DC_CDG,SKU_0004,2024-09-05,55,forecast,6.1,False,51.26,46,reorder_point,2.8,False,42.87,8.9,0.932
202,FC_MUN1,IXD_BCN,1DC_AMS,SKU_0235,2024-09-05,52,forecast,12.0,False,47.68,46,reorder_point,1.3,False,42.18,10.6,0.917
203,FC_MUN1,IXD_BCN,1DC_AMS,SKU_0228,2024-09-05,89,forecast,8.8,False,70.67,42,reorder_point,1.3,False,33.35,9.2,0.794
204,FC_MUN1,IXD_BCN,1DC_AMS,SKU_0177,2024-09-05,15,forecast,4.4,False,2.67,11,reorder_point,2.2,False,1.96,9.1,0.178
205,FC_MUN1,IXD_BCN,1DC_AMS,SKU_0199,2024-09-05,69,forecast,7.7,False,9.87,40,reorder_point,2.1,False,5.72,4.6,0.143
206,FC_MUN1,IXD_BCN,1DC_AMS,SKU_0078,2024-09-05,20,forecast,11.3,False,5.7,14,reorder_point,1.0,False,3.99,9.3,0.285
207,FC_BCN1,IXD_BCN,1DC_BCN,SKU_0008,2024-09-06,53,forecast,12.3,False,18.13,53,reorder_point,1.4,False,18.13,5.6,0.342
208,FC_BCN1,IXD_BCN,1DC_BCN,SKU_0146,2024-09-06,139,forecast,12.0,False,37.81,127,reorder_point,2.3,False,34.54,8.5,0.272
209,FC_BCN1,IXD_BCN,1DC_BCN,SKU_0194,2024-09-06,190,forecast,13.7,False,102.6,115,reorder_point,1.8,False,62.1,6.9,0.54
210,FC_BCN1,IXD_BCN,1DC_BCN,SKU_0246,2024-09-06,143,forecast,12.2,False,123.12,123,reorder_point,1.8,False,105.9,10.3,0.861
211,FC_BCN2,IXD_BCN,1DC_BCN,SKU_0032,2024-09-06,182,forecast,8.7,False,88.27,121,reorder_point,1.2,False,58.68,10.3,0.485
212,FC_BCN2,IXD_BCN,1DC_BCN,SKU_0117,2024-09-06,19,forecast,6.4,False,18.14,12,reorder_point,1.9,False,11.46,9.5,0.955
213,FC_BCN2,IXD_BCN,1DC_BCN,SKU_0049,2024-09-06,84,forecast,12.8,False,41.66,53,reorder_point,1.4,True,26.29,7.3,0.496
214,FC_BCN2,IXD_BCN,1DC_BCN,SKU_0134,2024-09-06,76,forecast,3.9,False,77.9,45,reorder_point,2.0,False,46.12,6.1,1.025
215,FC_MAD1,IXD_MAD,1DC_MAD,SKU_0017,2024-09-06,17,forecast,5.2,False,14.71,13,reorder_point,1.5,False,11.24,6.6,0.865
216,FC_MAD1,IXD_MAD,1DC_MAD,SKU_0197,2024-09-06,194,forecast,6.0,False,136.38,131,reorder_point,1.5,False,92.09,9.5,0.703
217,FC_MAD1,IXD_MAD,1DC_MAD,SKU_0104,2024-09-06,238,forecast,8.6,False,30.94,124,reorder_point,0.8,False,16.12,9.0,0.13
218,FC_MAD2,IXD_MAD,1DC_MAD,SKU_0014,2024-09-06,83,forecast,8.5,True,33.45,42,reorder_point,2.0,False,16.93,12.8,0.403
219,FC_MAD2,IXD_MAD,1DC_MAD,SKU_0160,2024-09-06,14,forecast,3.8,False,5.07,13,reorder_point,2.5,False,4.71,7.4,0.362
220,FC_MAD2,IXD_MAD,1DC_MAD,SKU_0088,2024-09-06,82,forecast,8.9,True,17.96,50,reorder_point,3.0,False,10.95,6.7,0.219
221,FC_MAD2,IXD_MAD,1DC_MAD,SKU_0116,2024-09-06,165,forecast,7.1,False,97.52,109,reorder_point,1.9,False,64.42,7.6,0.591
222,FC_MAD2,IXD_MAD,1DC_MAD,SKU_0035,2024-09-06,165,forecast,7.3,False,105.44,128,reorder_point,1.7,False,81.79,11.2,0.639
223,FC_MAD2,IXD_MAD,1DC_MAD,SKU_0121,2024-09-06,68,forecast,12.4,False,73.3,45,reorder_point,1.7,False,48.51,7.3,1.078
224,FC_MAD2,IXD_MAD,1DC_MAD,SKU_0083,2024-09-06,138,forecast,9.5,False,119.37,121,reorder_point,2.5,False,104.66,7.4,0.865
225,FC_PAR1,IXD_PAR,1DC_CDG,SKU_0025,2024-09-06,178,forecast,13.9,False,140.26,110,reorder_point,1.1,False,86.68,8.2,0.788
226,FC_PAR1,IXD_PAR,1DC_CDG,SKU_0223,2024-09-06,61,forecast,6.7,True,40.75,44,reorder_point,1.7,False,29.39,9.2,0.668
227,FC_PAR1,IXD_PAR,1DC_CDG,SKU_0231,2024-09-06,17,forecast,3.2,False,10.0,10,reorder_point,1.3,False,5.88,8.1,0.588
228,FC_PAR1,IXD_PAR,1DC_CDG,SKU_0177,2024-09-06,20,forecast,6.7,False,9.26,13,reorder_point,1.3,False,6.02,9.2,0.463
229,FC_PAR1,IXD_PAR,1DC_CDG,SKU_0112,2024-09-06,15,forecast,10.0,False,10.11,11,reorder_point,2.6,False,7.41,8.4,0.674
230,FC_PAR2,IXD_PAR,1DC_BCN,SKU_0191,2024-09-06,235,forecast,10.9,False,148.28,129,reorder_point,1.2,False,81.4,10.0,0.631
231,FC_PAR2,IXD_PAR,1DC_BCN,SKU_0110,2024-09-06,57,forecast,11.8,False,28.61,44,reorder_point,2.5,False,22.09,7.3,0.502
232,FC_PAR2,IXD_PAR,1DC_BCN,SKU_0160,2024-09-06,18,forecast,10.4,False,5.17,13,reorder_point,2.1,False,3.73,8.2,0.287
233,FC_PAR2,IXD_PAR,1DC_BCN,SKU_0128,2024-09-06,15,forecast,13.6,False,8.01,12,reorder_point,2.8,False,6.41,6.2,0.534
234,FC_PAR2,IXD_PAR,1DC_BCN,SKU_0145,2024-09-06,78,forecast,3.7,False,67.55,46,reorder_point,1.1,False,39.84,6.5,0.866
235,FC_PAR2,IXD_PAR,1DC_BCN,SKU_0217,2024-09-06,67,forecast,6.5,False,23.85,41,reorder_point,1.0,False,14.6,9.7,0.356
236,FC_BER1,IXD_BER,1DC_MUC,SKU_0104,2024-09-06,157,forecast,4.6,True,171.29,136,reorder_point,1.3,False,148.38,6.2,1.091
237,FC_BER1,IXD_BER,1DC_MUC,SKU_0109,2024-09-06,75,forecast,3.4,False,71.47,42,reorder_point,1.1,False,40.03,7.9,0.953
238,FC_BER1,IXD_BER,1DC_MUC,SKU_0247,2024-09-06,210,forecast,11.6,True,34.44,140,reorder_point,1.3,False,22.96,7.6,0.164
239,FC_MUN1,IXD_BER,1DC_CDG,SKU_0169,2024-09-06,85,forecast,7.4,False,64.94,51,reorder_point,1.1,False,38.96,7.6,0.764
240,FC_MUN1,IXD_BER,1DC_CDG,SKU_0149,2024-09-06,87,forecast,13.2,False,78.91,52,reorder_point,1.1,False,47.16,8.5,0.907
241,FC_MUN1,IXD_BER,1DC_CDG,SKU_0085,2024-09-06,22,forecast,11.1,False,8.25,13,reorder_point,2.8,False,4.88,9.5,0.375
242,FC_MUN1,IXD_BER,1DC_CDG,SKU_0105,2024-09-06,159,forecast,9.5,False,83.32,121,reorder_point,2.9,False,63.4,9.3,0.524
243,FC_MUN1,IXD_BER,1DC_CDG,SKU_0175,2024-09-06,158,forecast,6.1,False,158.79,113,reorder_point,1.7,False,113.56,7.6,1.005
244,FC_MUN1,IXD_BER,1DC_CDG,SKU_0009,2024-09-06,22,forecast,10.3,False,14.37,13,reorder_point,2.5,False,8.49,10.9,0.653
245,FC_MUN1,IXD_BER,1DC_CDG,SKU_0080,2024-09-06,20,forecast,10.7,False,21.22,13,reorder_point,1.8,False,13.79,8.3,1.061
246,FC_BCN1,IXD_BCN,1DC_BCN,SKU_0078,2024-09-07,14,forecast,12.0,False,10.23,11,reorder_point,2.7,False,8.04,8.6,0.731
247,FC_BCN1,IXD_BCN,1DC_BCN,SKU_0226,2024-09-07,219,forecast,10.1,False,224.69,117,reorder_point,0.7,False,120.04,5.6,1.026
248,FC_BCN1,IXD_BCN,1DC_BCN,SKU_0086,2024-09-07,20,forecast,12.6,False,9.04,13,reorder_point,2.2,False,5.88,8.7,0.452
249,FC_BCN1,IXD_BCN,1DC_BCN,SKU_0155,2024-09-07,79,forecast,9.0,False,58.54,49,reorder_point,2.4,False,36.31,9.3,0.741
250,FC_BCN2,IXD_BCN,1DC_BCN,SKU_0103,2024-09-07,57,forecast,6.4,False,49.48,41,reorder_point,1.1,False,35.59,10.3,0.868
251,FC_BCN2,IXD_BCN,1DC_BCN,SKU_0167,2024-09-07,80,forecast,12.3,False,62.96,51,reorder_point,1.3,False,40.14,8.4,0.787
252,FC_MAD1,IXD_MAD,1DC_MAD,SKU_0084,2024-09-07,81,forecast,5.2,False,79.7,42,reorder_point,2.7,False,41.33,7.1,0.984
253,FC_MAD1,IXD_MAD,1DC_MAD,SKU_0058,2024-09-07,13,forecast,3.3,False,12.38,13,reorder_point,1.1,False,12.38,7.1,0.952
254,FC_MAD1,IXD_MAD,1DC_MAD,SKU_0013,2024-09-07,65,forecast,7.7,False,14.11,41,reorder_point,1.4,False,8.9,8.8,0.217
255,FC_MAD1,IXD_MAD,1DC_MAD,SKU_0184,2024-09-07,188,forecast,11.5,False,171.64,137,reorder_point,1.7,False,125.08,9.8,0.913
256,FC_MAD1,IXD_MAD,1DC_MAD,SKU_0069,2024-09-07,61,forecast,8.4,False,23.36,52,reorder_point,2.0,False,19.92,12.7,0.383
257,FC_MAD1,IXD_MAD,1DC_MAD,SKU_0174,2024-09-07,15,forecast,5.0,False,10.25,10,reorder_point,2.9,False,6.83,7.2,0.683
258,FC_MAD1,IXD_MAD,1DC_MAD,SKU_0166,2024-09-07,181,forecast,3.1,False,147.15,119,reorder_point,2.2,False,96.75,8.9,0.813
259,FC_MAD1,IXD_MAD,1DC_MAD,SKU_0182,2024-09-07,66,forecast,9.6,True,46.6,48,reorder_point,0.6,False,33.89,6.8,0.706
260,FC_MAD2,IXD_MAD,1DC_MAD,SKU_0248,2024-09-07,81,forecast,10.8,False,87.32,40,reorder_point,1.8,False,43.12,8.8,1.078
261,FC_MAD2,IXD_MAD,1DC_MAD,SKU_0172,2024-09-07,64,forecast,13.6,False,14.85,48,reorder_point,1.2,False,11.14,11.8,0.232
262,FC_MAD2,IXD_MAD,1DC_MAD,SKU_0082,2024-09-07,78,forecast,7.8,False,83.69,44,reorder_point,2.9,False,47.21,6.9,1.073
263,FC_MAD2,IXD_MAD,1DC_MAD,SKU_0072,2024-09-07,79,forecast,13.2,False,78.45,52,reorder_point,2.0,False,51.64,8.4,0.993
264,FC_MAD2,IXD_MAD,1DC_MAD,SKU_0081,2024-09-07,21,forecast,8.4,False,11.34,12,reorder_point,2.8,False,6.48,10.1,0.54
265,FC_MAD2,IXD_MAD,1DC_MAD,SKU_0049,2024-09-07,55,forecast,5.5,True,7.75,44,reorder_point,2.3,False,6.2,12.6,0.141
266,FC_MAD2,IXD_MAD,1DC_MAD,SKU_0092,2024-09-07,89,forecast,9.2,False,40.05,42,reorder_point,2.3,False,18.9,8.4,0.45
267,FC_PAR1,IXD_PAR,1DC_BCN,SKU_0073,2024-09-07,56,forecast,4.9,False,35.06,44,reorder_point,2.7,False,27.54,4.3,0.626
268,FC_PAR1,IXD_PAR,1DC_BCN,SKU_0147,2024-09-07,151,forecast,13.1,False,57.98,125,reorder_point,0.7,False,48.0,6.1,0.384
269,FC_PAR1,IXD_PAR,1DC_BCN,SKU_0175,2024-09-07,145,forecast,7.1,False,84.1,111,reorder_point,1.3,True,64.38,5.8,0.58
270,FC_PAR1,IXD_PAR,1DC_BCN,SKU_0161,2024-09-07,235,forecast,9.5,True,99.88,142,reorder_point,2.1,False,60.35,9.2,0.425
271,FC_PAR1,IXD_PAR,1DC_BCN,SKU_0188,2024-09-07,89,forecast,13.0,False,75.12,42,reorder_point,2.7,False,35.45,7.8,0.844
272,FC_PAR1,IXD_PAR,1DC_BCN,SKU_0141,2024-09-07,88,forecast,7.2,False,16.63,42,reorder_point,2.9,False,7.94,11.7,0.189
273,FC_PAR1,IXD_PAR,1DC_BCN,SKU_0219,2024-09-07,15,forecast,7.3,False,12.54,13,reorder_point,2.9,False,10.87,7.5,0.836
274,FC_PAR1,IXD_PAR,1DC_BCN,SKU_0236,2024-09-07,62,forecast,10.5,False,36.58,49,reorder_point,2.6,False,28.91,11.6,0.59
275,FC_PAR2,IXD_PAR,1DC_AMS,SKU_0069,2024-09-07,72,forecast,7.7,False,31.82,51,reorder_point,2.0,False,22.54,8.0,0.442
276,FC_PAR2,IXD_PAR,1DC_AMS,SKU_0119,2024-09-07,205,forecast,10.1,False,37.72,141,reorder_point,1.8,False,25.94,8.7,0.184
277,FC_PAR2,IXD_PAR,1DC_AMS,SKU_0120,2024-09-07,67,forecast,13.0,False,26.46,42,reorder_point,0.8,False,16.59,9.7,0.395
278,FC_PAR2,IXD_PAR,1DC_AMS,SKU_0013,2024-09-07,71,forecast,13.1,False,58.22,47,reorder_point,1.5,False,38.54,6.7,0.82
279,FC_PAR2,IXD_PAR,1DC_AMS,SKU_0209,2024-09-07,59,forecast,5.8,False,29.09,47,reorder_point,0.8,False,23.17,9.0,0.493
280,FC_BER1,IXD_BER,1DC_MAD,SKU_0225,2024-09-07,78,forecast,6.5,False,34.4,50,reorder_point,1.6,False,22.05,9.5,0.441
281,FC_BER1,IXD_BER,1DC_MAD,SKU_0236,2024-09-07,84,forecast,5.1,False,8.9,50,reorder_point,2.0,False,5.3,10.2,0.106
282,FC_BER1,IXD_BER,1DC_MAD,SKU_0030,2024-09-07,133,forecast,10.2,False,109.86,122,reorder_point,2.1,False,100.77,9.9,0.826
283,FC_BER1,IXD_BER,1DC_MAD,SKU_0078,2024-09-07,19,forecast,13.7,False,2.17,13,reorder_point,2.2,False,1.48,8.2,0.114
284,FC_BER1,IXD_BER,1DC_MAD,SKU_0029,2024-09-07,220,forecast,10.7,False,75.24,108,reorder_point,1.7,False,36.94,9.4,0.342
285,FC_MUN1,IXD_MAD,1DC_MAD,SKU_0198,2024-09-07,182,forecast,8.2,True,174.72,113,reorder_point,0.9,False,108.48,10.5,0.96
286,FC_MUN1,IXD_MAD,1DC_MAD,SKU_0150,2024-09-07,59,forecast,6.2,False,55.93,45,reorder_point,1.3,False,42.66,8.0,0.948
287,FC_MUN1,IXD_MAD,1DC_MAD,SKU_0111,2024-09-07,237,forecast,12.3,False,163.77,129,reorder_point,1.9,False,89.14,6.4,0.691
288,FC_MUN1,IXD_MAD,1DC_MAD,SKU_0157,2024-09-07,23,forecast,13.0,False,15.55,11,reorder_point,0.7,True,7.44,8.7,0.676
289,FC_BCN1,IXD_BCN,1DC_BCN,SKU_0017,2024-09-08,16,forecast,10.1,False,4.18,11,reorder_point,2.1,False,2.87,6.7,0.261
290,FC_BCN1,IXD_BCN,1DC_BCN,SKU_0186,2024-09-08,57,forecast,6.8,False,40.01,43,reorder_point,2.8,False,30.19,9.1,0.702
291,FC_BCN1,IXD_BCN,1DC_BCN,SKU_0216,2024-09-08,78,forecast,8.2,False,35.88,50,reorder_point,1.5,False,23.0,10.9,0.46
292,FC_BCN1,IXD_BCN,1DC_BCN,SKU_0121,2024-09-08,81,forecast,12.3,False,18.55,44,reorder_point,2.4,False,10.08,7.6,0.229
293,FC_BCN1,IXD_BCN,1DC_BCN,SKU_0052,2024-09-08,148,forecast,8.4,False,67.93,141,reorder_point,1.7,False,64.72,2.1,0.459
294,FC_BCN1,IXD_BCN,1DC_BCN,SKU_0067,2024-09-08,63,forecast,4.7,False,33.45,52,reorder_point,0.6,False,27.61,6.1,0.531
295,FC_BCN2,IXD_BCN,1DC_BCN,SKU_0059,2024-09-08,145,forecast,5.5,False,36.4,120,reorder_point,1.4,False,30.12,9.5,0.251
296,FC_BCN2,IXD_BCN,1DC_BCN,SKU_0177,2024-09-08,22,forecast,9.6,False,23.39,10,reorder_point,2.9,False,10.63,7.5,1.063
297,FC_BCN2,IXD_BCN,1DC_BCN,SKU_0194,2024-09-08,143,forecast,4.2,False,104.39,136,reorder_point,2.9,False,99.28,9.3,0.73
298,FC_BCN2,IXD_BCN,1DC_BCN,SKU_0223,2024-09-08,57,forecast,7.0,False,55.29,50,reorder_point,2.4,False,48.5,8.7,0.97
299,FC_BCN2,IXD_BCN,1DC_BCN,SKU_0040,2024-09-08,201,forecast,6.7,False,182.71,138,reorder_point,1.6,False,125.44,8.7,0.909
300,FC_BCN2,IXD_BCN,1DC_BCN,SKU_0088,2024-09-08,61,forecast,4.9,False,21.04,50,reorder_point,1.5,False,17.25,7.2,0.345
301,FC_MAD1,IXD_MAD,1DC_MAD,SKU_0193,2024-09-08,70,forecast,11.7,False,54.74,46,reorder_point,2.8,False,35.97,10.6,0.782
302,FC_MAD1,IXD_MAD,1DC_MAD,SKU_0242,2024-09-08,135,forecast,4.6,True,56.02,137,reorder_point,2.9,False,56.85,7.9,0.415
303,FC_MAD1,IXD_MAD,1DC_MAD,SKU_0198,2024-09-08,149,forecast,3.7,False,121.14,131,reorder_point,2.1,False,106.5,10.9,0.813
304,FC_MAD1,IXD_MAD,1DC_MAD,SKU_0170,2024-09-08,226,forecast,13.7,False,185.77,139,reorder_point,2.3,False,114.26,9.4,0.822
305,FC_MAD1,IXD_MAD,1DC_MAD,SKU_0081,2024-09-08,23,forecast,3.1,False,14.81,12,reorder_point,2.8,False,7.73,7.3,0.644
306,FC_MAD1,IXD_MAD,1DC_MAD,SKU_0202,2024-09-08,198,forecast,7.9,False,194.24,137,reorder_point,2.1,False,134.4,8.9,0.981
307,FC_MAD1,IXD_MAD,1DC_MAD,SKU_0022,2024-09-08,13,forecast,6.7,False,8.48,13,reorder_point,0.8,False,8.48,8.3,0.652
308,FC_MAD1,IXD_MAD,1DC_MAD,SKU_0134,2024-09-08,63,forecast,10.0,True,58.72,52,reorder_point,1.8,False,48.46,9.3,0.932
309,FC_MAD2,IXD_MAD,1DC_MAD,SKU_0186,2024-09-08,66,forecast,8.6,False,68.71,51,reorder_point,1.1,False,53.09,10.7,1.041
310,FC_MAD2,IXD_MAD,1DC_MAD,SKU_0115,2024-09-08,61,forecast,11.1,False,40.63,53,reorder_point,2.5,False,35.3,10.6,0.666
311,FC_MAD2,IXD_MAD,1DC_MAD,SKU_0229,2024-09-08,233,forecast,10.3,False,55.92,116,reorder_point,1.2,False,27.84,9.4,0.24
312,FC_MAD2,IXD_MAD,1DC_MAD,SKU_0097,2024-09-08,18,forecast,5.7,False,3.56,12,reorder_point,2.6,False,2.38,6.3,0.198
313,FC_PAR1,IXD_PAR,1DC_AMS,SKU_0106,2024-09-08,52,forecast,3.7,False,32.19,46,reorder_point,1.6,False,28.47,6.1,0.619
314,FC_PAR1,IXD_PAR,1DC_AMS,SKU_0102,2024-09-08,22,forecast,9.4,False,18.3,14,reorder_point,2.2,False,11.65,8.1,0.832
315,FC_PAR1,IXD_PAR,1DC_AMS,SKU_0107,2024-09-08,82,forecast,4.6,False,25.67,50,reorder_point,0.8,False,15.65,9.1,0.313
316,FC_PAR1,IXD_PAR,1DC_AMS,SKU_0122,2024-09-08,50,forecast,4.7,False,10.5,52,reorder_point,0.8,False,10.92,7.8,0.21
317,FC_PAR1,IXD_PAR,1DC_AMS,SKU_0095,2024-09-08,193,forecast,3.4,False,46.71,121,reorder_point,3.0,False,29.28,5.3,0.242
318,FC_PAR1,IXD_PAR,1DC_AMS,SKU_0151,2024-09-08,66,forecast,13.3,False,6.73,44,reorder_point,1.0,False,4.49,8.8,0.102
319,FC_PAR1,IXD_PAR,1DC_AMS,SKU_0141,2024-09-08,63,forecast,12.6,False,51.66,48,reorder_point,1.9,False,39.36,8.9,0.82
320,FC_PAR1,IXD_PAR,1DC_AMS,SKU_0156,2024-09-08,54,forecast,4.5,False,44.71,50,reorder_point,2.2,False,41.4,6.5,0.828
321,FC_PAR2,IXD_PAR,1DC_MAD,SKU_0160,2024-09-08,20,forecast,7.5,False,14.92,12,reorder_point,1.9,False,8.95,10.8,0.746
322,FC_PAR2,IXD_PAR,1DC_MAD,SKU_0222,2024-09-08,56,forecast,3.3,False,41.66,50,reorder_point,1.3,False,37.2,6.6,0.744
323,FC_PAR2,IXD_PAR,1DC_MAD,SKU_0022,2024-09-08,15,forecast,9.8,False,3.3,10,reorder_point,1.9,False,2.2,4.7,0.22
324,FC_PAR2,IXD_PAR,1DC_MAD,SKU_0240,2024-09-08,18,forecast,13.6,False,12.24,11,reorder_point,2.6,False,7.48,9.1,0.68
325,FC_PAR2,IXD_PAR,1DC_MAD,SKU_0022,2024-09-08,21,forecast,9.7,False,20.16,10,reorder_point,2.7,True,9.6,6.8,0.96
326,FC_PAR2,IXD_PAR,1DC_MAD,SKU_0082,2024-09-08,64,forecast,4.0,False,55.55,47,reorder_point,1.2,False,40.8,9.2,0.868
327,FC_PAR2,IXD_PAR,1DC_MAD,SKU_0040,2024-09-08,165,forecast,7.5,False,69.3,130,reorder_point,1.3,True,54.6,10.2,0.42
328,FC_PAR2,IXD_PAR,1DC_MAD,SKU_0106,2024-09-08,85,forecast,5.8,False,59.24,52,reorder_point,0.6,False,36.24,9.1,0.697
329,FC_BER1,IXD_BER,1DC_BCN,SKU_0131,2024-09-08,79,forecast,7.2,False,26.39,41,reorder_point,1.7,False,13.69,6.7,0.334
330,FC_BER1,IXD_BER,1DC_BCN,SKU_0227,2024-09-08,134,forecast,9.1,False,30.28,111,reorder_point,2.4,False,25.09,8.7,0.226
331,FC_BER1,IXD_BER,1DC_BCN,SKU_0146,2024-09-08,175,forecast,3.9,False,111.65,115,reorder_point,2.9,False,73.37,11.6,0.638
332,FC_BER1,IXD_BER,1DC_BCN,SKU_0109,2024-09-08,88,forecast,9.1,True,66.26,51,reorder_point,2.9,False,38.4,8.2,0.753
333,FC_BER1,IXD_BER,1DC_BCN,SKU_0043,2024-09-08,13,forecast,13.3,False,8.91,12,reorder_point,2.6,False,8.22,7.0,0.685
334,FC_MUN1,IXD_PAR,1DC_MAD,SKU_0190,2024-09-08,71,forecast,3.8,False,78.03,49,reorder_point,2.6,False,53.85,10.5,1.099
335,FC_MUN1,IXD_PAR,1DC_MAD,SKU_0225,2024-09-08,66,forecast,9.7,False,36.5,44,reorder_point,2.2,False,24.33,8.3,0.553
336,FC_MUN1,IXD_PAR,1DC_MAD,SKU_0063,2024-09-08,76,forecast,6.5,False,17.78,53,reorder_point,1.3,False,12.4,11.5,0.234
337,FC_BCN1,IXD_BCN,1DC_BCN,SKU_0156,2024-09-09,68,forecast,12.9,False,60.32,46,reorder_point,2.7,False,40.8,8.7,0.887
338,FC_BCN1,IXD_BCN,1DC_BCN,SKU_0167,2024-09-09,75,forecast,8.9,False,80.4,51,reorder_point,1.6,False,54.67,6.3,1.072
339,FC_BCN2,IXD_BCN,1DC_BCN,SKU_0212,2024-09-09,196,forecast,7.3,False,21.36,137,reorder_point,3.0,False,14.93,7.7,0.109
340,FC_BCN2,IXD_BCN,1DC_BCN,SKU_0191,2024-09-09,134,forecast,6.1,False,54.0,120,reorder_point,0.7,False,48.36,9.4,0.403
341,FC_BCN2,IXD_BCN,1DC_BCN,SKU_0184,2024-09-09,155,forecast,13.8,False,168.02,109,reorder_point,1.7,False,118.16,8.3,1.084
342,FC_BCN2,IXD_BCN,1DC_BCN,SKU_0164,2024-09-09,17,forecast,12.6,False,11.32,12,reorder_point,1.9,False,7.99,8.4,0.666
343,FC_BCN2,IXD_BCN,1DC_BCN,SKU_0175,2024-09-09,197,forecast,4.9,False,163.31,134,reorder_point,0.8,False,111.09,10.8,0.829
344,FC_MAD1,IXD_MAD,1DC_MAD,SKU_0050,2024-09-09,223,forecast,3.3,False,219.21,132,reorder_point,2.0,False,129.76,5.6,0.983
345,FC_MAD1,IXD_MAD,1DC_MAD,SKU_0001,2024-09-09,233,forecast,10.1,False,181.74,109,reorder_point,2.8,False,85.02,9.9,0.78
346,FC_MAD1,IXD_MAD,1DC_MAD,SKU_0120,2024-09-09,69,forecast,8.7,True,43.61,50,reorder_point,0.6,False,31.6,8.5,0.632
347,FC_MAD1,IXD_MAD,1DC_MAD,SKU_0081,2024-09-09,13,forecast,5.1,False,2.26,12,reorder_point,0.6,False,2.09,10.4,0.174
348,FC_MAD2,IXD_MAD,1DC_MAD,SKU_0051,2024-09-09,56,forecast,6.4,False,38.81,41,reorder_point,1.7,False,28.41,8.2,0.693
349,FC_MAD2,IXD_MAD,1DC_MAD,SKU_0161,2024-09-09,232,forecast,12.2,False,78.18,125,reorder_point,2.9,False,42.12,9.4,0.337
350,FC_MAD2,IXD_MAD,1DC_MAD,SKU_0019,2024-09-09,80,forecast,9.8,False,12.88,48,reorder_point,1.9,False,7.73,6.5,0.161
351,FC_PAR1,IXD_PAR,1DC_MAD,SKU_0081,2024-09-09,22,forecast,10.6,False,4.44,11,reorder_point,2.5,False,2.22,7.0,0.202
352,FC_PAR1,IXD_PAR,1DC_MAD,SKU_0015,2024-09-09,72,forecast,6.2,False,50.4,41,reorder_point,2.4,False,28.7,7.3,0.7
353,FC_PAR1,IXD_PAR,1DC_MAD,SKU_0169,2024-09-09,74,forecast,8.0,False,9.32,46,reorder_point,2.1,False,5.8,6.9,0.126
354,FC_PAR1,IXD_PAR,1DC_MAD,SKU_0133,2024-09-09,62,forecast,5.1,False,18.23,48,reorder_point,0.7,False,14.11,6.3,0.294
355,FC_PAR1,IXD_PAR,1DC_MAD,SKU_0147,2024-09-09,145,forecast,8.6,False,33.06,125,reorder_point,2.1,False,28.5,8.9,0.228
356,FC_PAR2,IXD_PAR,1DC_MUC,SKU_0132,2024-09-09,88,forecast,11.3,False,35.99,52,reorder_point,2.4,False,21.27,8.9,0.409
357,FC_PAR2,IXD_PAR,1DC_MUC,SKU_0088,2024-09-09,61,forecast,13.7,False,9.46,49,reorder_point,0.9,False,7.59,9.5,0.155
358,FC_PAR2,IXD_PAR,1DC_MUC,SKU_0089,2024-09-09,153,forecast,5.2,False,121.64,136,reorder_point,1.4,False,108.12,6.4,0.795
359,FC_PAR2,IXD_PAR,1DC_MUC,SKU_0120,2024-09-09,73,forecast,6.6,False,64.9,53,reorder_point,2.0,False,47.12,9.5,0.889
360,FC_PAR2,IXD_PAR,1DC_MUC,SKU_0011,2024-09-09,69,forecast,13.1,False,40.09,49,reorder_point,1.7,False,28.47,10.2,0.581
361,FC_BER1,IXD_BER,1DC_CDG,SKU_0190,2024-09-09,64,forecast,7.4,False,34.56,40,reorder_point,0.5,False,21.6,7.6,0.54
362,FC_BER1,IXD_BER,1DC_CDG,SKU_0162,2024-09-09,73,forecast,11.4,True,71.91,40,reorder_point,1.0,False,39.4,8.2,0.985
363,FC_BER1,IXD_BER,1DC_CDG,SKU_0185,2024-09-09,150,forecast,12.3,False,35.55,115,reorder_point,0.9,False,27.25,11.2,0.237
364,FC_BER1,IXD_BER,1DC_CDG,SKU_0168,2024-09-09,81,forecast,4.2,False,61.64,44,reorder_point,1.1,False,33.48,10.5,0.761
365,FC_BER1,IXD_BER,1DC_CDG,SKU_0241,2024-09-09,18,forecast,11.8,False,5.22,12,reorder_point,2.3,False,3.48,9.2,0.29
366,FC_BER1,IXD_BER,1DC_CDG,SKU_0137,2024-09-09,64,forecast,7.1,False,45.82,53,reorder_point,1.1,False,37.95,7.9,0.716
367,FC_BER1,IXD_BER,1DC_CDG,SKU_0049,2024-09-09,84,forecast,6.2,False,57.46,43,reorder_point,2.1,False,29.41,10.0,0.684
368,FC_BER1,IXD_BER,1DC_CDG,SKU_0126,2024-09-09,154,forecast,3.9,False,131.05,131,reorder_point,0.7,False,111.48,10.0,0.851
369,FC_MUN1,IXD_PAR,1DC_AMS,SKU_0119,2024-09-09,151,forecast,10.8,False,134.54,125,reorder_point,2.9,False,111.38,6.3,0.891
370,FC_MUN1,IXD_PAR,1DC_AMS,SKU_0167,2024-09-09,50,forecast,5.4,False,49.45,52,reorder_point,1.5,False,51.43,7.2,0.989
371,FC_MUN1,IXD_PAR,1DC_AMS,SKU_0147,2024-09-09,148,forecast,12.3,False,20.87,111,reorder_point,2.4,False,15.65,7.2,0.141
372,FC_MUN1,IXD_PAR,1DC_AMS,SKU_0132,2024-09-09,74,forecast,7.7,False,35.67,46,reorder_point,2.5,False,22.17,8.3,0.482
373,FC_MUN1,IXD_PAR,1DC_AMS,SKU_0046,2024-09-09,17,forecast,5.9,True,6.39,14,reorder_point,1.2,False,5.26,7.8,0.376
374,FC_MUN1,IXD_PAR,1DC_AMS,SKU_0059,2024-09-09,142,forecast,3.8,True,57.23,115,reorder_point,1.0,False,46.35,8.3,0.403
375,FC_BCN1,IXD_BCN,1DC_BCN,SKU_0197,2024-09-10,205,forecast,6.0,False,22.34,143,reorder_point,3.0,False,15.59,8.2,0.109
376,FC_BCN1,IXD_BCN,1DC_BCN,SKU_0077,2024-09-10,162,forecast,6.8,False,18.14,142,reorder_point,2.6,False,15.9,4.5,0.112
377,FC_BCN1,IXD_BCN,1DC_BCN,SKU_0168,2024-09-10,70,forecast,11.4,False,62.02,45,reorder_point,1.1,False,39.87,6.4,0.886
378,FC_BCN1,IXD_BCN,1DC_BCN,SKU_0194,2024-09-10,182,forecast,12.0,False,189.64,111,reorder_point,2.6,False,115.66,8.8,1.042
379,FC_BCN1,IXD_BCN,1DC_BCN,SKU_0107,2024-09-10,57,forecast,7.9,False,51.87,45,reorder_point,1.9,False,40.95,8.7,0.91
380,FC_BCN1,IXD_BCN,1DC_BCN,SKU_0214,2024-09-10,17,forecast,5.5,False,6.8,13,reorder_point,2.4,False,5.2,8.4,0.4
381,FC_BCN1,IXD_BCN,1DC_BCN,SKU_0151,2024-09-10,50,forecast,11.6,False,35.4,42,reorder_point,2.9,False,29.74,6.8,0.708
382,FC_BCN1,IXD_BCN,1DC_BCN,SKU_0222,2024-09-10,65,forecast,7.2,False,27.88,41,reorder_point,1.5,False,17.59,6.7,0.429
383,FC_BCN2,IXD_BCN,1DC_BCN,SKU_0164,2024-09-10,22,forecast,4.0,False,3.72,12,reorder_point,0.6,False,2.03,7.3,0.169
384,FC_BCN2,IXD_BCN,1DC_BCN,SKU_0247,2024-09-10,173,forecast,5.3,False,19.2,126,reorder_point,1.6,False,13.99,8.6,0.111
385,FC_BCN2,IXD_BCN,1DC_BCN,SKU_0084,2024-09-10,84,forecast,7.5,False,81.14,41,reorder_point,1.8,False,39.61,12.6,0.966
386,FC_BCN2,IXD_BCN,1DC_BCN,SKU_0034,2024-09-10,84,forecast,6.4,False,34.44,49,reorder_point,0.9,False,20.09,10.4,0.41
387,FC_BCN2,IXD_BCN,1DC_BCN,SKU_0052,2024-09-10,186,forecast,10.5,False,116.44,108,reorder_point,0.9,False,67.61,5.9,0.626
388,FC_MAD1,IXD_MAD,1DC_MAD,SKU_0226,2024-09-10,185,forecast,8.1,True,82.7,111,reorder_point,2.1,False,49.62,10.4,0.447
389,FC_MAD1,IXD_MAD,1DC_MAD,SKU_0216,2024-09-10,78,forecast,6.3,False,43.52,51,reorder_point,0.9,False,28.46,10.9,0.558
390,FC_MAD1,IXD_MAD,1DC_MAD,SKU_0234,2024-09-10,20,forecast,10.7,False,5.16,13,reorder_point,0.6,False,3.35,6.8,0.258
391,FC_MAD1,IXD_MAD,1DC_MAD,SKU_0226,2024-09-10,199,forecast,6.2,False,129.95,133,reorder_point,2.3,False,86.85,2.9,0.653
392,FC_MAD1,IXD_MAD,1DC_MAD,SKU_0095,2024-09-10,140,forecast,4.2,False,84.84,119,reorder_point,1.6,False,72.11,8.7,0.606
393,FC_MAD1,IXD_MAD,1DC_MAD,SKU_0119,2024-09-10,134,forecast,10.0,False,47.03,124,reorder_point,1.4,False,43.52,8.7,0.351
394,FC_MAD2,IXD_MAD,1DC_MAD,SKU_0235,2024-09-10,55,forecast,10.4,False,44.77,46,reorder_point,0.7,False,37.44,9.0,0.814
395,FC_MAD2,IXD_MAD,1DC_MAD,SKU_0113,2024-09-10,14,forecast,12.0,False,6.87,11,reorder_point,0.5,False,5.4,7.9,0.491
396,FC_MAD2,IXD_MAD,1DC_MAD,SKU_0020,2024-09-10,204,forecast,3.1,False,202.57,123,reorder_point,0.9,False,122.14,10.6,0.993
397,FC_MAD2,IXD_MAD,1DC_MAD,SKU_0137,2024-09-10,58,forecast,10.7,False,23.66,51,reorder_point,2.1,False,20.81,9.9,0.408
398,FC_MAD2,IXD_MAD,1DC_MAD,SKU_0014,2024-09-10,73,forecast,3.5,False,21.9,43,reorder_point,1.1,False,12.9,7.4,0.3
399,FC_MAD2,IXD_MAD,1DC_MAD,SKU_0005,2024-09-10,177,forecast,13.9,False,164.61,114,reorder_point,2.2,False,106.02,10.9,0.93
400,FC_MAD2,IXD_MAD,1DC_MAD,SKU_0043,2024-09-10,21,forecast,3.5,False,15.22,13,reorder_point,1.3,False,9.42,6.3,0.725
401,FC_PAR1,IXD_PAR,1DC_MUC,SKU_0241,2024-09-10,17,forecast,5.6,False,5.44,11,reorder_point,0.5,False,3.52,9.7,0.32
402,FC_PAR1,IXD_PAR,1DC_MUC,SKU_0169,2024-09-10,82,forecast,10.1,False,57.32,41,reorder_point,1.0,False,28.66,8.6,0.699
403,FC_PAR1,IXD_PAR,1DC_MUC,SKU_0027,2024-09-10,20,forecast,11.7,False,9.78,12,reorder_point,1.1,False,5.87,7.4,0.489
404,FC_PAR1,IXD_PAR,1DC_MUC,SKU_0237,2024-09-10,23,forecast,10.6,False,21.9,13,reorder_point,2.7,False,12.38,10.8,0.952
405,FC_PAR1,IXD_PAR,1DC_MUC,SKU_0124,2024-09-10,52,forecast,3.2,False,5.88,46,reorder_point,1.8,False,5.2,5.7,0.113
406,FC_PAR2,IXD_PAR,1DC_MAD,SKU_0195,2024-09-10,85,forecast,6.4,False,40.38,50,reorder_point,2.0,False,23.75,8.4,0.475
407,FC_PAR2,IXD_PAR,1DC_MAD,SKU_0076,2024-09-10,153,forecast,7.1,False,35.8,116,reorder_point,2.3,False,27.14,5.0,0.234
408,FC_PAR2,IXD_PAR,1DC_MAD,SKU_0082,2024-09-10,75,forecast,11.4,False,9.3,53,reorder_point,2.1,False,6.57,9.8,0.124
409,FC_PAR2,IXD_PAR,1DC_MAD,SKU_0217,2024-09-10,79,forecast,6.8,False,25.44,41,reorder_point,2.8,False,13.2,9.4,0.322
410,FC_PAR2,IXD_PAR,1DC_MAD,SKU_0224,2024-09-10,173,forecast,6.5,False,50.52,108,reorder_point,2.7,False,31.54,5.9,0.292
411,FC_PAR2,IXD_PAR,1DC_MAD,SKU_0163,2024-09-10,89,forecast,13.3,False,46.81,42,reorder_point,1.9,False,22.09,9.1,0.526
412,FC_BER1,IXD_BER,1DC_AMS,SKU_0043,2024-09-10,20,forecast,5.7,False,14.72,11,reorder_point,1.2,False,8.1,10.6,0.736
413,FC_BER1,IXD_BER,1DC_AMS,SKU_0070,2024-09-10,84,forecast,8.3,False,44.77,45,reorder_point,1.4,False,23.99,6.3,0.533
414,FC_BER1,IXD_BER,1DC_AMS,SKU_0040,2024-09-10,220,forecast,11.7,True,224.84,121,reorder_point,2.6,False,123.66,9.7,1.022
415,FC_BER1,IXD_BER,1DC_AMS,SKU_0153,2024-09-10,190,forecast,9.1,False,82.27,121,reorder_point,1.3,False,52.39,6.6,0.433
416,FC_MUN1,IXD_BER,1DC_BCN,SKU_0235,2024-09-10,57,forecast,3.1,False,59.28,50,reorder_point,1.7,False,52.0,7.7,1.04
417,FC_MUN1,IXD_BER,1DC_BCN,SKU_0249,2024-09-10,79,forecast,7.2,False,81.53,53,reorder_point,0.7,False,54.7,9.4,1.032
418,FC_MUN1,IXD_BER,1DC_BCN,SKU_0042,2024-09-10,15,forecast,7.8,False,8.83,14,reorder_point,2.3,False,8.25,8.5,0.589
419,FC_BCN1,IXD_BCN,1DC_BCN,SKU_0095,2024-09-11,207,forecast,10.2,False,160.63,134,reorder_point,1.1,True,103.98,9.5,0.776
420,FC_BCN1,IXD_BCN,1DC_BCN,SKU_0179,2024-09-11,20,forecast,4.6,False,13.56,14,reorder_point,0.9,False,9.49,6.2,0.678
421,FC_BCN1,IXD_BCN,1DC_BCN,SKU_0170,2024-09-11,222,forecast,3.1,False,137.42,131,reorder_point,2.8,False,81.09,5.2,0.619
422,FC_BCN1,IXD_BCN,1DC_BCN,SKU_0049,2024-09-11,84,forecast,4.8,False,82.91,49,reorder_point,1.8,False,48.36,6.5,0.987
423,FC_BCN1,IXD_BCN,1DC_BCN,SKU_0151,2024-09-11,61,forecast,7.5,False,14.82,50,reorder_point,0.7,False,12.15,8.8,0.243
424,FC_BCN1,IXD_BCN,1DC_BCN,SKU_0192,2024-09-11,57,forecast,11.2,False,11.23,40,reorder_point,0.9,False,7.88,6.9,0.197
425,FC_BCN1,IXD_BCN,1DC_BCN,SKU_0199,2024-09-11,77,forecast,8.8,False,21.71,50,reorder_point,0.9,False,14.1,8.2,0.282
426,FC_BCN2,IXD_BCN,1DC_BCN,SKU_0116,2024-09-11,193,forecast,5.3,False,209.02,134,reorder_point,2.5,False,145.12,7.4,1.083
427,FC_BCN2,IXD_BCN,1DC_BCN,SKU_0224,2024-09-11,176,forecast,9.9,False,77.79,139,reorder_point,0.9,False,61.44,7.5,0.442
428,FC_MAD1,IXD_MAD,1DC_MAD,SKU_0061,2024-09-11,183,forecast,10.4,False,124.81,110,reorder_point,2.4,True,75.02,9.5,0.682
429,FC_MAD1,IXD_MAD,1DC_MAD,SKU_0011,2024-09-11,53,forecast,8.7,True,23.16,48,reorder_point,3.0,False,20.98,10.4,0.437
430,FC_MAD1,IXD_MAD,1DC_MAD,SKU_0110,2024-09-11,63,forecast,10.5,False,31.37,44,reorder_point,1.1,False,21.91,7.7,0.498
431,FC_MAD1,IXD_MAD,1DC_MAD,SKU_0157,2024-09-11,13,forecast,6.9,False,3.11,11,reorder_point,1.6,False,2.63,7.9,0.239
432,FC_MAD1,IXD_MAD,1DC_MAD,SKU_0155,2024-09-11,54,forecast,8.8,False,42.44,50,reorder_point,1.1,False,39.3,4.8,0.786
433,FC_MAD1,IXD_MAD,1DC_MAD,SKU_0223,2024-09-11,68,forecast,7.5,False,9.93,53,reorder_point,2.9,False,7.74,10.2,0.146
434,FC_MAD2,IXD_MAD,1DC_MAD,SKU_0189,2024-09-11,62,forecast,7.9,False,32.74,45,reorder_point,2.0,False,23.76,8.7,0.528
435,FC_MAD2,IXD_MAD,1DC_MAD,SKU_0239,2024-09-11,23,forecast,8.2,False,22.31,13,reorder_point,0.8,False,12.61,6.3,0.97
436,FC_MAD2,IXD_MAD,1DC_MAD,SKU_0225,2024-09-11,72,forecast,12.4,False,55.66,42,reorder_point,2.5,False,32.47,6.7,0.773
437,FC_MAD2,IXD_MAD,1DC_MAD,SKU_0141,2024-09-11,89,forecast,8.1,False,92.92,53,reorder_point,1.7,False,55.33,8.5,1.044
438,FC_MAD2,IXD_MAD,1DC_MAD,SKU_0180,2024-09-11,141,forecast,7.8,False,122.11,113,reorder_point,2.8,False,97.86,9.6,0.866
439,FC_MAD2,IXD_MAD,1DC_MAD,SKU_0057,2024-09-11,78,forecast,10.3,False,69.89,49,reorder_point,2.2,False,43.9,7.1,0.896
440,FC_MAD2,IXD_MAD,1DC_MAD,SKU_0086,2024-09-11,22,forecast,13.2,False,17.97,12,reorder_point,2.1,False,9.8,6.9,0.817
441,FC_MAD2,IXD_MAD,1DC_MAD,SKU_0189,2024-09-11,78,forecast,10.2,False,16.46,53,reorder_point,1.6,False,11.18,8.4,0.211
442,FC_PAR1,IXD_PAR,1DC_CDG,SKU_0152,2024-09-11,87,forecast,11.2,False,58.9,45,reorder_point,2.6,False,30.47,10.0,0.677
443,FC_PAR1,IXD_PAR,1DC_CDG,SKU_0001,2024-09-11,165,forecast,9.5,False,37.29,121,reorder_point,1.6,False,27.35,9.7,0.226
444,FC_PAR1,IXD_PAR,1DC_CDG,SKU_0170,2024-09-11,196,forecast,5.4,False,204.43,127,reorder_point,1.7,False,132.46,4.5,1.043
445,FC_PAR1,IXD_PAR,1DC_CDG,SKU_0215,2024-09-11,58,forecast,10.5,False,24.36,44,reorder_point,2.4,False,18.48,8.7,0.42
446,FC_PAR1,IXD_PAR,1DC_CDG,SKU_0129,2024-09-11,89,forecast,4.4,False,52.95,50,reorder_point,1.7,False,29.75,8.1,0.595
447,FC_PAR1,IXD_PAR,1DC_CDG,SKU_0181,2024-09-11,236,forecast,3.6,False,197.3,113,reorder_point,2.3,False,94.47,9.7,0.836
448,FC_PAR1,IXD_PAR,1DC_CDG,SKU_0237,2024-09-11,22,forecast,5.0,False,20.88,12,reorder_point,3.0,False,11.39,8.0,0.949
449,FC_PAR2,IXD_PAR,1DC_MAD,SKU_0101,2024-09-11,16,forecast,10.5,False,4.72,13,reorder_point,1.5,False,3.83,7.9,0.295
450,FC_PAR2,IXD_PAR,1DC_MAD,SKU_0220,2024-09-11,191,forecast,4.1,False,197.68,136,reorder_point,2.7,False,140.76,11.2,1.035
451,FC_PAR2,IXD_PAR,1DC_MAD,SKU_0078,2024-09-11,18,forecast,4.8,False,15.03,13,reorder_point,1.2,False,10.86,9.1,0.835
452,FC_PAR2,IXD_PAR,1DC_MAD,SKU_0003,2024-09-11,64,forecast,12.4,False,69.31,51,reorder_point,2.6,False,55.23,11.4,1.083
453,FC_PAR2,IXD_PAR,1DC_MAD,SKU_0174,2024-09-11,22,forecast,13.2,False,15.25,14,reorder_point,0.9,False,9.7,11.1,0.693
454,FC_PAR2,IXD_PAR,1DC_MAD,SKU_0249,2024-09-11,55,forecast,10.9,False,38.28,42,reorder_point,1.5,False,29.23,8.2,0.696
455,FC_BER1,IXD_BER,1DC_BCN,SKU_0191,2024-09-11,172,forecast,10.6,False,129.52,131,reorder_point,2.4,False,98.64,7.7,0.753
456,FC_BER1,IXD_BER,1DC_BCN,SKU_0095,2024-09-11,133,forecast,4.3,False,91.37,131,reorder_point,2.8,False,90.0,7.3,0.687
457,FC_BER1,IXD_BER,1DC_BCN,SKU_0147,2024-09-11,183,forecast,10.6,False,41.18,129,reorder_point,1.5,False,29.03,8.1,0.225
458,FC_BER1,IXD_BER,1DC_BCN,SKU_0084,2024-09-11,52,forecast,13.0,False,34.11,42,reorder_point,2.5,True,27.55,7.1,0.656
459,FC_BER1,IXD_BER,1DC_BCN,SKU_0138,2024-09-11,81,forecast,8.8,True,24.87,51,reorder_point,1.8,False,15.66,6.8,0.307
460,FC_BER1,IXD_BER,1DC_BCN,SKU_0169,2024-09-11,85,forecast,5.0,False,18.96,42,reorder_point,1.9,False,9.37,6.0,0.223
461,FC_BER1,IXD_BER,1DC_BCN,SKU_0033,2024-09-11,19,forecast,10.2,False,20.25,11,reorder_point,2.4,False,11.73,9.6,1.066
462,FC_MUN1,IXD_MAD,1DC_AMS,SKU_0001,2024-09-11,158,forecast,3.5,False,37.92,140,reorder_point,1.2,False,33.6,9.6,0.24
463,FC_MUN1,IXD_MAD,1DC_AMS,SKU_0126,2024-09-11,207,forecast,8.7,False,69.76,120,reorder_point,1.8,False,40.44,11.2,0.337
464,FC_MUN1,IXD_MAD,1DC_AMS,SKU_0049,2024-09-11,55,forecast,12.4,False,20.73,42,reorder_point,1.9,False,15.83,10.4,0.377
465,FC_MUN1,IXD_MAD,1DC_AMS,SKU_0187,2024-09-11,74,forecast,3.8,False,38.85,45,reorder_point,2.8,False,23.62,9.7,0.525
466,FC_MUN1,IXD_MAD,1DC_AMS,SKU_0178,2024-09-11,14,forecast,5.2,False,11.4,11,reorder_point,2.1,False,8.95,9.2,0.814
467,FC_MUN1,IXD_MAD,1DC_AMS,SKU_0145,2024-09-11,76,forecast,12.0,False,53.5,46,reorder_point,0.9,False,32.38,8.1,0.704
468,FC_MUN1,IXD_MAD,1DC_AMS,SKU_0020,2024-09-11,161,forecast,8.8,False,162.45,122,reorder_point,1.3,False,123.1,8.7,1.009
469,FC_BCN1,IXD_BCN,1DC_BCN,SKU_0070,2024-09-12,55,forecast,11.8,False,12.32,41,reorder_point,2.9,False,9.18,11.5,0.224
470,FC_BCN1,IXD_BCN,1DC_BCN,SKU_0135,2024-09-12,21,forecast,6.4,False,20.27,12,reorder_point,1.8,False,11.58,7.6,0.965
471,FC_BCN1,IXD_BCN,1DC_BCN,SKU_0142,2024-09-12,60,forecast,4.1,True,53.34,44,reorder_point,2.4,False,39.12,9.4,0.889
472,FC_BCN1,IXD_BCN,1DC_BCN,SKU_0142,2024-09-12,73,forecast,12.3,False,18.62,42,reorder_point,0.5,False,10.71,6.0,0.255
473,FC_BCN1,IXD_BCN,1DC_BCN,SKU_0033,2024-09-12,14,forecast,9.2,False,7.25,14,reorder_point,2.1,False,7.25,9.0,0.518
474,FC_BCN1,IXD_BCN,1DC_BCN,SKU_0118,2024-09-12,56,forecast,13.8,False,58.35,47,reorder_point,1.2,False,48.97,5.8,1.042
475,FC_BCN1,IXD_BCN,1DC_BCN,SKU_0226,2024-09-12,231,forecast,5.5,False,40.89,111,reorder_point,1.3,False,19.65,9.9,0.177
476,FC_BCN1,IXD_BCN,1DC_BCN,SKU_0062,2024-09-12,87,forecast,4.8,True,84.74,50,reorder_point,1.9,False,48.7,6.4,0.974
477,FC_BCN2,IXD_BCN,1DC_BCN,SKU_0174,2024-09-12,18,forecast,11.0,False,12.89,12,reorder_point,3.0,False,8.59,7.9,0.716
478,FC_BCN2,IXD_BCN,1DC_BCN,SKU_0234,2024-09-12,22,forecast,3.1,False,16.74,12,reorder_point,1.4,False,9.13,6.8,0.761
479,FC_BCN2,IXD_BCN,1DC_BCN,SKU_0236,2024-09-12,82,forecast,12.7,False,51.17,48,reorder_point,2.0,False,29.95,6.8,0.624
480,FC_BCN2,IXD_BCN,1DC_BCN,SKU_0058,2024-09-12,15,forecast,7.0,False,4.05,12,reorder_point,0.6,False,3.24,5.2,0.27
481,FC_BCN2,IXD_BCN,1DC_BCN,SKU_0249,2024-09-12,54,forecast,13.1,False,16.9,47,reorder_point,2.4,False,14.71,8.0,0.313
482,FC_MAD1,IXD_MAD,1DC_MAD,SKU_0162,2024-09-12,72,forecast,5.4,False,9.72,53,reorder_point,2.1,False,7.16,9.9,0.135
483,FC_MAD1,IXD_MAD,1DC_MAD,SKU_0119,2024-09-12,228,forecast,12.3,True,187.42,108,reorder_point,1.7,False,88.78,9.8,0.822
484,FC_MAD1,IXD_MAD,1DC_MAD,SKU_0103,2024-09-12,63,forecast,4.1,False,14.11,41,reorder_point,1.8,False,9.18,9.5,0.224
485,FC_MAD1,IXD_MAD,1DC_MAD,SKU_0125,2024-09-12,49,forecast,11.5,False,18.08,46,reorder_point,1.4,False,16.97,10.2,0.369
486,FC_MAD1,IXD_MAD,1DC_MAD,SKU_0113,2024-09-12,20,forecast,7.8,False,16.18,13,reorder_point,0.5,False,10.52,7.1,0.809
487,FC_MAD1,IXD_MAD,1DC_MAD,SKU_0029,2024-09-12,152,forecast,3.4,False,116.28,134,reorder_point,2.8,False,102.51,9.1,0.765
488,FC_MAD1,IXD_MAD,1DC_MAD,SKU_0069,2024-09-12,54,forecast,8.4,False,47.52,49,reorder_point,0.8,False,43.12,10.5,0.88
489,FC_MAD2,IXD_MAD,1DC_MAD,SKU_0129,2024-09-12,78,forecast,11.2,False,8.89,42,reorder_point,2.9,False,4.79,9.7,0.114
490,FC_MAD2,IXD_MAD,1DC_MAD,SKU_0176,2024-09-12,59,forecast,10.5,False,22.95,53,reorder_point,2.3,False,20.62,9.7,0.389
491,FC_MAD2,IXD_MAD,1DC_MAD,SKU_0125,2024-09-12,52,forecast,7.7,False,41.65,50,reorder_point,1.0,False,40.05,9.6,0.801
492,FC_MAD2,IXD_MAD,1DC_MAD,SKU_0171,2024-09-12,220,forecast,5.2,False,61.82,137,reorder_point,2.3,False,38.5,9.4,0.281
493,FC_MAD2,IXD_MAD,1DC_MAD,SKU_0219,2024-09-12,19,forecast,10.0,False,13.6,11,reorder_point,0.6,False,7.88,10.2,0.716
494,FC_PAR1,IXD_PAR,1DC_MAD,SKU_0014,2024-09-12,64,forecast,8.8,False,10.3,53,reorder_point,1.1,False,8.53,7.7,0.161
495,FC_PAR1,IXD_PAR,1DC_MAD,SKU_0110,2024-09-12,75,forecast,6.3,False,10.57,44,reorder_point,1.4,False,6.2,8.3,0.141
496,FC_PAR1,IXD_PAR,1DC_MAD,SKU_0014,2024-09-12,76,forecast,6.5,False,26.75,44,reorder_point,2.0,False,15.49,9.0,0.352
497,FC_PAR1,IXD_PAR,1DC_MAD,SKU_0126,2024-09-12,171,forecast,6.3,False,78.83,108,reorder_point,1.9,False,49.79,7.1,0.461
498,FC_PAR1,IXD_PAR,1DC_MAD,SKU_0200,2024-09-12,195,forecast,9.7,False,40.17,117,reorder_point,2.0,False,24.1,11.1,0.206
499,FC_PAR1,IXD_PAR,1DC_MAD,SKU_0162,2024-09-12,79,forecast,4.3,False,13.82,52,reorder_point,2.1,False,9.1,7.3,0.175
500,FC_PAR1,IXD_PAR,1DC_MAD,SKU_0140,2024-09-12,19,forecast,6.3,False,4.33,13,reorder_point,1.8,False,2.96,4.6,0.228
501,FC_PAR1,IXD_PAR,1DC_MAD,SKU_0108,2024-09-12,71,forecast,5.8,False,58.01,52,reorder_point,2.8,False,42.48,10.1,0.817
502,FC_PAR2,IXD_PAR,1DC_AMS,SKU_0124,2024-09-12,66,forecast,13.2,False,15.11,40,reorder_point,2.0,False,9.16,7.3,0.229
503,FC_PAR2,IXD_PAR,1DC_AMS,SKU_0012,2024-09-12,88,forecast,3.7,False,15.4,43,reorder_point,2.5,False,7.52,6.4,0.175
504,FC_BER1,IXD_BER,1DC_AMS,SKU_0131,2024-09-12,65,forecast,11.6,False,20.67,44,reorder_point,1.0,False,13.99,8.1,0.318
505,FC_BER1,IXD_BER,1DC_AMS,SKU_0179,2024-09-12,13,forecast,13.2,False,4.8,12,reorder_point,2.3,False,4.43,9.4,0.369
506,FC_BER1,IXD_BER,1DC_AMS,SKU_0031,2024-09-12,56,forecast,3.5,False,57.51,41,reorder_point,0.9,False,42.11,7.3,1.027
507,FC_BER1,IXD_BER,1DC_AMS,SKU_0070,2024-09-12,84,forecast,3.6,False,90.05,53,reorder_point,1.0,False,56.82,7.0,1.072
508,FC_BER1,IXD_BER,1DC_AMS,SKU_0084,2024-09-12,52,forecast,10.8,False,22.1,50,reorder_point,1.5,False,21.25,6.5,0.425
509,FC_BER1,IXD_BER,1DC_AMS,SKU_0015,2024-09-12,74,forecast,3.1,False,71.63,50,reorder_point,1.2,False,48.4,11.1,0.968
510,FC_BER1,IXD_BER,1DC_AMS,SKU_0241,2024-09-12,21,forecast,4.2,False,15.41,12,reorder_point,2.1,False,8.81,8.8,0.734
511,FC_BER1,IXD_BER,1DC_AMS,SKU_0142,2024-09-12,57,forecast,7.9,False,47.31,43,reorder_point,2.1,False,35.69,7.0,0.83
512,FC_MUN1,IXD_BER,1DC_CDG,SKU_0231,2024-09-12,18,forecast,8.5,False,18.77,13,reorder_point,0.9,False,13.56,9.7,1.043
513,FC_MUN1,IXD_BER,1DC_CDG,SKU_0047,2024-09-12,75,forecast,3.2,False,25.87,42,reorder_point,1.5,False,14.49,9.1,0.345
514,FC_MUN1,IXD_BER,1DC_CDG,SKU_0233,2024-09-12,20,forecast,7.4,False,4.0,11,reorder_point,2.4,True,2.2,8.8,0.2
515,FC_BCN1,IXD_BCN,1DC_BCN,SKU_0006,2024-09-13,143,forecast,3.1,False,100.1,141,reorder_point,0.8,False,98.7,8.0,0.7
516,FC_BCN1,IXD_BCN,1DC_BCN,SKU_0203,2024-09-13,88,forecast,13.5,False,26.58,50,reorder_point,1.3,False,15.1,12.7,0.302
517,FC_BCN1,IXD_BCN,1DC_BCN,SKU_0123,2024-09-13,214,forecast,12.8,False,137.82,119,reorder_point,1.7,False,76.64,7.1,0.644
518,FC_BCN1,IXD_BCN,1DC_BCN,SKU_0006,2024-09-13,221,forecast,4.1,False,223.65,126,reorder_point,2.6,False,127.51,8.1,1.012
519,FC_BCN1,IXD_BCN,1DC_BCN,SKU_0007,2024-09-13,15,forecast,7.2,False,15.03,11,reorder_point,2.8,False,11.02,7.4,1.002
520,FC_BCN2,IXD_BCN,1DC_BCN,SKU_0044,2024-09-13,89,forecast,5.5,False,40.94,44,reorder_point,0.7,False,20.24,5.9,0.46
521,FC_BCN2,IXD_BCN,1DC_BCN,SKU_0237,2024-09-13,23,forecast,12.9,False,17.64,11,reorder_point,1.8,False,8.44,8.1,0.767
522,FC_BCN2,IXD_BCN,1DC_BCN,SKU_0078,2024-09-13,19,forecast,6.2,False,6.93,11,reorder_point,1.7,False,4.01,7.6,0.365
523,FC_BCN2,IXD_BCN,1DC_BCN,SKU_0233,2024-09-13,20,forecast,3.8,True,16.42,14,reorder_point,0.9,False,11.49,7.7,0.821
524,FC_BCN2,IXD_BCN,1DC_BCN,SKU_0202,2024-09-13,237,forecast,12.0,False,100.25,123,reorder_point,2.3,False,52.03,10.1,0.423
525,FC_MAD1,IXD_MAD,1DC_MAD,SKU_0047,2024-09-13,80,forecast,6.9,False,83.52,46,reorder_point,2.9,False,48.02,7.9,1.044
526,FC_MAD1,IXD_MAD,1DC_MAD,SKU_0236,2024-09-13,59,forecast,7.6,False,28.61,47,reorder_point,1.8,False,22.79,7.8,0.485
527,FC_MAD1,IXD_MAD,1DC_MAD,SKU_0149,2024-09-13,78,forecast,8.8,False,74.18,51,reorder_point,1.0,False,48.5,7.7,0.951
528,FC_MAD2,IXD_MAD,1DC_MAD,SKU_0143,2024-09-13,18,forecast,4.5,False,15.82,14,reorder_point,1.4,False,12.31,9.4,0.879
529,FC_MAD2,IXD_MAD,1DC_MAD,SKU_0036,2024-09-13,163,forecast,4.6,False,38.79,142,reorder_point,2.8,False,33.8,8.8,0.238
530,FC_MAD2,IXD_MAD,1DC_MAD,SKU_0247,2024-09-13,207,forecast,4.6,False,42.64,133,reorder_point,1.6,False,27.4,8.0,0.206
531,FC_MAD2,IXD_MAD,1DC_MAD,SKU_0149,2024-09-13,52,forecast,12.2,False,47.53,40,reorder_point,1.4,False,36.56,10.6,0.914
532,FC_PAR1,IXD_PAR,1DC_BCN,SKU_0047,2024-09-13,68,forecast,4.5,False,36.99,53,reorder_point,1.7,False,28.83,9.6,0.544
533,FC_PAR1,IXD_PAR,1DC_BCN,SKU_0166,2024-09-13,207,forecast,6.2,False,193.13,139,reorder_point,0.6,False,129.69,8.2,0.933
534,FC_PAR1,IXD_PAR,1DC_BCN,SKU_0175,2024-09-13,234,forecast,8.0,False,76.52,117,reorder_point,1.9,False,38.26,8.5,0.327
535,FC_PAR1,IXD_PAR,1DC_BCN,SKU_0239,2024-09-13,14,forecast,13.7,False,3.98,14,reorder_point,0.8,False,3.98,7.6,0.284
536,FC_PAR1,IXD_PAR,1DC_BCN,SKU_0191,2024-09-13,237,forecast,9.7,True,119.69,132,reorder_point,1.7,False,66.66,7.6,0.505
537,FC_PAR1,IXD_PAR,1DC_BCN,SKU_0098,2024-09-13,56,forecast,11.8,False,7.17,43,reorder_point,0.8,False,5.5,5.7,0.128
538,FC_PAR1,IXD_PAR,1DC_BCN,SKU_0073,2024-09-13,56,forecast,4.2,False,16.91,40,reorder_point,2.8,False,12.08,6.4,0.302
539,FC_PAR1,IXD_PAR,1DC_BCN,SKU_0238,2024-09-13,135,forecast,6.0,False,140.94,128,reorder_point,1.9,False,133.63,10.0,1.044
540,FC_PAR2,IXD_PAR,1DC_MAD,SKU_0193,2024-09-13,60,forecast,7.4,False,48.18,50,reorder_point,2.3,False,40.15,8.9,0.803
541,FC_PAR2,IXD_PAR,1DC_MAD,SKU_0025,2024-09-13,167,forecast,12.9,False,161.82,126,reorder_point,2.4,True,122.09,9.1,0.969
542,FC_PAR2,IXD_PAR,1DC_MAD,SKU_0010,2024-09-13,61,forecast,4.7,False,60.02,52,reorder_point,0.7,False,51.17,6.5,0.984
543,FC_PAR2,IXD_PAR,1DC_MAD,SKU_0207,2024-09-13,77,forecast,4.5,False,66.91,53,reorder_point,1.8,False,46.06,6.8,0.869
544,FC_BER1,IXD_BER,1DC_AMS,SKU_0034,2024-09-13,63,forecast,7.0,False,30.74,46,reorder_point,2.7,False,22.45,7.1,0.488
545,FC_BER1,IXD_BER,1DC_AMS,SKU_0054,2024-09-13,89,forecast,9.7,False,36.49,48,reorder_point,3.0,False,19.68,11.6,0.41
546,FC_BER1,IXD_BER,1DC_AMS,SKU_0223,2024-09-13,88,forecast,11.6,False,22.97,41,reorder_point,1.3,False,10.7,8.8,0.261
547,FC_BER1,IXD_BER,1DC_AMS,SKU_0072,2024-09-13,72,forecast,6.9,True,39.02,50,reorder_point,1.7,False,27.1,11.5,0.542
548,FC_BER1,IXD_BER,1DC_AMS,SKU_0237,2024-09-13,14,forecast,4.4,False,13.4,10,reorder_point,2.6,False,9.57,8.1,0.957
549,FC_BER1,IXD_BER,1DC_AMS,SKU_0235,2024-09-13,77,forecast,7.8,False,75.23,48,reorder_point,1.3,False,46.9,6.8,0.977
550,FC_BER1,IXD_BER,1DC_AMS,SKU_0175,2024-09-13,136,forecast,13.8,True,34.68,136,reorder_point,2.2,False,34.68,9.5,0.255
551,FC_BER1,IXD_BER,1DC_AMS,SKU_0027,2024-09-13,16,forecast,4.7,False,11.87,11,reorder_point,1.5,False,8.16,10.2,0.742
552,FC_MUN1,IXD_BER,1DC_MAD,SKU_0047,2024-09-13,79,forecast,13.1,False,32.94,50,reorder_point,1.0,False,20.85,9.6,0.417
553,FC_MUN1,IXD_BER,1DC_MAD,SKU_0155,2024-09-13,69,forecast,10.7,False,28.98,44,reorder_point,0.6,False,18.48,6.0,0.42
554,FC_BCN1,IXD_BCN,1DC_BCN,SKU_0154,2024-09-14,215,forecast,3.7,False,66.86,136,reorder_point,2.9,False,42.3,9.0,0.311
555,FC_BCN1,IXD_BCN,1DC_BCN,SKU_0006,2024-09-14,234,forecast,10.5,False,190.01,130,reorder_point,0.7,False,105.56,7.2,0.812
556,FC_BCN2,IXD_BCN,1DC_BCN,SKU_0108,2024-09-14,70,forecast,10.4,False,30.94,51,reorder_point,0.7,False,22.54,9.4,0.442
557,FC_BCN2,IXD_BCN,1DC_BCN,SKU_0193,2024-09-14,61,forecast,5.2,False,61.79,47,reorder_point,1.8,False,47.61,10.4,1.013
558,FC_BCN2,IXD_BCN,1DC_BCN,SKU_0147,2024-09-14,174,forecast,3.1,False,124.76,129,reorder_point,0.7,False,92.49,8.1,0.717
559,FC_BCN2,IXD_BCN,1DC_BCN,SKU_0083,2024-09-14,203,forecast,12.1,False,121.6,137,reorder_point,2.3,True,82.06,11.8,0.599
560,FC_BCN2,IXD_BCN,1DC_BCN,SKU_0082,2024-09-14,54,forecast,13.7,False,50.38,47,reorder_point,0.5,False,43.85,6.0,0.933
561,FC_BCN2,IXD_BCN,1DC_BCN,SKU_0033,2024-09-14,20,forecast,10.0,False,14.02,10,reorder_point,2.4,False,7.01,7.5,0.701
562,FC_BCN2,IXD_BCN,1DC_BCN,SKU_0056,2024-09-14,63,forecast,13.5,False,7.31,48,reorder_point,0.5,False,5.57,5.6,0.116
563,FC_BCN2,IXD_BCN,1DC_BCN,SKU_0230,2024-09-14,61,forecast,12.0,False,32.09,47,reorder_point,3.0,False,24.72,6.5,0.526
564,FC_MAD1,IXD_MAD,1DC_MAD,SKU_0086,2024-09-14,14,forecast,4.9,False,6.75,11,reorder_point,2.0,False,5.3,11.2,0.482
565,FC_MAD1,IXD_MAD,1DC_MAD,SKU_0217,2024-09-14,76,forecast,10.5,False,71.21,49,reorder_point,2.8,False,45.91,9.1,0.937
566,FC_MAD1,IXD_MAD,1DC_MAD,SKU_0023,2024-09-14,75,forecast,9.8,False,15.0,47,reorder_point,2.4,False,9.4,9.0,0.2
567,FC_MAD1,IXD_MAD,1DC_MAD,SKU_0114,2024-09-14,18,forecast,11.9,False,17.21,13,reorder_point,1.0,False,12.43,7.7,0.956
568,FC_MAD1,IXD_MAD,1DC_MAD,SKU_0244,2024-09-14,54,forecast,13.6,False,45.41,46,reorder_point,2.6,False,38.69,8.2,0.841
569,FC_MAD1,IXD_MAD,1DC_MAD,SKU_0002,2024-09-14,87,forecast,11.6,False,67.25,44,reorder_point,2.1,False,34.01,11.7,0.773
570,FC_MAD1,IXD_MAD,1DC_MAD,SKU_0002,2024-09-14,85,forecast,7.6,True,78.2,42,reorder_point,1.4,False,38.64,6.2,0.92
571,FC_MAD1,IXD_MAD,1DC_MAD,SKU_0154,2024-09-14,166,forecast,4.9,False,25.23,123,reorder_point,1.9,False,18.7,7.2,0.152
572,FC_MAD2,IXD_MAD,1DC_MAD,SKU_0110,2024-09-14,54,forecast,10.0,False,29.0,42,reorder_point,2.8,False,22.55,7.3,0.537
573,FC_MAD2,IXD_MAD,1DC_MAD,SKU_0026,2024-09-14,20,forecast,4.4,False,5.18,12,reorder_point,1.5,False,3.11,11.5,0.259
574,FC_MAD2,IXD_MAD,1DC_MAD,SKU_0083,2024-09-14,154,forecast,4.0,False,124.43,130,reorder_point,2.0,True,105.04,6.8,0.808
575,FC_MAD2,IXD_MAD,1DC_MAD,SKU_0236,2024-09-14,88,forecast,9.3,True,66.26,50,reorder_point,3.0,False,37.65,8.7,0.753
576,FC_MAD2,IXD_MAD,1DC_MAD,SKU_0057,2024-09-14,61,forecast,8.9,False,46.3,51,reorder_point,2.5,False,38.71,7.4,0.759
577,FC_MAD2,IXD_MAD,1DC_MAD,SKU_0071,2024-09-14,140,forecast,4.6,True,33.88,143,reorder_point,2.7,False,34.61,9.3,0.242
578,FC_PAR1,IXD_PAR,1DC_CDG,SKU_0024,2024-09-14,140,forecast,12.3,False,71.96,115,reorder_point,0.8,False,59.11,8.1,0.514
579,FC_PAR1,IXD_PAR,1DC_CDG,SKU_0125,2024-09-14,88,forecast,3.8,False,9.68,45,reorder_point,1.3,False,4.95,8.9,0.11
580,FC_PAR1,IXD_PAR,1DC_CDG,SKU_0046,2024-09-14,20,forecast,9.9,False,21.9,11,reorder_point,1.4,False,12.04,7.4,1.095
581,FC_PAR2,IXD_PAR,1DC_MUC,SKU_0002,2024-09-14,55,forecast,11.2,False,53.18,43,reorder_point,0.6,True,41.58,7.5,0.967
582,FC_PAR2,IXD_PAR,1DC_MUC,SKU_0030,2024-09-14,229,forecast,3.3,False,85.65,111,reorder_point,2.2,False,41.51,8.4,0.374
583,FC_PAR2,IXD_PAR,1DC_MUC,SKU_0052,2024-09-14,234,forecast,6.8,False,68.56,118,reorder_point,2.4,False,34.57,6.7,0.293
584,FC_PAR2,IXD_PAR,1DC_MUC,SKU_0045,2024-09-14,153,forecast,12.3,False,105.26,142,reorder_point,0.8,False,97.7,8.4,0.688
585,FC_PAR2,IXD_PAR,1DC_MUC,SKU_0043,2024-09-14,21,forecast,13.5,False,14.85,13,reorder_point,1.6,False,9.19,9.5,0.707
586,FC_PAR2,IXD_PAR,1DC_MUC,SKU_0110,2024-09-14,57,forecast,6.9,False,60.31,51,reorder_point,1.6,False,53.96,6.2,1.058
587,FC_BER1,IXD_BER,1DC_CDG,SKU_0105,2024-09-14,163,forecast,12.1,False,145.23,142,reorder_point,1.4,True,126.52,9.2,0.891
588,FC_BER1,IXD_BER,1DC_CDG,SKU_0092,2024-09-14,59,forecast,5.4,False,46.49,42,reorder_point,1.3,True,33.1,9.9,0.788
589,FC_BER1,IXD_BER,1DC_CDG,SKU_0184,2024-09-14,167,forecast,8.1,False,33.9,140,reorder_point,1.9,False,28.42,6.7,0.203
590,FC_BER1,IXD_BER,1DC_CDG,SKU_0072,2024-09-14,78,forecast,13.4,False,61.0,49,reorder_point,1.9,False,38.32,7.2,0.782
591,FC_BER1,IXD_BER,1DC_CDG,SKU_0112,2024-09-14,16,forecast,6.5,False,4.34,13,reorder_point,1.7,False,3.52,7.7,0.271
592,FC_BER1,IXD_BER,1DC_CDG,SKU_0084,2024-09-14,73,forecast,5.6,True,7.67,40,reorder_point,2.5,False,4.2,8.9,0.105
593,FC_MUN1,IXD_BER,1DC_CDG,SKU_0216,2024-09-14,88,forecast,3.4,False,45.32,47,reorder_point,1.3,True,24.21,5.2,0.515
594,FC_MUN1,IXD_BER,1DC_CDG,SKU_0078,2024-09-14,16,forecast,11.3,False,7.89,12,reorder_point,1.3,False,5.92,9.1,0.493
595,FC_MUN1,IXD_BER,1DC_CDG,SKU_0179,2024-09-14,23,forecast,8.4,False,21.28,14,reorder_point,2.6,False,12.95,9.5,0.925
596,FC_BCN1,IXD_BCN,1DC_BCN,SKU_0027,2024-09-15,23,forecast,12.5,False,20.98,11,reorder_point,0.7,False,10.03,9.3,0.912
597,FC_BCN1,IXD_BCN,1DC_BCN,SKU_0209,2024-09-15,86,forecast,13.9,False,15.05,52,reorder_point,1.1,False,9.1,11.8,0.175
598,FC_BCN1,IXD_BCN,1DC_BCN,SKU_0085,2024-09-15,20,forecast,11.7,False,4.4,13,reorder_point,2.8,False,2.86,11.3,0.22
599,FC_BCN2,IXD_BCN,1DC_BCN,SKU_0221,2024-09-15,14,forecast,9.4,False,8.09,14,reorder_point,2.1,False,8.09,7.2,0.578
600,FC_BCN2,IXD_BCN,1DC_BCN,SKU_0126,2024-09-15,237,forecast,6.5,False,43.37,116,reorder_point,1.2,False,21.23,8.3,0.183
601,FC_BCN2,IXD_BCN,1DC_BCN,SKU_0143,2024-09-15,22,forecast,5.7,False,16.94,13,reorder_point,2.2,False,10.01,7.3,0.77
602,FC_BCN2,IXD_BCN,1DC_BCN,SKU_0120,2024-09-15,82,forecast,5.1,False,78.56,43,reorder_point,2.0,False,41.19,8.5,0.958
603,FC_MAD1,IXD_MAD,1DC_MAD,SKU_0242,2024-09-15,165,forecast,8.0,False,159.72,126,reorder_point,2.8,False,121.97,5.3,0.968
604,FC_MAD1,IXD_MAD,1DC_MAD,SKU_0132,2024-09-15,57,forecast,7.4,True,38.59,46,reorder_point,2.2,False,31.14,12.2,0.677
605,FC_MAD1,IXD_MAD,1DC_MAD,SKU_0027,2024-09-15,14,forecast,12.6,False,7.74,11,reorder_point,2.7,False,6.08,11.1,0.553
606,FC_MAD1,IXD_MAD,1DC_MAD,SKU_0068,2024-09-15,54,forecast,9.1,False,23.44,43,reorder_point,1.5,False,18.66,9.0,0.434
607,FC_MAD1,IXD_MAD,1DC_MAD,SKU_0113,2024-09-15,16,forecast,4.1,False,10.08,13,reorder_point,1.6,False,8.19,6.5,0.63
608,FC_MAD1,IXD_MAD,1DC_MAD,SKU_0127,2024-09-15,18,forecast,4.2,True,17.91,11,reorder_point,0.8,False,10.95,9.9,0.995
609,FC_MAD1,IXD_MAD,1DC_MAD,SKU_0148,2024-09-15,16,forecast,3.7,False,13.34,11,reorder_point,2.1,False,9.17,7.9,0.834
610,FC_MAD1,IXD_MAD,1DC_MAD,SKU_0226,2024-09-15,206,forecast,8.4,False,79.93,115,reorder_point,2.1,False,44.62,9.0,0.388
611,FC_MAD2,IXD_MAD,1DC_MAD,SKU_0025,2024-09-15,151,forecast,13.0,False,40.32,134,reorder_point,2.6,False,35.78,9.8,0.267
612,FC_MAD2,IXD_MAD,1DC_MAD,SKU_0086,2024-09-15,22,forecast,4.6,True,8.01,12,reorder_point,1.3,False,4.37,10.9,0.364
613,FC_PAR1,IXD_PAR,1DC_MAD,SKU_0174,2024-09-15,21,forecast,3.1,False,2.46,12,reorder_point,0.5,False,1.4,8.0,0.117
614,FC_PAR1,IXD_PAR,1DC_MAD,SKU_0175,2024-09-15,238,forecast,12.2,False,96.39,114,reorder_point,0.9,False,46.17,8.6,0.405
615,FC_PAR1,IXD_PAR,1DC_MAD,SKU_0189,2024-09-15,63,forecast,8.4,False,25.26,47,reorder_point,2.2,False,18.85,5.2,0.401
616,FC_PAR2,IXD_PAR,1DC_CDG,SKU_0199,2024-09-15,76,forecast,12.5,False,56.24,47,reorder_point,1.2,False,34.78,9.4,0.74
617,FC_PAR2,IXD_PAR,1DC_CDG,SKU_0038,2024-09-15,237,forecast,12.4,False,108.78,113,reorder_point,1.7,False,51.87,8.2,0.459
618,FC_PAR2,IXD_PAR,1DC_CDG,SKU_0191,2024-09-15,141,forecast,13.1,False,90.95,111,reorder_point,1.2,False,71.59,3.7,0.645
619,FC_PAR2,IXD_PAR,1DC_CDG,SKU_0234,2024-09-15,18,forecast,13.5,False,19.69,11,reorder_point,2.2,False,12.03,7.1,1.094
620,FC_PAR2,IXD_PAR,1DC_CDG,SKU_0080,2024-09-15,15,forecast,9.4,False,10.01,13,reorder_point,0.8,False,8.67,9.7,0.667
621,FC_PAR2,IXD_PAR,1DC_CDG,SKU_0203,2024-09-15,81,forecast,6.2,False,58.64,47,reorder_point,2.2,False,34.03,11.3,0.724
622,FC_BER1,IXD_BER,1DC_BCN,SKU_0125,2024-09-15,61,forecast,11.8,True,9.33,41,reorder_point,1.2,False,6.27,12.3,0.153
623,FC_BER1,IXD_BER,1DC_BCN,SKU_0079,2024-09-15,13,forecast,6.9,False,13.77,10,reorder_point,0.8,False,10.59,9.0,1.059
624,FC_BER1,IXD_BER,1DC_BCN,SKU_0144,2024-09-15,148,forecast,3.9,False,26.79,143,reorder_point,1.0,False,25.88,6.4,0.181
625,FC_BER1,IXD_BER,1DC_BCN,SKU_0057,2024-09-15,50,forecast,13.3,False,51.0,49,reorder_point,1.5,False,49.98,11.6,1.02
626,FC_MUN1,IXD_PAR,1DC_BCN,SKU_0112,2024-09-15,20,forecast,6.5,False,13.08,13,reorder_point,1.0,False,8.5,6.3,0.654
627,FC_MUN1,IXD_PAR,1DC_BCN,SKU_0078,2024-09-15,16,forecast,6.3,False,10.03,12,reorder_point,1.0,False,7.52,8.9,0.627
628,FC_MUN1,IXD_PAR,1DC_BCN,SKU_0178,2024-09-15,16,forecast,13.3,False,8.16,12,reorder_point,1.6,False,6.12,7.8,0.51
629,FC_MUN1,IXD_PAR,1DC_BCN,SKU_0008,2024-09-15,86,forecast,3.3,False,40.68,41,reorder_point,0.9,False,19.39,9.0,0.473
630,FC_MUN1,IXD_PAR,1DC_BCN,SKU_0159,2024-09-15,71,forecast,9.2,False,7.53,50,reorder_point,1.5,False,5.3,6.2,0.106
631,FC_MUN1,IXD_PAR,1DC_BCN,SKU_0207,2024-09-15,80,forecast,8.7,False,73.76,41,reorder_point,1.2,False,37.8,10.4,0.922
632,FC_BCN1,IXD_BCN,1DC_BCN,SKU_0124,2024-09-16,77,forecast,12.5,False,61.75,48,reorder_point,1.8,False,38.5,10.0,0.802
633,FC_BCN1,IXD_BCN,1DC_BCN,SKU_0133,2024-09-16,55,forecast,11.1,False,59.89,43,reorder_point,2.2,False,46.83,8.0,1.089
634,FC_BCN1,IXD_BCN,1DC_BCN,SKU_0002,2024-09-16,82,forecast,9.9,False,50.84,41,reorder_point,0.9,False,25.42,10.0,0.62
635,FC_BCN1,IXD_BCN,1DC_BCN,SKU_0064,2024-09-16,15,forecast,8.2,False,13.8,12,reorder_point,0.6,False,11.04,4.3,0.92
636,FC_BCN1,IXD_BCN,1DC_BCN,SKU_0216,2024-09-16,83,forecast,5.9,False,20.42,46,reorder_point,2.1,False,11.32,11.4,0.246
637,FC_BCN1,IXD_BCN,1DC_BCN,SKU_0006,2024-09-16,151,forecast,12.0,False,115.97,114,reorder_point,2.4,False,87.55,7.0,0.768
638,FC_BCN2,IXD_BCN,1DC_BCN,SKU_0127,2024-09-16,17,forecast,6.0,False,4.22,13,reorder_point,1.7,False,3.22,8.7,0.248
639,FC_BCN2,IXD_BCN,1DC_BCN,SKU_0073,2024-09-16,68,forecast,9.2,True,68.48,44,reorder_point,2.1,False,44.31,8.1,1.007
640,FC_BCN2,IXD_BCN,1DC_BCN,SKU_0247,2024-09-16,147,forecast,12.7,False,141.27,108,reorder_point,0.9,False,103.79,8.1,0.961
641,FC_BCN2,IXD_BCN,1DC_BCN,SKU_0054,2024-09-16,63,forecast,10.8,False,51.34,41,reorder_point,2.1,False,33.41,8.2,0.815
642,FC_BCN2,IXD_BCN,1DC_BCN,SKU_0202,2024-09-16,147,forecast,11.6,False,85.85,141,reorder_point,0.7,False,82.34,6.9,0.584
643,FC_BCN2,IXD_BCN,1DC_BCN,SKU_0247,2024-09-16,182,forecast,10.2,False,192.01,141,reorder_point,2.4,False,148.75,9.6,1.055
644,FC_MAD1,IXD_MAD,1DC_MAD,SKU_0150,2024-09-16,74,forecast,7.4,True,15.24,52,reorder_point,0.9,False,10.71,9.7,0.206
645,FC_MAD1,IXD_MAD,1DC_MAD,SKU_0240,2024-09-16,20,forecast,6.6,False,16.56,13,reorder_point,2.8,False,10.76,11.4,0.828
646,FC_MAD1,IXD_MAD,1DC_MAD,SKU_0099,2024-09-16,21,forecast,7.6,True,3.63,13,reorder_point,0.8,False,2.25,10.8,0.173
647,FC_MAD1,IXD_MAD,1DC_MAD,SKU_0196,2024-09-16,172,forecast,9.9,True,112.83,114,reorder_point,0.8,False,74.78,10.2,0.656
648,FC_MAD2,IXD_MAD,1DC_MAD,SKU_0065,2024-09-16,69,forecast,10.5,False,61.41,50,reorder_point,1.6,False,44.5,10.4,0.89
649,FC_MAD2,IXD_MAD,1DC_MAD,SKU_0023,2024-09-16,73,forecast,9.9,False,47.23,43,reorder_point,2.5,False,27.82,7.3,0.647
650,FC_MAD2,IXD_MAD,1DC_MAD,SKU_0019,2024-09-16,63,forecast,10.5,False,19.34,50,reorder_point,1.8,False,15.35,9.9,0.307
651,FC_PAR1,IXD_PAR,1DC_AMS,SKU_0091,2024-09-16,170,forecast,12.9,False,38.59,136,reorder_point,1.6,False,30.87,10.1,0.227
652,FC_PAR1,IXD_PAR,1DC_AMS,SKU_0133,2024-09-16,61,forecast,4.3,False,63.5,48,reorder_point,1.3,False,49.97,6.8,1.041
653,FC_PAR1,IXD_PAR,1DC_AMS,SKU_0237,2024-09-16,22,forecast,7.3,False,13.6,13,reorder_point,0.9,False,8.03,7.2,0.618
654,FC_PAR1,IXD_PAR,1DC_AMS,SKU_0157,2024-09-16,18,forecast,7.4,True,18.31,13,reorder_point,0.8,False,13.22,8.2,1.017
655,FC_PAR1,IXD_PAR,1DC_AMS,SKU_0068,2024-09-16,75,forecast,3.4,False,32.25,43,reorder_point,2.7,False,18.49,9.4,0.43
656,FC_PAR1,IXD_PAR,1DC_AMS,SKU_0194,2024-09-16,203,forecast,12.7,False,163.01,110,reorder_point,2.9,False,88.33,11.7,0.803
657,FC_PAR2,IXD_PAR,1DC_MAD,SKU_0019,2024-09-16,87,forecast,9.6,False,11.83,41,reorder_point,1.9,False,5.58,8.4,0.136
658,FC_PAR2,IXD_PAR,1DC_MAD,SKU_0130,2024-09-16,58,forecast,6.9,False,59.8,51,reorder_point,2.7,False,52.58,9.0,1.031
659,FC_PAR2,IXD_PAR,1DC_MAD,SKU_0007,2024-09-16,21,forecast,11.9,False,18.19,13,reorder_point,2.2,False,11.26,7.9,0.866
660,FC_PAR2,IXD_PAR,1DC_MAD,SKU_0179,2024-09-16,14,forecast,10.7,False,14.06,11,reorder_point,0.8,False,11.04,8.3,1.004
661,FC_BER1,IXD_BER,1DC_CDG,SKU_0088,2024-09-16,67,forecast,3.6,False,44.76,48,reorder_point,1.1,False,32.06,10.9,0.668
662,FC_BER1,IXD_BER,1DC_CDG,SKU_0206,2024-09-16,13,forecast,10.9,False,1.87,11,reorder_point,0.8,False,1.58,6.4,0.144
663,FC_BER1,IXD_BER,1DC_CDG,SKU_0090,2024-09-16,73,forecast,12.8,False,75.77,42,reorder_point,1.5,False,43.6,8.1,1.038
664,FC_MUN1,IXD_MAD,1DC_AMS,SKU_0189,2024-09-16,82,forecast,12.9,False,53.38,46,reorder_point,1.3,False,29.95,7.9,0.651
665,FC_MUN1,IXD_MAD,1DC_AMS,SKU_0223,2024-09-16,75,forecast,8.8,False,54.15,49,reorder_point,1.8,False,35.38,10.8,0.722
666,FC_MUN1,IXD_MAD,1DC_AMS,SKU_0072,2024-09-16,52,forecast,13.0,False,11.6,47,reorder_point,1.3,False,10.48,6.9,0.223
667,FC_MUN1,IXD_MAD,1DC_AMS,SKU_0186,2024-09-16,82,forecast,4.6,False,10.99,49,reorder_point,2.1,False,6.57,10.1,0.134
668,FC_MUN1,IXD_MAD,1DC_AMS,SKU_0072,2024-09-16,73,forecast,6.3,False,8.69,41,reorder_point,2.6,False,4.88,9.9,0.119
669,FC_MUN1,IXD_MAD,1DC_AMS,SKU_0098,2024-09-16,65,forecast,3.5,False,29.12,42,reorder_point,1.6,False,18.82,7.7,0.448
670,FC_MUN1,IXD_MAD,1DC_AMS,SKU_0007,2024-09-16,23,forecast,11.3,False,7.29,13,reorder_point,1.2,False,4.12,10.6,0.317
671,FC_BCN1,IXD_BCN,1DC_BCN,SKU_0088,2024-09-17,78,forecast,9.8,False,82.06,51,reorder_point,2.8,False,53.65,9.3,1.052
672,FC_BCN1,IXD_BCN,1DC_BCN,SKU_0239,2024-09-17,20,forecast,12.4,False,12.38,12,reorder_point,1.9,False,7.43,6.4,0.619
673,FC_BCN2,IXD_BCN,1DC_BCN,SKU_0246,2024-09-17,173,forecast,11.2,False,60.55,112,reorder_point,0.5,False,39.2,9.2,0.35
674,FC_BCN2,IXD_BCN,1DC_BCN,SKU_0139,2024-09-17,61,forecast,9.3,True,45.93,44,reorder_point,1.2,False,33.13,8.3,0.753
675,FC_BCN2,IXD_BCN,1DC_BCN,SKU_0198,2024-09-17,197,forecast,4.4,False,111.5,119,reorder_point,1.2,False,67.35,6.6,0.566
676,FC_MAD1,IXD_MAD,1DC_MAD,SKU_0123,2024-09-17,200,forecast,9.1,False,130.2,128,reorder_point,0.7,False,83.33,8.9,0.651
677,FC_MAD1,IXD_MAD,1DC_MAD,SKU_0245,2024-09-17,52,forecast,5.0,False,37.34,44,reorder_point,2.7,False,31.59,7.8,0.718
678,FC_MAD1,IXD_MAD,1DC_MAD,SKU_0013,2024-09-17,58,forecast,10.2,False,37.87,47,reorder_point,1.6,False,30.69,7.8,0.653
679,FC_MAD1,IXD_MAD,1DC_MAD,SKU_0059,2024-09-17,138,forecast,10.9,False,96.74,117,reorder_point,2.2,False,82.02,6.8,0.701
680,FC_MAD2,IXD_MAD,1DC_MAD,SKU_0028,2024-09-17,140,forecast,7.9,False,129.22,116,reorder_point,1.3,False,107.07,10.8,0.923
681,FC_MAD2,IXD_MAD,1DC_MAD,SKU_0107,2024-09-17,52,forecast,7.7,False,24.7,40,reorder_point,2.0,False,19.0,12.3,0.475
682,FC_MAD2,IXD_MAD,1DC_MAD,SKU_0242,2024-09-17,237,forecast,9.8,False,29.86,109,reorder_point,2.8,False,13.73,7.9,0.126
683,FC_MAD2,IXD_MAD,1DC_MAD,SKU_0156,2024-09-17,58,forecast,6.4,False,39.61,50,reorder_point,2.5,False,34.15,10.1,0.683
684,FC_PAR1,IXD_PAR,1DC_BCN,SKU_0196,2024-09-17,239,forecast,3.9,True,161.09,141,reorder_point,1.1,False,95.03,7.9,0.674
685,FC_PAR1,IXD_PAR,1DC_BCN,SKU_0141,2024-09-17,79,forecast,8.9,False,32.94,52,reorder_point,2.5,False,21.68,7.3,0.417
686,FC_PAR1,IXD_PAR,1DC_BCN,SKU_0050,2024-09-17,222,forecast,6.2,False,123.43,116,reorder_point,2.4,False,64.5,6.7,0.556
687,FC_PAR1,IXD_PAR,1DC_BCN,SKU_0192,2024-09-17,88,forecast,10.6,False,40.66,53,reorder_point,1.5,False,24.49,7.8,0.462
688,FC_PAR1,IXD_PAR,1DC_BCN,SKU_0124,2024-09-17,74,forecast,7.9,False,47.21,48,reorder_point,2.6,False,30.62,8.2,0.638
689,FC_PAR2,IXD_PAR,1DC_AMS,SKU_0150,2024-09-17,76,forecast,9.7,False,45.14,45,reorder_point,0.8,False,26.73,7.5,0.594
690,FC_PAR2,IXD_PAR,1DC_AMS,SKU_0226,2024-09-17,215,forecast,12.9,False,140.83,108,reorder_point,0.8,False,70.74,8.5,0.655
691,FC_PAR2,IXD_PAR,1DC_AMS,SKU_0239,2024-09-17,18,forecast,4.1,False,11.32,13,reorder_point,0.6,False,8.18,10.4,0.629
692,FC_PAR2,IXD_PAR,1DC_AMS,SKU_0100,2024-09-17,86,forecast,6.9,False,85.74,48,reorder_point,2.3,False,47.86,9.5,0.997
693,FC_PAR2,IXD_PAR,1DC_AMS,SKU_0230,2024-09-17,63,forecast,9.7,False,46.05,50,reorder_point,0.7,False,36.55,12.3,0.731
694,FC_PAR2,IXD_PAR,1DC_AMS,SKU_0190,2024-09-17,83,forecast,6.2,False,84.33,42,reorder_point,1.0,False,42.67,7.3,1.016
695,FC_PAR2,IXD_PAR,1DC_AMS,SKU_0240,2024-09-17,18,forecast,4.7,True,14.81,12,reorder_point,2.2,False,9.88,8.0,0.823
696,FC_BER1,IXD_BER,1DC_CDG,SKU_0025,2024-09-17,157,forecast,8.4,True,161.4,126,reorder_point,1.8,False,129.53,9.5,1.028
697,FC_BER1,IXD_BER,1DC_CDG,SKU_0074,2024-09-17,16,forecast,6.5,False,9.9,11,reorder_point,2.5,False,6.81,9.7,0.619
698,FC_BER1,IXD_BER,1DC_CDG,SKU_0148,2024-09-17,22,forecast,6.5,False,7.13,11,reorder_point,1.2,False,3.56,8.4,0.324
699,FC_BER1,IXD_BER,1DC_CDG,SKU_0044,2024-09-17,61,forecast,13.1,False,57.28,50,reorder_point,2.8,False,46.95,9.3,0.939
700,FC_BER1,IXD_BER,1DC_CDG,SKU_0194,2024-09-17,150,forecast,9.6,True,88.2,140,reorder_point,1.8,False,82.32,9.4,0.588
701,FC_BER1,IXD_BER,1DC_CDG,SKU_0211,2024-09-17,50,forecast,5.2,False,10.5,48,reorder_point,2.3,False,10.08,9.2,0.21
702,FC_BER1,IXD_BER,1DC_CDG,SKU_0181,2024-09-17,231,forecast,4.3,False,87.32,125,reorder_point,0.7,False,47.25,7.2,0.378
703,FC_BER1,IXD_BER,1DC_CDG,SKU_0172,2024-09-17,54,forecast,6.9,True,39.47,51,reorder_point,2.3,False,37.28,7.1,0.731
704,FC_MUN1,IXD_BCN,1DC_CDG,SKU_0111,2024-09-17,142,forecast,10.8,False,103.09,114,reorder_point,1.9,False,82.76,8.4,0.726
705,FC_MUN1,IXD_BCN,1DC_CDG,SKU_0243,2024-09-17,75,forecast,3.1,False,68.55,45,reorder_point,2.9,False,41.13,8.4,0.914
706,FC_BCN1,IXD_BCN,1DC_BCN,SKU_0128,2024-09-18,16,forecast,5.2,False,1.65,14,reorder_point,2.6,False,1.44,9.5,0.103
707,FC_BCN1,IXD_BCN,1DC_BCN,SKU_0018,2024-09-18,69,forecast,9.7,False,30.98,41,reorder_point,2.2,False,18.41,7.6,0.449
708,FC_BCN1,IXD_BCN,1DC_BCN,SKU_0136,2024-09-18,76,forecast,5.0,False,68.17,43,reorder_point,1.2,False,38.57,7.5,0.897
709,FC_BCN1,IXD_BCN,1DC_BCN,SKU_0101,2024-09-18,19,forecast,9.0,False,10.39,11,reorder_point,2.9,False,6.02,8.7,0.547
710,FC_BCN1,IXD_BCN,1DC_BCN,SKU_0064,2024-09-18,20,forecast,4.3,False,16.1,11,reorder_point,0.8,False,8.86,6.6,0.805
711,FC_BCN1,IXD_BCN,1DC_BCN,SKU_0199,2024-09-18,85,forecast,12.2,False,80.83,48,reorder_point,2.2,True,45.65,8.4,0.951
712,FC_BCN1,IXD_BCN,1DC_BCN,SKU_0105,2024-09-18,138,forecast,11.5,False,68.86,119,reorder_point,1.5,False,59.38,9.7,0.499
713,FC_BCN2,IXD_BCN,1DC_BCN,SKU_0069,2024-09-18,69,forecast,5.4,False,60.72,41,reorder_point,1.6,False,36.08,10.1,0.88
714,FC_BCN2,IXD_BCN,1DC_BCN,SKU_0029,2024-09-18,234,forecast,9.7,False,211.07,129,reorder_point,0.5,False,116.36,6.9,0.902
715,FC_MAD1,IXD_MAD,1DC_MAD,SKU_0200,2024-09-18,208,forecast,13.0,False,53.46,127,reorder_point,2.1,False,32.64,7.7,0.257
716,FC_MAD1,IXD_MAD,1DC_MAD,SKU_0138,2024-09-18,65,forecast,10.9,False,42.45,42,reorder_point,1.4,False,27.43,9.4,0.653
717,FC_MAD2,IXD_MAD,1DC_MAD,SKU_0241,2024-09-18,13,forecast,12.3,False,1.61,12,reorder_point,1.8,False,1.49,9.9,0.124
718,FC_MAD2,IXD_MAD,1DC_MAD,SKU_0162,2024-09-18,80,forecast,5.7,False,18.48,42,reorder_point,2.5,False,9.7,8.9,0.231
719,FC_MAD2,IXD_MAD,1DC_MAD,SKU_0190,2024-09-18,85,forecast,12.5,True,54.57,47,reorder_point,2.3,False,30.17,11.4,0.642
720,FC_PAR1,IXD_PAR,1DC_BCN,SKU_0189,2024-09-18,73,forecast,7.3,False,61.54,52,reorder_point,2.5,False,43.84,8.9,0.843
721,FC_PAR1,IXD_PAR,1DC_BCN,SKU_0078,2024-09-18,16,forecast,5.2,False,10.58,13,reorder_point,1.7,False,8.59,12.4,0.661
722,FC_PAR2,IXD_PAR,1DC_AMS,SKU_0233,2024-09-18,20,forecast,8.6,False,17.26,14,reorder_point,2.3,False,12.08,11.1,0.863
723,FC_PAR2,IXD_PAR,1DC_AMS,SKU_0183,2024-09-18,14,forecast,5.5,False,6.05,12,reorder_point,1.1,False,5.18,6.1,0.432
724,FC_PAR2,IXD_PAR,1DC_AMS,SKU_0208,2024-09-18,20,forecast,3.9,False,3.68,11,reorder_point,2.9,False,2.02,7.5,0.184
725,FC_PAR2,IXD_PAR,1DC_AMS,SKU_0104,2024-09-18,198,forecast,8.2,False,86.72,128,reorder_point,1.1,False,56.06,8.5,0.438
726,FC_BER1,IXD_BER,1DC_BCN,SKU_0083,2024-09-18,206,forecast,9.6,False,121.33,117,reorder_point,1.0,False,68.91,10.1,0.589
727,FC_BER1,IXD_BER,1DC_BCN,SKU_0128,2024-09-18,16,forecast,10.2,False,3.28,13,reorder_point,1.8,False,2.67,9.2,0.205
728,FC_MUN1,IXD_BCN,1DC_AMS,SKU_0194,2024-09-18,133,forecast,8.7,False,131.14,115,reorder_point,2.7,False,113.39,8.5,0.986
729,FC_MUN1,IXD_BCN,1DC_AMS,SKU_0127,2024-09-18,15,forecast,11.8,False,5.91,13,reorder_point,1.9,False,5.12,7.9,0.394
730,FC_MUN1,IXD_BCN,1DC_AMS,SKU_0237,2024-09-18,22,forecast,6.0,False,8.58,14,reorder_point,1.9,False,5.46,10.3,0.39
731,FC_BCN1,IXD_BCN,1DC_BCN,SKU_0053,2024-09-19,218,forecast,13.5,False,238.93,129,reorder_point,1.7,False,141.38,7.1,1.096
732,FC_BCN1,IXD_BCN,1DC_BCN,SKU_0238,2024-09-19,146,forecast,8.8,False,24.38,108,reorder_point,1.5,False,18.04,11.1,0.167
733,FC_BCN1,IXD_BCN,1DC_BCN,SKU_0002,2024-09-19,62,forecast,5.1,False,27.9,47,reorder_point,1.3,False,21.15,7.5,0.45
734,FC_BCN1,IXD_BCN,1DC_BCN,SKU_0144,2024-09-19,227,forecast,6.8,True,119.4,114,reorder_point,1.2,False,59.96,8.7,0.526
735,FC_BCN1,IXD_BCN,1DC_BCN,SKU_0187,2024-09-19,61,forecast,9.9,False,50.69,43,reorder_point,1.9,False,35.73,9.4,0.831
736,FC_BCN1,IXD_BCN,1DC_BCN,SKU_0072,2024-09-19,56,forecast,9.2,False,37.86,47,reorder_point,2.1,False,31.77,9.0,0.676
737,FC_BCN1,IXD_BCN,1DC_BCN,SKU_0219,2024-09-19,19,forecast,6.0,False,20.69,13,reorder_point,2.2,False,14.16,10.0,1.089
738,FC_BCN2,IXD_BCN,1DC_BCN,SKU_0238,2024-09-19,218,forecast,4.6,False,33.14,139,reorder_point,1.3,False,21.13,11.2,0.152
739,FC_BCN2,IXD_BCN,1DC_BCN,SKU_0131,2024-09-19,82,forecast,7.7,False,66.09,44,reorder_point,2.4,False,35.46,6.1,0.806
740,FC_MAD1,IXD_MAD,1DC_MAD,SKU_0080,2024-09-19,22,forecast,6.5,True,16.15,12,reorder_point,1.0,False,8.81,10.4,0.734
741,FC_MAD1,IXD_MAD,1DC_MAD,SKU_0072,2024-09-19,78,forecast,12.2,False,34.94,47,reorder_point,2.5,False,21.06,6.7,0.448
742,FC_MAD1,IXD_MAD,1DC_MAD,SKU_0007,2024-09-19,22,forecast,12.4,False,21.47,12,reorder_point,1.6,False,11.71,7.8,0.976
743,FC_MAD1,IXD_MAD,1DC_MAD,SKU_0236,2024-09-19,87,forecast,7.2,False,35.67,50,reorder_point,0.5,False,20.5,8.3,0.41
744,FC_MAD2,IXD_MAD,1DC_MAD,SKU_0234,2024-09-19,17,forecast,5.8,False,9.84,12,reorder_point,0.6,False,6.95,8.5,0.579
745,FC_MAD2,IXD_MAD,1DC_MAD,SKU_0012,2024-09-19,89,forecast,10.7,False,63.01,41,reorder_point,1.9,True,29.03,8.1,0.708
746,FC_PAR1,IXD_PAR,1DC_AMS,SKU_0045,2024-09-19,183,forecast,12.6,False,181.9,137,reorder_point,0.6,True,136.18,6.5,0.994
747,FC_PAR1,IXD_PAR,1DC_AMS,SKU_0040,2024-09-19,208,forecast,4.9,False,86.11,110,reorder_point,2.6,False,45.54,5.8,0.414
748,FC_PAR1,IXD_PAR,1DC_AMS,SKU_0220,2024-09-19,190,forecast,13.8,False,180.12,130,reorder_point,0.5,False,123.24,9.5,0.948
749,FC_PAR1,IXD_PAR,1DC_AMS,SKU_0082,2024-09-19,85,forecast,4.9,False,65.28,50,reorder_point,1.4,True,38.4,7.5,0.768
750,FC_PAR1,IXD_PAR,1DC_AMS,SKU_0016,2024-09-19,52,forecast,12.1,False,19.55,50,reorder_point,0.7,False,18.8,6.9,0.376
751,FC_PAR2,IXD_PAR,1DC_BCN,SKU_0130,2024-09-19,66,forecast,10.0,False,61.78,53,reorder_point,1.3,False,49.61,10.0,0.936
752,FC_PAR2,IXD_PAR,1DC_BCN,SKU_0023,2024-09-19,72,forecast,8.1,False,49.75,41,reorder_point,2.3,False,28.33,9.9,0.691
753,FC_PAR2,IXD_PAR,1DC_BCN,SKU_0248,2024-09-19,50,forecast,4.9,True,39.05,49,reorder_point,1.7,False,38.27,9.9,0.781
754,FC_PAR2,IXD_PAR,1DC_BCN,SKU_0242,2024-09-19,229,forecast,5.1,False,63.66,112,reorder_point,0.6,False,31.14,8.0,0.278
755,FC_PAR2,IXD_PAR,1DC_BCN,SKU_0036,2024-09-19,193,forecast,7.6,False,37.06,117,reorder_point,1.0,False,22.46,8.4,0.192
756,FC_PAR2,IXD_PAR,1DC_BCN,SKU_0091,2024-09-19,194,forecast,6.8,False,26.58,124,reorder_point,2.1,False,16.99,10.4,0.137
757,FC_PAR2,IXD_PAR,1DC_BCN,SKU_0214,2024-09-19,19,forecast,4.7,False,8.4,14,reorder_point,1.6,False,6.19,7.9,0.442
758,FC_BER1,IXD_BER,1DC_MUC,SKU_0213,2024-09-19,21,forecast,6.0,False,21.46,11,reorder_point,1.0,False,11.24,7.1,1.022
759,FC_BER1,IXD_BER,1DC_MUC,SKU_0133,2024-09-19,76,forecast,5.1,False,60.88,48,reorder_point,1.4,False,38.45,8.1,0.801
760,FC_BER1,IXD_BER,1DC_MUC,SKU_0162,2024-09-19,64,forecast,12.9,False,18.37,46,reorder_point,1.3,False,13.2,8.3,0.287
761,FC_BER1,IXD_BER,1DC_MUC,SKU_0092,2024-09-19,61,forecast,8.1,False,30.44,40,reorder_point,2.5,False,19.96,6.8,0.499
762,FC_BER1,IXD_BER,1DC_MUC,SKU_0214,2024-09-19,15,forecast,11.0,False,15.43,12,reorder_point,1.5,False,12.35,7.6,1.029
763,FC_BER1,IXD_BER,1DC_MUC,SKU_0060,2024-09-19,214,forecast,12.9,False,130.97,123,reorder_point,2.4,False,75.28,8.1,0.612
764,FC_MUN1,IXD_PAR,1DC_MUC,SKU_0242,2024-09-19,188,forecast,13.5,False,28.95,113,reorder_point,2.2,False,17.4,8.8,0.154
765,FC_MUN1,IXD_PAR,1DC_MUC,SKU_0024,2024-09-19,165,forecast,11.4,False,66.17,124,reorder_point,0.9,True,49.72,10.7,0.401
766,FC_MUN1,IXD_PAR,1DC_MUC,SKU_0021,2024-09-19,56,forecast,12.4,False,49.06,50,reorder_point,0.9,False,43.8,11.5,0.876
767,FC_MUN1,IXD_PAR,1DC_MUC,SKU_0002,2024-09-19,68,forecast,6.8,False,54.81,49,reorder_point,2.2,False,39.49,6.8,0.806
768,FC_MUN1,IXD_PAR,1DC_MUC,SKU_0196,2024-09-19,231,forecast,7.3,False,88.47,141,reorder_point,1.5,False,54.0,5.5,0.383
769,FC_MUN1,IXD_PAR,1DC_MUC,SKU_0173,2024-09-19,21,forecast,7.7,False,14.89,11,reorder_point,1.7,False,7.8,7.4,0.709
770,FC_MUN1,IXD_PAR,1DC_MUC,SKU_0197,2024-09-19,157,forecast,7.0,False,27.79,108,reorder_point,2.0,False,19.12,7.8,0.177
771,FC_BCN1,IXD_BCN,1DC_BCN,SKU_0036,2024-09-20,185,forecast,3.5,False,143.38,111,reorder_point,1.5,False,86.03,9.4,0.775
772,FC_BCN1,IXD_BCN,1DC_BCN,SKU_0124,2024-09-20,50,forecast,13.5,False,28.25,42,reorder_point,2.2,False,23.73,9.8,0.565
773,FC_BCN1,IXD_BCN,1DC_BCN,SKU_0022,2024-09-20,16,forecast,11.1,False,12.58,12,reorder_point,2.5,False,9.43,10.0,0.786
774,FC_BCN2,IXD_BCN,1DC_BCN,SKU_0125,2024-09-20,75,forecast,10.4,False,16.2,41,reorder_point,1.6,False,8.86,10.0,0.216
775,FC_BCN2,IXD_BCN,1DC_BCN,SKU_0207,2024-09-20,81,forecast,8.0,False,87.56,46,reorder_point,1.3,False,49.73,6.4,1.081
776,FC_MAD1,IXD_MAD,1DC_MAD,SKU_0195,2024-09-20,65,forecast,10.4,False,19.37,45,reorder_point,2.8,False,13.41,10.9,0.298
777,FC_MAD1,IXD_MAD,1DC_MAD,SKU_0209,2024-09-20,74,forecast,12.6,False,51.73,46,reorder_point,0.6,False,32.15,7.9,0.699
778,FC_MAD1,IXD_MAD,1DC_MAD,SKU_0095,2024-09-20,159,forecast,6.7,False,72.66,137,reorder_point,1.9,False,62.61,8.6,0.457
779,FC_MAD1,IXD_MAD,1DC_MAD,SKU_0005,2024-09-20,180,forecast,6.3,True,114.3,112,reorder_point,2.3,False,71.12,7.6,0.635
780,FC_MAD1,IXD_MAD,1DC_MAD,SKU_0033,2024-09-20,21,forecast,10.0,False,7.22,11,reorder_point,2.9,False,3.78,9.2,0.344
781,FC_MAD1,IXD_MAD,1DC_MAD,SKU_0212,2024-09-20,229,forecast,13.3,False,188.7,128,reorder_point,0.6,False,105.47,10.9,0.824
782,FC_MAD2,IXD_MAD,1DC_MAD,SKU_0226,2024-09-20,142,forecast,8.6,False,71.14,120,reorder_point,2.1,False,60.12,9.1,0.501
783,FC_MAD2,IXD_MAD,1DC_MAD,SKU_0048,2024-09-20,234,forecast,5.8,False,84.47,139,reorder_point,2.6,False,50.18,9.4,0.361
784,FC_MAD2,IXD_MAD,1DC_MAD,SKU_0078,2024-09-20,19,forecast,8.9,False,5.99,13,reorder_point,0.6,False,4.09,9.3,0.315
785,FC_MAD2,IXD_MAD,1DC_MAD,SKU_0240,2024-09-20,17,forecast,11.2,False,6.34,11,reorder_point,2.2,False,4.1,10.8,0.373
786,FC_MAD2,IXD_MAD,1DC_MAD,SKU_0105,2024-09-20,154,forecast,11.6,False,113.19,117,reorder_point,1.7,False,86.0,7.0,0.735
787,FC_MAD2,IXD_MAD,1DC_MAD,SKU_0025,2024-09-20,155,forecast,3.2,False,113.92,110,reorder_point,1.2,False,80.85,9.6,0.735
788,FC_MAD2,IXD_MAD,1DC_MAD,SKU_0085,2024-09-20,19,forecast,8.2,False,4.79,12,reorder_point,1.3,False,3.02,6.4,0.252
789,FC_MAD2,IXD_MAD,1DC_MAD,SKU_0219,2024-09-20,21,forecast,5.3,False,15.35,13,reorder_point,1.1,True,9.5,11.3,0.731
790,FC_PAR1,IXD_PAR,1DC_MUC,SKU_0022,2024-09-20,15,forecast,13.8,False,1.95,11,reorder_point,1.3,False,1.43,4.7,0.13
791,FC_PAR1,IXD_PAR,1DC_MUC,SKU_0160,2024-09-20,19,forecast,9.9,False,20.71,12,reorder_point,2.4,False,13.08,7.9,1.09
792,FC_PAR1,IXD_PAR,1DC_MUC,SKU_0097,2024-09-20,23,forecast,4.4,False,25.12,13,reorder_point,0.7,False,14.2,11.4,1.092
793,FC_PAR1,IXD_PAR,1DC_MUC,SKU_0147,2024-09-20,163,forecast,12.5,False,163.0,143,reorder_point,2.9,False,143.0,7.7,1.0
794,FC_PAR2,IXD_PAR,1DC_CDG,SKU_0198,2024-09-20,171,forecast,4.2,False,108.76,142,reorder_point,2.4,False,90.31,9.5,0.636
795,FC_PAR2,IXD_PAR,1DC_CDG,SKU_0101,2024-09-20,15,forecast,7.4,False,1.54,11,reorder_point,2.8,False,1.13,9.8,0.103
796,FC_PAR2,IXD_PAR,1DC_CDG,SKU_0213,2024-09-20,16,forecast,8.1,False,17.18,14,reorder_point,1.5,False,15.04,7.2,1.074
797,FC_PAR2,IXD_PAR,1DC_CDG,SKU_0106,2024-09-20,57,forecast,3.3,False,7.01,48,reorder_point,1.8,False,5.9,6.8,0.123
798,FC_BER1,IXD_BER,1DC_MUC,SKU_0043,2024-09-20,19,forecast,8.2,False,14.33,12,reorder_point,2.4,False,9.05,7.7,0.754
799,FC_BER1,IXD_BER,1DC_MUC,SKU_0142,2024-09-20,70,forecast,5.1,False,21.0,46,reorder_point,2.3,False,13.8,5.7,0.3
800,FC_BER1,IXD_BER,1DC_MUC,SKU_0034,2024-09-20,61,forecast,12.8,False,66.49,46,reorder_point,1.1,False,50.14,9.0,1.09
801,FC_MUN1,IXD_MAD,1DC_AMS,SKU_0165,2024-09-20,14,forecast,9.6,False,1.85,14,reorder_point,0.9,False,1.85,8.7,0.132
802,FC_MUN1,IXD_MAD,1DC_AMS,SKU_0174,2024-09-20,17,forecast,8.7,False,16.71,12,reorder_point,2.5,False,11.8,8.5,0.983
803,FC_MUN1,IXD_MAD,1DC_AMS,SKU_0138,2024-09-20,54,forecast,11.5,False,26.89,47,reorder_point,0.6,False,23.41,8.3,0.498
804,FC_MUN1,IXD_MAD,1DC_AMS,SKU_0211,2024-09-20,78,forecast,3.4,False,69.19,53,reorder_point,2.1,False,47.01,7.0,0.887
805,FC_MUN1,IXD_MAD,1DC_AMS,SKU_0027,2024-09-20,14,forecast,5.9,False,14.18,13,reorder_point,0.8,False,13.17,7.1,1.013
806,FC_MUN1,IXD_MAD,1DC_AMS,SKU_0204,2024-09-20,18,forecast,5.9,False,15.35,13,reorder_point,1.6,False,11.09,9.4,0.853
807,FC_BCN1,IXD_BCN,1DC_BCN,SKU_0067,2024-09-21,63,forecast,10.6,False,39.19,46,reorder_point,1.1,False,28.61,9.5,0.622
808,FC_BCN1,IXD_BCN,1DC_BCN,SKU_0007,2024-09-21,15,forecast,7.1,False,11.01,11,reorder_point,2.9,False,8.07,8.7,0.734
809,FC_BCN1,IXD_BCN,1DC_BCN,SKU_0122,2024-09-21,78,forecast,10.4,False,25.58,51,reorder_point,0.8,False,16.73,9.4,0.328
810,FC_BCN1,IXD_BCN,1DC_BCN,SKU_0218,2024-09-21,58,forecast,6.3,False,63.57,44,reorder_point,2.3,False,48.22,7.4,1.096
811,FC_BCN1,IXD_BCN,1DC_BCN,SKU_0104,2024-09-21,183,forecast,12.9,False,187.76,131,reorder_point,2.0,False,134.41,6.8,1.026
812,FC_BCN1,IXD_BCN,1DC_BCN,SKU_0166,2024-09-21,150,forecast,8.8,False,66.3,140,reorder_point,0.5,False,61.88,8.2,0.442
813,FC_BCN1,IXD_BCN,1DC_BCN,SKU_0080,2024-09-21,15,forecast,4.7,False,11.08,13,reorder_point,0.8,False,9.61,6.2,0.739
814,FC_BCN1,IXD_BCN,1DC_BCN,SKU_0004,2024-09-21,83,forecast,12.3,False,63.41,47,reorder_point,1.1,False,35.91,8.5,0.764
815,FC_BCN2,IXD_BCN,1DC_BCN,SKU_0161,2024-09-21,142,forecast,6.6,True,22.15,127,reorder_point,1.8,False,19.81,11.8,0.156
816,FC_BCN2,IXD_BCN,1DC_BCN,SKU_0146,2024-09-21,188,forecast,5.7,False,61.66,114,reorder_point,2.8,False,37.39,5.1,0.328
817,FC_BCN2,IXD_BCN,1DC_BCN,SKU_0184,2024-09-21,181,forecast,3.4,False,181.54,127,reorder_point,0.7,False,127.38,8.8,1.003
818,FC_BCN2,IXD_BCN,1DC_BCN,SKU_0134,2024-09-21,61,forecast,5.3,False,59.9,50,reorder_point,1.7,False,49.1,7.9,0.982
819,FC_BCN2,IXD_BCN,1DC_BCN,SKU_0014,2024-09-21,62,forecast,10.0,False,36.39,42,reorder_point,0.7,False,24.65,7.3,0.587
820,FC_MAD1,IXD_MAD,1DC_MAD,SKU_0003,2024-09-21,73,forecast,12.5,False,66.14,52,reorder_point,2.4,False,47.11,8.2,0.906
821,FC_MAD1,IXD_MAD,1DC_MAD,SKU_0158,2024-09-21,21,forecast,13.9,False,8.06,12,reorder_point,1.2,False,4.61,7.5,0.384
822,FC_MAD1,IXD_MAD,1DC_MAD,SKU_0166,2024-09-21,164,forecast,12.5,False,88.56,117,reorder_point,1.9,False,63.18,10.3,0.54
823,FC_MAD1,IXD_MAD,1DC_MAD,SKU_0194,2024-09-21,234,forecast,8.4,False,94.77,143,reorder_point,1.7,False,57.92,10.3,0.405
824,FC_MAD1,IXD_MAD,1DC_MAD,SKU_0237,2024-09-21,22,forecast,6.8,False,7.3,13,reorder_point,1.0,False,4.32,9.3,0.332
825,FC_MAD1,IXD_MAD,1DC_MAD,SKU_0079,2024-09-21,18,forecast,6.5,False,4.61,11,reorder_point,1.3,False,2.82,7.6,0.256
826,FC_MAD2,IXD_MAD,1DC_MAD,SKU_0102,2024-09-21,21,forecast,12.4,False,15.81,11,reorder_point,2.9,False,8.28,8.0,0.753
827,FC_MAD2,IXD_MAD,1DC_MAD,SKU_0202,2024-09-21,177,forecast,11.0,False,146.38,117,reorder_point,2.8,False,96.76,7.4,0.827
828,FC_MAD2,IXD_MAD,1DC_MAD,SKU_0213,2024-09-21,21,forecast,7.9,False,10.58,12,reorder_point,1.5,False,6.05,9.6,0.504
829,FC_MAD2,IXD_MAD,1DC_MAD,SKU_0248,2024-09-21,66,forecast,10.1,False,23.5,46,reorder_point,1.2,False,16.38,9.3,0.356
830,FC_MAD2,IXD_MAD,1DC_MAD,SKU_0214,2024-09-21,17,forecast,6.5,False,5.36,11,reorder_point,1.9,False,3.46,11.0,0.315
831,FC_MAD2,IXD_MAD,1DC_MAD,SKU_0129,2024-09-21,67,forecast,6.0,True,70.15,42,reorder_point,2.3,False,43.97,4.8,1.047
832,FC_MAD2,IXD_MAD,1DC_MAD,SKU_0200,2024-09-21,203,forecast,10.6,False,96.42,125,reorder_point,1.2,False,59.38,6.1,0.475
833,FC_MAD2,IXD_MAD,1DC_MAD,SKU_0026,2024-09-21,13,forecast,6.8,False,14.0,12,reorder_point,1.2,False,12.92,9.0,1.077
834,FC_PAR1,IXD_PAR,1DC_AMS,SKU_0039,2024-09-21,84,forecast,9.5,False,54.35,48,reorder_point,1.6,False,31.06,8.0,0.647
835,FC_PAR1,IXD_PAR,1DC_AMS,SKU_0170,2024-09-21,160,forecast,8.8,False,66.24,108,reorder_point,2.4,False,44.71,9.1,0.414
836,FC_PAR1,IXD_PAR,1DC_AMS,SKU_0219,2024-09-21,17,forecast,11.5,False,7.85,11,reorder_point,1.3,False,5.08,5.7,0.462
837,FC_PAR1,IXD_PAR,1DC_AMS,SKU_0051,2024-09-21,76,forecast,10.7,False,44.54,50,reorder_point,0.6,False,29.3,7.0,0.586
838,FC_PAR1,IXD_PAR,1DC_AMS,SKU_0013,2024-09-21,83,forecast,3.7,False,87.98,45,reorder_point,1.9,False,47.7,9.5,1.06
839,FC_PAR1,IXD_PAR,1DC_AMS,SKU_0224,2024-09-21,218,forecast,11.7,False,192.06,128,reorder_point,2.1,False,112.77,4.0,0.881
840,FC_PAR1,IXD_PAR,1DC_AMS,SKU_0137,2024-09-21,55,forecast,8.6,False,16.0,48,reorder_point,1.7,False,13.97,6.6,0.291
841,FC_PAR1,IXD_PAR,1DC_AMS,SKU_0019,2024-09-21,80,forecast,7.7,False,59.84,46,reorder_point,2.7,False,34.41,8.1,0.748
842,FC_PAR2,IXD_PAR,1DC_CDG,SKU_0136,2024-09-21,81,forecast,11.1,False,58.64,52,reorder_point,1.5,False,37.65,7.9,0.724
843,FC_PAR2,IXD_PAR,1DC_CDG,SKU_0100,2024-09-21,50,forecast,5.5,False,38.25,43,reorder_point,1.1,False,32.9,7.6,0.765
844,FC_PAR2,IXD_PAR,1DC_CDG,SKU_0198,2024-09-21,220,forecast,13.2,False,54.56,133,reorder_point,1.9,False,32.98,10.3,0.248
845,FC_PAR2,IXD_PAR,1DC_CDG,SKU_0079,2024-09-21,15,forecast,3.3,False,6.22,13,reorder_point,2.4,False,5.39,10.0,0.415
846,FC_PAR2,IXD_PAR,1DC_CDG,SKU_0059,2024-09-21,203,forecast,5.2,False,177.02,143,reorder_point,1.1,False,124.7,8.0,0.872
847,FC_BER1,IXD_BER,1DC_MAD,SKU_0225,2024-09-21,85,forecast,7.8,False,46.5,45,reorder_point,1.6,False,24.62,8.4,0.547
848,FC_BER1,IXD_BER,1DC_MAD,SKU_0103,2024-09-21,57,forecast,11.5,False,38.65,42,reorder_point,2.9,False,28.48,6.7,0.678
849,FC_BER1,IXD_BER,1DC_MAD,SKU_0133,2024-09-21,54,forecast,11.3,False,58.59,47,reorder_point,2.0,False,50.99,8.0,1.085
850,FC_MUN1,IXD_PAR,1DC_AMS,SKU_0131,2024-09-21,54,forecast,8.0,True,24.57,51,reorder_point,1.5,False,23.21,9.6,0.455
851,FC_MUN1,IXD_PAR,1DC_AMS,SKU_0243,2024-09-21,62,forecast,3.7,False,60.51,49,reorder_point,1.1,False,47.82,6.6,0.976
852,FC_MUN1,IXD_PAR,1DC_AMS,SKU_0005,2024-09-21,234,forecast,6.0,False,155.61,119,reorder_point,0.9,False,79.14,5.8,0.665
853,FC_MUN1,IXD_PAR,1DC_AMS,SKU_0033,2024-09-21,18,forecast,4.5,False,12.92,10,reorder_point,2.0,False,7.18,8.4,0.718
854,FC_BCN1,IXD_BCN,1DC_BCN,SKU_0041,2024-09-22,177,forecast,4.9,False,82.31,113,reorder_point,2.5,False,52.55,7.0,0.465
855,FC_BCN1,IXD_BCN,1DC_BCN,SKU_0237,2024-09-22,14,forecast,4.8,False,12.36,11,reorder_point,2.1,False,9.71,8.3,0.883
856,FC_BCN1,IXD_BCN,1DC_BCN,SKU_0085,2024-09-22,13,forecast,8.2,False,11.22,11,reorder_point,1.5,False,9.49,10.1,0.863
857,FC_BCN1,IXD_BCN,1DC_BCN,SKU_0185,2024-09-22,188,forecast,4.7,True,203.6,140,reorder_point,0.7,False,151.62,10.1,1.083
858,FC_BCN1,IXD_BCN,1DC_BCN,SKU_0220,2024-09-22,228,forecast,7.8,False,228.0,137,reorder_point,0.5,False,137.0,9.8,1.0
859,FC_BCN1,IXD_BCN,1DC_BCN,SKU_0066,2024-09-22,54,forecast,10.2,False,15.98,48,reorder_point,2.3,False,14.21,8.5,0.296
860,FC_BCN1,IXD_BCN,1DC_BCN,SKU_0057,2024-09-22,70,forecast,11.9,False,26.74,49,reorder_point,2.4,False,18.72,5.0,0.382
861,FC_BCN1,IXD_BCN,1DC_BCN,SKU_0158,2024-09-22,14,forecast,5.5,False,9.48,13,reorder_point,1.3,False,8.8,7.4,0.677
862,FC_BCN2,IXD_BCN,1DC_BCN,SKU_0195,2024-09-22,85,forecast,6.6,False,72.08,42,reorder_point,2.3,False,35.62,6.6,0.848
863,FC_BCN2,IXD_BCN,1DC_BCN,SKU_0205,2024-09-22,173,forecast,3.5,False,73.18,114,reorder_point,0.9,True,48.22,8.8,0.423
864,FC_BCN2,IXD_BCN,1DC_BCN,SKU_0147,2024-09-22,183,forecast,12.4,False,200.02,139,reorder_point,2.9,False,151.93,7.5,1.093
865,FC_BCN2,IXD_BCN,1DC_BCN,SKU_0117,2024-09-22,19,forecast,9.0,False,6.74,11,reorder_point,2.4,False,3.9,6.5,0.355
866,FC_MAD1,IXD_MAD,1DC_MAD,SKU_0224,2024-09-22,184,forecast,9.0,False,29.99,132,reorder_point,1.4,False,21.52,11.7,0.163
867,FC_MAD1,IXD_MAD,1DC_MAD,SKU_0094,2024-09-22,66,forecast,3.3,False,14.92,41,reorder_point,2.9,False,9.27,10.6,0.226
868,FC_MAD1,IXD_MAD,1DC_MAD,SKU_0089,2024-09-22,165,forecast,7.8,False,82.17,110,reorder_point,2.7,False,54.78,10.4,0.498
869,FC_MAD1,IXD_MAD,1DC_MAD,SKU_0241,2024-09-22,22,forecast,8.6,False,19.36,13,reorder_point,2.4,False,11.44,8.4,0.88
870,FC_MAD1,IXD_MAD,1DC_MAD,SKU_0145,2024-09-22,84,forecast,8.8,False,53.0,45,reorder_point,1.1,False,28.39,6.3,0.631
871,FC_MAD1,IXD_MAD,1DC_MAD,SKU_0096,2024-09-22,149,forecast,10.5,False,157.19,138,reorder_point,1.1,False,145.59,8.0,1.055
872,FC_MAD1,IXD_MAD,1DC_MAD,SKU_0109,2024-09-22,84,forecast,6.1,False,90.05,53,reorder_point,1.2,False,56.82,6.3,1.072
873,FC_MAD1,IXD_MAD,1DC_MAD,SKU_0229,2024-09-22,183,forecast,6.5,False,152.44,118,reorder_point,0.7,False,98.29,7.9,0.833
874,FC_MAD2,IXD_MAD,1DC_MAD,SKU_0246,2024-09-22,139,forecast,11.3,False,149.56,125,reorder_point,0.9,False,134.5,7.4,1.076
875,FC_MAD2,IXD_MAD,1DC_MAD,SKU_0063,2024-09-22,65,forecast,4.8,False,15.6,48,reorder_point,1.1,False,11.52,9.2,0.24
876,FC_MAD2,IXD_MAD,1DC_MAD,SKU_0103,2024-09-22,54,forecast,11.1,False,46.49,42,reorder_point,1.6,False,36.16,12.8,0.861
877,FC_MAD2,IXD_MAD,1DC_MAD,SKU_0003,2024-09-22,75,forecast,8.7,False,48.08,50,reorder_point,2.0,False,32.05,5.4,0.641
878,FC_MAD2,IXD_MAD,1DC_MAD,SKU_0157,2024-09-22,18,forecast,3.8,False,19.58,14,reorder_point,1.4,False,15.23,9.8,1.088
879,FC_MAD2,IXD_MAD,1DC_MAD,SKU_0098,2024-09-22,83,forecast,5.8,False,32.45,46,reorder_point,0.9,False,17.99,9.9,0.391
880,FC_PAR1,IXD_PAR,1DC_MUC,SKU_0023,2024-09-22,89,forecast,9.6,False,83.39,45,reorder_point,2.7,False,42.16,6.9,0.937
881,FC_PAR1,IXD_PAR,1DC_MUC,SKU_0247,2024-09-22,178,forecast,3.6,False,76.36,135,reorder_point,2.6,False,57.91,10.6,0.429
882,FC_PAR2,IXD_PAR,1DC_CDG,SKU_0022,2024-09-22,13,forecast,10.8,False,4.76,12,reorder_point,1.1,False,4.39,7.0,0.366
883,FC_PAR2,IXD_PAR,1DC_CDG,SKU_0200,2024-09-22,221,forecast,8.4,False,45.97,128,reorder_point,2.0,False,26.62,8.2,0.208
884,FC_PAR2,IXD_PAR,1DC_CDG,SKU_0215,2024-09-22,81,forecast,13.5,False,62.61,42,reorder_point,2.4,False,32.47,8.0,0.773
885,FC_PAR2,IXD_PAR,1DC_CDG,SKU_0232,2024-09-22,19,forecast,12.0,False,2.6,10,reorder_point,2.1,False,1.37,5.0,0.137
886,FC_BER1,IXD_BER,1DC_AMS,SKU_0207,2024-09-22,74,forecast,11.6,False,77.4,40,reorder_point,1.9,True,41.84,9.4,1.046
887,FC_BER1,IXD_BER,1DC_AMS,SKU_0026,2024-09-22,16,forecast,7.5,True,17.06,12,reorder_point,2.7,False,12.79,7.8,1.066
888,FC_BER1,IXD_BER,1DC_AMS,SKU_0071,2024-09-22,180,forecast,3.5,False,55.62,143,reorder_point,1.2,False,44.19,7.0,0.309
889,FC_BER1,IXD_BER,1DC_AMS,SKU_0198,2024-09-22,225,forecast,10.1,False,101.7,135,reorder_point,2.5,False,61.02,7.7,0.452
890,FC_BER1,IXD_BER,1DC_AMS,SKU_0138,2024-09-22,79,forecast,12.2,False,58.38,51,reorder_point,0.8,False,37.69,8.5,0.739
891,FC_BER1,IXD_BER,1DC_AMS,SKU_0081,2024-09-22,19,forecast,10.0,False,8.76,11,reorder_point,2.6,False,5.07,7.5,0.461
892,FC_BER1,IXD_BER,1DC_AMS,SKU_0041,2024-09-22,235,forecast,6.6,False,155.1,128,reorder_point,2.8,False,84.48,10.2,0.66
893,FC_BER1,IXD_BER,1DC_AMS,SKU_0194,2024-09-22,192,forecast,5.0,False,182.78,110,reorder_point,0.7,False,104.72,10.8,0.952
894,FC_MUN1,IXD_MAD,1DC_CDG,SKU_0091,2024-09-22,174,forecast,13.1,False,68.56,142,reorder_point,2.5,False,55.95,7.1,0.394
895,FC_MUN1,IXD_MAD,1DC_CDG,SKU_0146,2024-09-22,236,forecast,6.6,False,76.46,137,reorder_point,1.1,False,44.39,8.9,0.324
896,FC_MUN1,IXD_MAD,1DC_CDG,SKU_0178,2024-09-22,23,forecast,5.7,False,7.91,13,reorder_point,1.0,True,4.47,8.5,0.344
897,FC_MUN1,IXD_MAD,1DC_CDG,SKU_0006,2024-09-22,224,forecast,8.3,False,112.0,128,reorder_point,3.0,False,64.0,9.4,0.5
898,FC_MUN1,IXD_MAD,1DC_CDG,SKU_0148,2024-09-22,22,forecast,13.8,False,8.01,13,reorder_point,3.0,False,4.73,10.5,0.364
899,FC_MUN1,IXD_MAD,1DC_CDG,SKU_0095,2024-09-22,171,forecast,13.2,False,137.14,127,reorder_point,0.7,False,101.85,7.0,0.802
900,FC_BCN1,IXD_BCN,1DC_BCN,SKU_0138,2024-09-23,72,forecast,4.1,False,14.76,53,reorder_point,2.3,False,10.87,11.5,0.205
901,FC_BCN1,IXD_BCN,1DC_BCN,SKU_0212,2024-09-23,197,forecast,10.9,False,30.14,131,reorder_point,1.9,False,20.04,6.2,0.153
902,FC_BCN1,IXD_BCN,1DC_BCN,SKU_0159,2024-09-23,67,forecast,9.5,True,50.25,53,reorder_point,0.6,False,39.75,9.0,0.75
903,FC_BCN1,IXD_BCN,1DC_BCN,SKU_0230,2024-09-23,63,forecast,12.5,False,52.16,49,reorder_point,0.7,False,40.57,4.5,0.828
904,FC_BCN1,IXD_BCN,1DC_BCN,SKU_0183,2024-09-23,19,forecast,7.7,False,7.79,11,reorder_point,1.5,False,4.51,6.6,0.41
905,FC_BCN1,IXD_BCN,1DC_BCN,SKU_0179,2024-09-23,20,forecast,6.6,False,8.28,13,reorder_point,2.9,False,5.38,5.9,0.414
906,FC_BCN1,IXD_BCN,1DC_BCN,SKU_0002,2024-09-23,88,forecast,3.6,False,14.43,48,reorder_point,2.4,False,7.87,7.8,0.164
907,FC_BCN1,IXD_BCN,1DC_BCN,SKU_0106,2024-09-23,79,forecast,11.1,False,47.0,48,reorder_point,2.4,False,28.56,9.6,0.595
908,FC_BCN2,IXD_BCN,1DC_BCN,SKU_0085,2024-09-23,14,forecast,13.4,False,11.14,14,reorder_point,1.5,False,11.14,10.9,0.796
909,FC_BCN2,IXD_BCN,1DC_BCN,SKU_0036,2024-09-23,223,forecast,5.0,False,67.12,114,reorder_point,1.6,False,34.31,9.7,0.301
910,FC_MAD1,IXD_MAD,1DC_MAD,SKU_0166,2024-09-23,200,forecast,6.7,False,216.4,126,reorder_point,0.6,False,136.33,9.3,1.082
911,FC_MAD1,IXD_MAD,1DC_MAD,SKU_0016,2024-09-23,77,forecast,4.1,True,51.44,53,reorder_point,0.5,False,35.4,7.4,0.668
912,FC_MAD1,IXD_MAD,1DC_MAD,SKU_0096,2024-09-23,224,forecast,13.5,False,99.68,130,reorder_point,1.0,False,57.85,11.5,0.445
913,FC_MAD1,IXD_MAD,1DC_MAD,SKU_0224,2024-09-23,205,forecast,4.7,False,187.37,114,reorder_point,1.6,False,104.2,8.8,0.914
914,FC_MAD2,IXD_MAD,1DC_MAD,SKU_0008,2024-09-23,74,forecast,13.3,False,76.59,51,reorder_point,0.8,False,52.78,6.4,1.035
915,FC_MAD2,IXD_MAD,1DC_MAD,SKU_0028,2024-09-23,169,forecast,5.0,False,175.42,140,reorder_point,1.7,False,145.32,12.5,1.038
916,FC_MAD2,IXD_MAD,1DC_MAD,SKU_0238,2024-09-23,203,forecast,12.1,False,70.24,141,reorder_point,2.2,False,48.79,8.4,0.346
917,FC_MAD2,IXD_MAD,1DC_MAD,SKU_0037,2024-09-23,59,forecast,12.0,False,59.59,45,reorder_point,1.4,False,45.45,11.4,1.01
918,FC_MAD2,IXD_MAD,1DC_MAD,SKU_0182,2024-09-23,80,forecast,9.5,False,53.04,41,reorder_point,2.1,False,27.18,6.9,0.663
919,FC_PAR1,IXD_PAR,1DC_MUC,SKU_0101,2024-09-23,21,forecast,10.1,False,10.02,11,reorder_point,2.4,False,5.25,7.2,0.477
920,FC_PAR1,IXD_PAR,1DC_MUC,SKU_0126,2024-09-23,134,forecast,4.1,False,116.71,129,reorder_point,1.3,False,112.36,7.2,0.871
921,FC_PAR1,IXD_PAR,1DC_MUC,SKU_0198,2024-09-23,205,forecast,3.6,False,55.97,114,reorder_point,0.7,False,31.12,8.5,0.273
922,FC_PAR1,IXD_PAR,1DC_MUC,SKU_0081,2024-09-23,21,forecast,8.9,True,3.19,11,reorder_point,1.0,False,1.67,6.2,0.152
923,FC_PAR1,IXD_PAR,1DC_MUC,SKU_0212,2024-09-23,205,forecast,7.8,False,114.19,138,reorder_point,1.8,False,76.87,9.7,0.557
924,FC_PAR1,IXD_PAR,1DC_MUC,SKU_0048,2024-09-23,228,forecast,10.8,True,26.45,115,reorder_point,1.0,False,13.34,8.8,0.116
925,FC_PAR2,IXD_PAR,1DC_AMS,SKU_0231,2024-09-23,20,forecast,13.2,True,18.54,11,reorder_point,2.5,False,10.2,13.8,0.927
926,FC_PAR2,IXD_PAR,1DC_AMS,SKU_0096,2024-09-23,231,forecast,7.4,False,236.08,129,reorder_point,2.1,False,131.84,8.0,1.022
927,FC_PAR2,IXD_PAR,1DC_AMS,SKU_0175,2024-09-23,193,forecast,12.5,False,99.59,115,reorder_point,2.7,False,59.34,8.1,0.516
928,FC_BER1,IXD_BER,1DC_AMS,SKU_0072,2024-09-23,83,forecast,5.1,False,11.79,43,reorder_point,0.5,False,6.11,11.2,0.142
929,FC_BER1,IXD_BER,1DC_AMS,SKU_0197,2024-09-23,180,forecast,10.3,False,76.86,130,reorder_point,0.8,False,55.51,7.4,0.427
930,FC_BER1,IXD_BER,1DC_AMS,SKU_0242,2024-09-23,211,forecast,13.5,False,201.72,133,reorder_point,1.2,False,127.15,8.6,0.956
931,FC_BER1,IXD_BER,1DC_AMS,SKU_0067,2024-09-23,53,forecast,4.3,False,58.09,52,reorder_point,2.9,False,56.99,7.6,1.096
932,FC_BER1,IXD_BER,1DC_AMS,SKU_0121,2024-09-23,68,forecast,4.2,True,11.36,45,reorder_point,0.7,False,7.52,8.5,0.167
933,FC_MUN1,IXD_BER,1DC_MUC,SKU_0113,2024-09-23,21,forecast,7.9,False,3.02,13,reorder_point,1.8,False,1.87,8.8,0.144
934,FC_MUN1,IXD_BER,1DC_MUC,SKU_0004,2024-09-23,87,forecast,6.8,False,64.73,52,reorder_point,1.4,False,38.69,5.6,0.744
935,FC_MUN1,IXD_BER,1DC_MUC,SKU_0101,2024-09-23,17,forecast,13.4,False,9.2,11,reorder_point,2.1,False,5.95,8.4,0.541
936,FC_MUN1,IXD_BER,1DC_MUC,SKU_0216,2024-09-23,59,forecast,8.8,False,46.32,42,reorder_point,2.9,False,32.97,8.1,0.785
937,FC_BCN1,IXD_BCN,1DC_BCN,SKU_0133,2024-09-24,71,forecast,9.8,False,34.15,53,reorder_point,1.4,False,25.49,9.5,0.481
938,FC_BCN1,IXD_BCN,1DC_BCN,SKU_0145,2024-09-24,51,forecast,7.3,False,32.95,52,reorder_point,2.4,True,33.59,9.3,0.646
939,FC_BCN1,IXD_BCN,1DC_BCN,SKU_0006,2024-09-24,202,forecast,13.0,False,158.17,131,reorder_point,1.2,False,102.57,5.7,0.783
940,FC_BCN1,IXD_BCN,1DC_BCN,SKU_0157,2024-09-24,15,forecast,13.8,False,14.69,12,reorder_point,2.7,False,11.75,9.4,0.979
941,FC_BCN1,IXD_BCN,1DC_BCN,SKU_0058,2024-09-24,14,forecast,10.0,False,12.67,14,reorder_point,3.0,False,12.67,8.2,0.905
942,FC_BCN2,IXD_BCN,1DC_BCN,SKU_0011,2024-09-24,68,forecast,10.8,False,30.8,43,reorder_point,1.5,False,19.48,8.8,0.453
943,FC_BCN2,IXD_BCN,1DC_BCN,SKU_0242,2024-09-24,175,forecast,12.7,False,40.78,124,reorder_point,2.9,False,28.89,7.1,0.233
944,FC_BCN2,IXD_BCN,1DC_BCN,SKU_0136,2024-09-24,57,forecast,5.4,False,40.98,43,reorder_point,2.7,False,30.92,10.8,0.719
945,FC_MAD1,IXD_MAD,1DC_MAD,SKU_0141,2024-09-24,84,forecast,11.7,False,84.42,44,reorder_point,1.5,False,44.22,6.6,1.005
946,FC_MAD1,IXD_MAD,1DC_MAD,SKU_0245,2024-09-24,80,forecast,9.9,True,38.72,43,reorder_point,1.9,False,20.81,8.0,0.484
947,FC_MAD1,IXD_MAD,1DC_MAD,SKU_0133,2024-09-24,66,forecast,13.4,True,57.35,43,reorder_point,1.9,False,37.37,11.2,0.869
948,FC_MAD1,IXD_MAD,1DC_MAD,SKU_0165,2024-09-24,17,forecast,11.6,False,3.93,12,reorder_point,1.7,False,2.77,8.2,0.231
949,FC_MAD1,IXD_MAD,1DC_MAD,SKU_0239,2024-09-24,18,forecast,9.7,False,2.18,12,reorder_point,2.1,True,1.45,9.0,0.121
950,FC_MAD2,IXD_MAD,1DC_MAD,SKU_0223,2024-09-24,51,forecast,12.4,False,15.96,52,reorder_point,1.0,False,16.28,8.9,0.313
951,FC_MAD2,IXD_MAD,1DC_MAD,SKU_0216,2024-09-24,52,forecast,9.9,False,46.9,52,reorder_point,1.6,False,46.9,9.2,0.902
952,FC_MAD2,IXD_MAD,1DC_MAD,SKU_0041,2024-09-24,229,forecast,4.7,False,149.31,127,reorder_point,2.0,False,82.8,9.9,0.652
953,FC_MAD2,IXD_MAD,1DC_MAD,SKU_0121,2024-09-24,77,forecast,6.1,False,10.7,43,reorder_point,0.8,False,5.98,9.2,0.139
954,FC_MAD2,IXD_MAD,1DC_MAD,SKU_0226,2024-09-24,173,forecast,7.2,False,178.36,108,reorder_point,2.2,False,111.35,8.1,1.031
955,FC_MAD2,IXD_MAD,1DC_MAD,SKU_0150,2024-09-24,72,forecast,7.9,True,33.84,47,reorder_point,2.2,False,22.09,8.1,0.47
956,FC_MAD2,IXD_MAD,1DC_MAD,SKU_0046,2024-09-24,14,forecast,6.3,False,10.77,11,reorder_point,3.0,False,8.46,9.1,0.769
957,FC_MAD2,IXD_MAD,1DC_MAD,SKU_0247,2024-09-24,200,forecast,6.2,False,138.0,136,reorder_point,1.4,False,93.84,6.0,0.69
958,FC_PAR1,IXD_PAR,1DC_BCN,SKU_0218,2024-09-24,59,forecast,8.6,False,15.75,52,reorder_point,0.6,False,13.88,8.6,0.267
959,FC_PAR1,IXD_PAR,1DC_BCN,SKU_0167,2024-09-24,59,forecast,6.4,False,10.62,46,reorder_point,0.6,False,8.28,8.6,0.18
960,FC_PAR1,IXD_PAR,1DC_BCN,SKU_0142,2024-09-24,50,forecast,12.6,False,15.0,40,reorder_point,1.9,False,12.0,6.5,0.3
961,FC_PAR1,IXD_PAR,1DC_BCN,SKU_0121,2024-09-24,64,forecast,3.4,False,32.45,49,reorder_point,1.3,False,24.84,10.4,0.507
962,FC_PAR2,IXD_PAR,1DC_CDG,SKU_0242,2024-09-24,169,forecast,5.9,False,130.47,118,reorder_point,0.7,False,91.1,6.0,0.772
963,FC_PAR2,IXD_PAR,1DC_CDG,SKU_0207,2024-09-24,76,forecast,6.5,False,35.95,42,reorder_point,2.5,False,19.87,9.1,0.473
964,FC_PAR2,IXD_PAR,1DC_CDG,SKU_0040,2024-09-24,193,forecast,5.6,False,85.11,110,reorder_point,2.3,False,48.51,8.9,0.441
965,FC_BER1,IXD_BER,1DC_MUC,SKU_0040,2024-09-24,194,forecast,13.6,False,46.37,130,reorder_point,1.3,False,31.07,8.0,0.239
966,FC_BER1,IXD_BER,1DC_MUC,SKU_0236,2024-09-24,79,forecast,3.9,False,26.31,53,reorder_point,0.5,False,17.65,8.1,0.333
967,FC_MUN1,IXD_BCN,1DC_MAD,SKU_0083,2024-09-24,199,forecast,5.1,False,137.71,133,reorder_point,1.7,False,92.04,5.6,0.692
968,FC_MUN1,IXD_BCN,1DC_MAD,SKU_0221,2024-09-24,13,forecast,5.0,True,8.35,11,reorder_point,1.0,False,7.06,9.1,0.642
969,FC_MUN1,IXD_BCN,1DC_MAD,SKU_0250,2024-09-24,15,forecast,4.4,False,14.04,11,reorder_point,2.6,False,10.3,8.8,0.936
970,FC_MUN1,IXD_BCN,1DC_MAD,SKU_0076,2024-09-24,196,forecast,8.6,False,123.68,123,reorder_point,2.6,False,77.61,10.3,0.631
971,FC_MUN1,IXD_BCN,1DC_MAD,SKU_0168,2024-09-24,85,forecast,10.5,False,72.76,42,reorder_point,0.7,False,35.95,9.0,0.856
972,FC_BCN1,IXD_BCN,1DC_BCN,SKU_0021,2024-09-25,76,forecast,12.9,False,66.2,53,reorder_point,2.2,False,46.16,8.1,0.871
973,FC_BCN1,IXD_BCN,1DC_BCN,SKU_0235,2024-09-25,64,forecast,10.5,False,37.12,41,reorder_point,1.2,False,23.78,5.7,0.58
974,FC_BCN1,IXD_BCN,1DC_BCN,SKU_0128,2024-09-25,16,forecast,8.4,False,12.66,13,reorder_point,1.1,False,10.28,9.4,0.791
975,FC_BCN1,IXD_BCN,1DC_BCN,SKU_0105,2024-09-25,182,forecast,8.1,False,44.04,138,reorder_point,2.9,False,33.4,10.1,0.242
976,FC_BCN1,IXD_BCN,1DC_BCN,SKU_0193,2024-09-25,65,forecast,13.4,False,16.18,51,reorder_point,1.5,False,12.7,7.3,0.249
977,FC_BCN2,IXD_BCN,1DC_BCN,SKU_0004,2024-09-25,67,forecast,12.0,False,24.86,42,reorder_point,2.9,False,15.58,10.5,0.371
978,FC_BCN2,IXD_BCN,1DC_BCN,SKU_0051,2024-09-25,50,forecast,7.3,False,29.35,53,reorder_point,1.9,False,31.11,8.7,0.587
979,FC_BCN2,IXD_BCN,1DC_BCN,SKU_0186,2024-09-25,69,forecast,7.8,False,55.61,47,reorder_point,2.2,False,37.88,12.0,0.806
980,FC_BCN2,IXD_BCN,1DC_BCN,SKU_0156,2024-09-25,61,forecast,5.6,False,24.89,51,reorder_point,1.5,True,20.81,11.3,0.408
981,FC_MAD1,IXD_MAD,1DC_MAD,SKU_0087,2024-09-25,75,forecast,10.5,False,72.3,42,reorder_point,0.8,False,40.49,8.0,0.964
982,FC_MAD1,IXD_MAD,1DC_MAD,SKU_0095,2024-09-25,193,forecast,8.2,True,152.08,121,reorder_point,1.1,False,95.35,5.3,0.788
983,FC_MAD1,IXD_MAD,1DC_MAD,SKU_0233,2024-09-25,22,forecast,6.4,False,6.47,14,reorder_point,2.5,False,4.12,7.1,0.294
984,FC_MAD2,IXD_MAD,1DC_MAD,SKU_0248,2024-09-25,62,forecast,10.0,False,57.04,43,reorder_point,2.0,False,39.56,7.7,0.92
985,FC_MAD2,IXD_MAD,1DC_MAD,SKU_0126,2024-09-25,192,forecast,12.8,False,108.1,139,reorder_point,1.5,False,78.26,7.5,0.563
986,FC_MAD2,IXD_MAD,1DC_MAD,SKU_0231,2024-09-25,22,forecast,13.5,False,8.27,12,reorder_point,2.4,False,4.51,10.5,0.376
987,FC_PAR1,IXD_PAR,1DC_BCN,SKU_0218,2024-09-25,80,forecast,8.2,False,84.56,40,reorder_point,1.4,False,42.28,5.6,1.057
988,FC_PAR1,IXD_PAR,1DC_BCN,SKU_0125,2024-09-25,89,forecast,9.7,False,62.12,51,reorder_point,2.1,False,35.6,7.3,0.698
989,FC_PAR1,IXD_PAR,1DC_BCN,SKU_0031,2024-09-25,61,forecast,3.7,False,58.13,47,reorder_point,1.8,False,44.79,6.5,0.953
990,FC_PAR1,IXD_PAR,1DC_BCN,SKU_0077,2024-09-25,160,forecast,4.6,True,90.4,131,reorder_point,2.4,False,74.01,10.5,0.565
991,FC_PAR2,IXD_PAR,1DC_BCN,SKU_0161,2024-09-25,173,forecast,4.7,False,66.61,119,reorder_point,2.8,False,45.81,9.3,0.385
992,FC_PAR2,IXD_PAR,1DC_BCN,SKU_0151,2024-09-25,54,forecast,13.5,False,22.41,52,reorder_point,1.9,False,21.58,10.8,0.415
993,FC_PAR2,IXD_PAR,1DC_BCN,SKU_0185,2024-09-25,172,forecast,3.3,False,72.93,119,reorder_point,0.9,False,50.46,8.7,0.424
994,FC_PAR2,IXD_PAR,1DC_BCN,SKU_0194,2024-09-25,193,forecast,12.7,True,32.42,133,reorder_point,0.8,False,22.34,5.9,0.168
995,FC_PAR2,IXD_PAR,1DC_BCN,SKU_0039,2024-09-25,53,forecast,4.8,False,9.01,41,reorder_point,1.4,False,6.97,9.9,0.17
996,FC_BER1,IXD_BER,1DC_AMS,SKU_0016,2024-09-25,70,forecast,10.1,False,38.36,42,reorder_point,2.6,False,23.02,9.3,0.548
997,FC_BER1,IXD_BER,1DC_AMS,SKU_0030,2024-09-25,214,forecast,12.6,False,123.91,110,reorder_point,2.2,True,63.69,6.8,0.579
998,FC_BER1,IXD_BER,1DC_AMS,SKU_0011,2024-09-25,58,forecast,5.6,False,49.65,52,reorder_point,1.8,False,44.51,6.3,0.856
999,FC_BER1,IXD_BER,1DC_AMS,SKU_0172,2024-09-25,65,forecast,8.6,False,8.84,40,reorder_point,2.3,False,5.44,9.6,0.136
1000,FC_BER1,IXD_BER,1DC_AMS,SKU_0059,2024-09-25,194,forecast,3.1,False,51.22,128,reorder_point,1.4,False,33.79,9.0,0.264
1001,FC_BER1,IXD_BER,1DC_AMS,SKU_0055,2024-09-25,14,forecast,3.1,False,11.96,13,reorder_point,1.2,False,11.1,5.9,0.854
1002,FC_MUN1,IXD_PAR,1DC_CDG,SKU_0084,2024-09-25,85,forecast,7.3,False,65.62,46,reorder_point,1.6,False,35.51,10.7,0.772
1003,FC_MUN1,IXD_PAR,1DC_CDG,SKU_0198,2024-09-25,175,forecast,5.0,True,148.22,136,reorder_point,2.4,False,115.19,9.2,0.847
1004,FC_MUN1,IXD_PAR,1DC_CDG,SKU_0214,2024-09-25,20,forecast,5.4,False,6.6,11,reorder_point,1.7,False,3.63,10.7,0.33
1005,FC_BCN1,IXD_BCN,1DC_BCN,SKU_0065,2024-09-26,58,forecast,3.3,True,24.77,51,reorder_point,2.7,False,21.78,10.2,0.427
1006,FC_BCN1,IXD_BCN,1DC_BCN,SKU_0101,2024-09-26,19,forecast,4.8,False,18.18,12,reorder_point,1.2,False,11.48,7.9,0.957
1007,FC_BCN1,IXD_BCN,1DC_BCN,SKU_0064,2024-09-26,14,forecast,4.2,True,7.63,10,reorder_point,0.6,True,5.45,8.5,0.545
1008,FC_BCN1,IXD_BCN,1DC_BCN,SKU_0187,2024-09-26,72,forecast,4.8,True,70.27,43,reorder_point,1.0,False,41.97,8.5,0.976
1009,FC_BCN1,IXD_BCN,1DC_BCN,SKU_0020,2024-09-26,162,forecast,10.2,False,175.45,109,reorder_point,0.8,False,118.05,4.5,1.083
1010,FC_BCN1,IXD_BCN,1DC_BCN,SKU_0235,2024-09-26,57,forecast,13.1,False,32.89,49,reorder_point,0.6,False,28.27,9.6,0.577
1011,FC_BCN1,IXD_BCN,1DC_BCN,SKU_0004,2024-09-26,54,forecast,11.0,False,8.8,52,reorder_point,2.2,False,8.48,10.8,0.163
1012,FC_BCN1,IXD_BCN,1DC_BCN,SKU_0178,2024-09-26,14,forecast,3.7,False,7.17,10,reorder_point,1.7,False,5.12,8.8,0.512
1013,FC_BCN2,IXD_BCN,1DC_BCN,SKU_0148,2024-09-26,22,forecast,10.2,False,16.96,13,reorder_point,2.3,False,10.02,8.9,0.771
1014,FC_BCN2,IXD_BCN,1DC_BCN,SKU_0247,2024-09-26,226,forecast,5.6,False,211.31,108,reorder_point,2.1,False,100.98,9.9,0.935
1015,FC_MAD1,IXD_MAD,1DC_MAD,SKU_0144,2024-09-26,234,forecast,8.4,False,133.85,138,reorder_point,0.6,False,78.94,6.9,0.572
1016,FC_MAD1,IXD_MAD,1DC_MAD,SKU_0042,2024-09-26,17,forecast,12.9,False,8.62,12,reorder_point,1.3,False,6.08,7.4,0.507
1017,FC_MAD1,IXD_MAD,1DC_MAD,SKU_0149,2024-09-26,65,forecast,8.1,False,29.9,44,reorder_point,2.5,False,20.24,6.3,0.46
1018,FC_MAD1,IXD_MAD,1DC_MAD,SKU_0111,2024-09-26,141,forecast,5.8,False,90.1,141,reorder_point,2.1,False,90.1,8.6,0.639
1019,FC_MAD1,IXD_MAD,1DC_MAD,SKU_0175,2024-09-26,149,forecast,3.5,False,38.59,138,reorder_point,2.1,False,35.74,5.2,0.259
1020,FC_MAD2,IXD_MAD,1DC_MAD,SKU_0147,2024-09-26,147,forecast,12.0,False,31.16,132,reorder_point,0.7,False,27.98,7.7,0.212
1021,FC_MAD2,IXD_MAD,1DC_MAD,SKU_0129,2024-09-26,71,forecast,8.7,False,63.05,43,reorder_point,1.9,False,38.18,8.3,0.888
1022,FC_MAD2,IXD_MAD,1DC_MAD,SKU_0126,2024-09-26,144,forecast,11.1,False,70.99,127,reorder_point,1.5,False,62.61,5.8,0.493
1023,FC_MAD2,IXD_MAD,1DC_MAD,SKU_0148,2024-09-26,16,forecast,7.5,False,4.61,11,reorder_point,2.1,False,3.17,10.4,0.288
1024,FC_MAD2,IXD_MAD,1DC_MAD,SKU_0001,2024-09-26,228,forecast,13.7,False,92.8,125,reorder_point,2.8,False,50.88,5.2,0.407
1025,FC_MAD2,IXD_MAD,1DC_MAD,SKU_0194,2024-09-26,175,forecast,12.1,False,50.05,111,reorder_point,2.5,True,31.75,9.4,0.286
1026,FC_MAD2,IXD_MAD,1DC_MAD,SKU_0199,2024-09-26,77,forecast,3.7,False,8.55,42,reorder_point,2.9,False,4.66,8.7,0.111
1027,FC_MAD2,IXD_MAD,1DC_MAD,SKU_0153,2024-09-26,164,forecast,7.3,False,96.92,123,reorder_point,2.0,False,72.69,8.1,0.591
1028,FC_PAR1,IXD_PAR,1DC_MAD,SKU_0082,2024-09-26,63,forecast,5.8,False,32.95,51,reorder_point,2.4,False,26.67,8.2,0.523
1029,FC_PAR1,IXD_PAR,1DC_MAD,SKU_0151,2024-09-26,74,forecast,6.9,False,42.55,47,reorder_point,0.6,True,27.02,4.6,0.575
1030,FC_PAR1,IXD_PAR,1DC_MAD,SKU_0140,2024-09-26,14,forecast,5.7,False,6.12,13,reorder_point,0.7,False,5.68,8.8,0.437
1031,FC_PAR1,IXD_PAR,1DC_MAD,SKU_0155,2024-09-26,89,forecast,3.4,False,20.29,50,reorder_point,2.6,False,11.4,8.3,0.228
1032,FC_PAR1,IXD_PAR,1DC_MAD,SKU_0221,2024-09-26,20,forecast,3.3,False,13.3,11,reorder_point,1.0,False,7.32,8.6,0.665
1033,FC_PAR2,IXD_PAR,1DC_MUC,SKU_0186,2024-09-26,51,forecast,9.4,False,21.98,47,reorder_point,2.8,False,20.26,9.3,0.431
1034,FC_PAR2,IXD_PAR,1DC_MUC,SKU_0029,2024-09-26,206,forecast,13.7,True,174.07,125,reorder_point,1.1,False,105.62,9.8,0.845
1035,FC_PAR2,IXD_PAR,1DC_MUC,SKU_0168,2024-09-26,86,forecast,11.5,True,46.87,42,reorder_point,1.4,False,22.89,9.2,0.545
1036,FC_PAR2,IXD_PAR,1DC_MUC,SKU_0180,2024-09-26,234,forecast,4.3,False,29.02,112,reorder_point,2.9,False,13.89,7.4,0.124
1037,FC_PAR2,IXD_PAR,1DC_MUC,SKU_0128,2024-09-26,17,forecast,10.7,True,6.44,12,reorder_point,2.2,False,4.55,10.1,0.379
1038,FC_PAR2,IXD_PAR,1DC_MUC,SKU_0143,2024-09-26,20,forecast,3.7,False,12.14,13,reorder_point,2.2,False,7.89,9.8,0.607
1039,FC_PAR2,IXD_PAR,1DC_MUC,SKU_0063,2024-09-26,86,forecast,12.6,False,40.68,42,reorder_point,1.9,False,19.87,2.8,0.473
1040,FC_BER1,IXD_BER,1DC_CDG,SKU_0018,2024-09-26,88,forecast,10.2,False,35.2,42,reorder_point,0.6,False,16.8,10.5,0.4
1041,FC_BER1,IXD_BER,1DC_CDG,SKU_0192,2024-09-26,77,forecast,3.1,True,75.46,51,reorder_point,0.8,False,49.98,8.3,0.98
1042,FC_BER1,IXD_BER,1DC_CDG,SKU_0036,2024-09-26,166,forecast,5.7,False,52.12,115,reorder_point,2.2,False,36.11,8.4,0.314
1043,FC_BER1,IXD_BER,1DC_CDG,SKU_0045,2024-09-26,173,forecast,10.0,False,29.06,136,reorder_point,0.9,False,22.85,4.9,0.168
1044,FC_BER1,IXD_BER,1DC_CDG,SKU_0132,2024-09-26,89,forecast,3.8,False,92.38,48,reorder_point,1.5,False,49.82,8.3,1.038
1045,FC_MUN1,IXD_PAR,1DC_AMS,SKU_0193,2024-09-26,66,forecast,12.6,False,63.82,40,reorder_point,2.2,False,38.68,6.6,0.967
1046,FC_MUN1,IXD_PAR,1DC_AMS,SKU_0192,2024-09-26,86,forecast,8.3,False,63.21,47,reorder_point,1.5,False,34.55,10.1,0.735
1047,FC_BCN1,IXD_BCN,1DC_BCN,SKU_0154,2024-09-27,188,forecast,8.5,True,164.12,129,reorder_point,1.5,False,112.62,7.6,0.873
1048,FC_BCN1,IXD_BCN,1DC_BCN,SKU_0011,2024-09-27,64,forecast,7.3,False,40.64,51,reorder_point,2.8,False,32.38,5.5,0.635
1049,FC_BCN1,IXD_BCN,1DC_BCN,SKU_0084,2024-09-27,86,forecast,12.4,False,67.25,47,reorder_point,2.4,False,36.75,6.5,0.782
1050,FC_BCN2,IXD_BCN,1DC_BCN,SKU_0170,2024-09-27,216,forecast,4.5,False,154.66,132,reorder_point,2.9,False,94.51,7.3,0.716
1051,FC_BCN2,IXD_BCN,1DC_BCN,SKU_0017,2024-09-27,15,forecast,6.0,False,9.99,11,reorder_point,1.8,False,7.33,11.8,0.666
1052,FC_BCN2,IXD_BCN,1DC_BCN,SKU_0090,2024-09-27,88,forecast,5.1,False,67.76,49,reorder_point,1.2,False,37.73,6.3,0.77
1053,FC_BCN2,IXD_BCN,1DC_BCN,SKU_0049,2024-09-27,80,forecast,12.8,False,33.68,50,reorder_point,1.2,False,21.05,7.0,0.421
1054,FC_BCN2,IXD_BCN,1DC_BCN,SKU_0205,2024-09-27,181,forecast,8.7,False,126.34,134,reorder_point,1.2,False,93.53,10.2,0.698
1055,FC_BCN2,IXD_BCN,1DC_BCN,SKU_0163,2024-09-27,83,forecast,5.0,False,52.87,47,reorder_point,1.1,False,29.94,8.2,0.637
1056,FC_MAD1,IXD_MAD,1DC_MAD,SKU_0066,2024-09-27,74,forecast,5.8,False,21.39,51,reorder_point,3.0,True,14.74,10.8,0.289
1057,FC_MAD1,IXD_MAD,1DC_MAD,SKU_0240,2024-09-27,15,forecast,8.4,False,16.23,12,reorder_point,2.6,False,12.98,7.3,1.082
1058,FC_MAD1,IXD_MAD,1DC_MAD,SKU_0161,2024-09-27,238,forecast,9.5,False,109.72,121,reorder_point,0.8,False,55.78,9.2,0.461
1059,FC_MAD2,IXD_MAD,1DC_MAD,SKU_0014,2024-09-27,51,forecast,3.8,False,7.14,47,reorder_point,0.8,False,6.58,8.4,0.14
1060,FC_MAD2,IXD_MAD,1DC_MAD,SKU_0170,2024-09-27,193,forecast,3.1,False,63.69,130,reorder_point,1.2,False,42.9,6.6,0.33
1061,FC_MAD2,IXD_MAD,1DC_MAD,SKU_0159,2024-09-27,73,forecast,11.3,False,19.86,45,reorder_point,1.1,True,12.24,5.9,0.272
1062,FC_MAD2,IXD_MAD,1DC_MAD,SKU_0248,2024-09-27,82,forecast,5.2,False,88.48,53,reorder_point,0.7,False,57.19,7.0,1.079
1063,FC_MAD2,IXD_MAD,1DC_MAD,SKU_0070,2024-09-27,82,forecast,4.4,False,31.08,45,reorder_point,1.1,False,17.05,11.6,0.379
1064,FC_MAD2,IXD_MAD,1DC_MAD,SKU_0001,2024-09-27,157,forecast,6.4,False,31.4,129,reorder_point,1.5,False,25.8,6.0,0.2
1065,FC_MAD2,IXD_MAD,1DC_MAD,SKU_0021,2024-09-27,66,forecast,7.9,False,20.13,52,reorder_point,2.6,False,15.86,11.5,0.305
1066,FC_MAD2,IXD_MAD,1DC_MAD,SKU_0173,2024-09-27,18,forecast,11.7,False,16.88,11,reorder_point,1.7,False,10.32,8.9,0.938
1067,FC_PAR1,IXD_PAR,1DC_MUC,SKU_0096,2024-09-27,147,forecast,3.9,False,54.98,132,reorder_point,0.9,False,49.37,8.8,0.374
1068,FC_PAR1,IXD_PAR,1DC_MUC,SKU_0184,2024-09-27,163,forecast,5.5,False,56.07,124,reorder_point,0.6,False,42.66,10.1,0.344
1069,FC_PAR1,IXD_PAR,1DC_MUC,SKU_0179,2024-09-27,13,forecast,10.8,True,6.81,12,reorder_point,1.4,True,6.29,6.7,0.524
1070,FC_PAR2,IXD_PAR,1DC_AMS,SKU_0090,2024-09-27,58,forecast,7.0,False,43.21,46,reorder_point,0.9,False,34.27,9.3,0.745
1071,FC_PAR2,IXD_PAR,1DC_AMS,SKU_0154,2024-09-27,189,forecast,5.2,True,135.13,121,reorder_point,0.6,False,86.52,8.2,0.715
1072,FC_PAR2,IXD_PAR,1DC_AMS,SKU_0142,2024-09-27,51,forecast,3.9,False,19.33,46,reorder_point,1.2,False,17.43,7.5,0.379
1073,FC_PAR2,IXD_PAR,1DC_AMS,SKU_0235,2024-09-27,57,forecast,7.5,False,55.4,41,reorder_point,2.7,False,39.85,5.7,0.972
1074,FC_BER1,IXD_BER,1DC_BCN,SKU_0141,2024-09-27,68,forecast,7.7,False,12.04,40,reorder_point,2.9,False,7.08,7.1,0.177
1075,FC_BER1,IXD_BER,1DC_BCN,SKU_0198,2024-09-27,142,forecast,12.0,False,146.54,112,reorder_point,1.7,False,115.58,8.3,1.032
1076,FC_BER1,IXD_BER,1DC_BCN,SKU_0063,2024-09-27,81,forecast,6.6,False,80.59,44,reorder_point,2.5,False,43.78,7.5,0.995
1077,FC_BER1,IXD_BER,1DC_BCN,SKU_0101,2024-09-27,14,forecast,3.5,False,4.84,11,reorder_point,2.7,False,3.81,7.2,0.346
1078,FC_MUN1,IXD_MAD,1DC_MAD,SKU_0064,2024-09-27,14,forecast,9.7,True,8.81,14,reorder_point,0.8,False,8.81,7.8,0.629
1079,FC_MUN1,IXD_MAD,1DC_MAD,SKU_0126,2024-09-27,205,forecast,7.3,False,144.73,122,reorder_point,1.8,False,86.13,10.1,0.706
1080,FC_MUN1,IXD_MAD,1DC_MAD,SKU_0184,2024-09-27,222,forecast,7.5,False,50.17,141,reorder_point,0.9,False,31.87,7.9,0.226
1081,FC_MUN1,IXD_MAD,1DC_MAD,SKU_0010,2024-09-27,57,forecast,9.6,False,23.65,44,reorder_point,2.0,False,18.26,7.3,0.415
1082,FC_MUN1,IXD_MAD,1DC_MAD,SKU_0051,2024-09-27,79,forecast,5.4,False,67.86,50,reorder_point,1.6,False,42.95,9.7,0.859
1083,FC_MUN1,IXD_MAD,1DC_MAD,SKU_0036,2024-09-27,202,forecast,6.3,False,114.13,108,reorder_point,1.1,False,61.02,6.5,0.565
1084,FC_MUN1,IXD_MAD,1DC_MAD,SKU_0226,2024-09-27,154,forecast,4.4,False,30.95,116,reorder_point,0.9,False,23.32,8.7,0.201
1085,FC_BCN1,IXD_BCN,1DC_BCN,SKU_0014,2024-09-28,63,forecast,13.0,False,8.88,52,reorder_point,0.7,False,7.33,9.5,0.141
1086,FC_BCN1,IXD_BCN,1DC_BCN,SKU_0223,2024-09-28,83,forecast,3.7,False,16.68,44,reorder_point,1.8,True,8.84,6.4,0.201
1087,FC_BCN1,IXD_BCN,1DC_BCN,SKU_0191,2024-09-28,208,forecast,6.0,True,116.48,115,reorder_point,1.8,True,64.4,5.9,0.56
1088,FC_BCN1,IXD_BCN,1DC_BCN,SKU_0160,2024-09-28,16,forecast,7.0,False,8.53,12,reorder_point,2.7,False,6.4,10.3,0.533
1089,FC_BCN2,IXD_BCN,1DC_BCN,SKU_0010,2024-09-28,76,forecast,9.0,False,61.86,47,reorder_point,3.0,False,38.26,9.2,0.814
1090,FC_BCN2,IXD_BCN,1DC_BCN,SKU_0188,2024-09-28,78,forecast,5.9,False,38.53,52,reorder_point,0.7,False,25.69,7.1,0.494
1091,FC_BCN2,IXD_BCN,1DC_BCN,SKU_0011,2024-09-28,51,forecast,3.1,False,34.07,46,reorder_point,1.0,False,30.73,9.9,0.668
1092,FC_BCN2,IXD_BCN,1DC_BCN,SKU_0235,2024-09-28,58,forecast,13.9,False,18.5,41,reorder_point,2.3,False,13.08,7.2,0.319
1093,FC_BCN2,IXD_BCN,1DC_BCN,SKU_0235,2024-09-28,89,forecast,13.2,False,84.64,41,reorder_point,1.6,False,38.99,4.8,0.951
1094,FC_BCN2,IXD_BCN,1DC_BCN,SKU_0245,2024-09-28,88,forecast,9.3,False,37.58,52,reorder_point,2.4,False,22.2,5.1,0.427
1095,FC_MAD1,IXD_MAD,1DC_MAD,SKU_0171,2024-09-28,205,forecast,10.9,False,119.51,118,reorder_point,2.0,False,68.79,8.6,0.583
1096,FC_MAD1,IXD_MAD,1DC_MAD,SKU_0085,2024-09-28,23,forecast,6.3,False,20.75,14,reorder_point,0.6,False,12.63,8.9,0.902
1097,FC_MAD1,IXD_MAD,1DC_MAD,SKU_0066,2024-09-28,53,forecast,4.6,False,42.24,51,reorder_point,2.7,False,40.65,11.9,0.797
1098,FC_MAD2,IXD_MAD,1DC_MAD,SKU_0093,2024-09-28,17,forecast,7.4,False,17.82,11,reorder_point,1.1,False,11.53,6.2,1.048
1099,FC_MAD2,IXD_MAD,1DC_MAD,SKU_0170,2024-09-28,139,forecast,6.5,False,144.28,123,reorder_point,2.5,False,127.67,8.1,1.038
1100,FC_MAD2,IXD_MAD,1DC_MAD,SKU_0031,2024-09-28,61,forecast,8.4,False,32.33,53,reorder_point,1.5,False,28.09,8.6,0.53
1101,FC_MAD2,IXD_MAD,1DC_MAD,SKU_0061,2024-09-28,162,forecast,9.7,False,145.15,113,reorder_point,1.3,False,101.25,9.1,0.896
1102,FC_MAD2,IXD_MAD,1DC_MAD,SKU_0003,2024-09-28,55,forecast,7.7,False,13.86,53,reorder_point,2.5,False,13.36,8.9,0.252
1103,FC_MAD2,IXD_MAD,1DC_MAD,SKU_0014,2024-09-28,49,forecast,5.0,False,32.93,53,reorder_point,1.4,False,35.62,9.3,0.672
1104,FC_PAR1,IXD_PAR,1DC_MAD,SKU_0229,2024-09-28,165,forecast,4.1,False,168.79,110,reorder_point,0.6,True,112.53,7.0,1.023
1105,FC_PAR1,IXD_PAR,1DC_MAD,SKU_0203,2024-09-28,56,forecast,7.3,False,21.5,41,reorder_point,2.0,False,15.74,5.1,0.384
1106,FC_PAR1,IXD_PAR,1DC_MAD,SKU_0017,2024-09-28,18,forecast,12.4,False,5.83,13,reorder_point,1.8,False,4.21,7.9,0.324
1107,FC_PAR2,IXD_PAR,1DC_CDG,SKU_0101,2024-09-28,22,forecast,10.3,False,11.02,13,reorder_point,1.4,False,6.51,7.7,0.501
1108,FC_PAR2,IXD_PAR,1DC_CDG,SKU_0207,2024-09-28,87,forecast,11.7,False,69.86,49,reorder_point,1.0,False,39.35,11.2,0.803
1109,FC_BER1,IXD_BER,1DC_MAD,SKU_0016,2024-09-28,73,forecast,4.3,False,49.57,46,reorder_point,0.9,False,31.23,8.9,0.679
1110,FC_BER1,IXD_BER,1DC_MAD,SKU_0184,2024-09-28,184,forecast,7.5,False,74.15,132,reorder_point,2.2,False,53.2,5.8,0.403
1111,FC_MUN1,IXD_MAD,1DC_AMS,SKU_0009,2024-09-28,17,forecast,7.3,False,9.59,10,reorder_point,2.6,False,5.64,6.0,0.564
1112,FC_MUN1,IXD_MAD,1DC_AMS,SKU_0248,2024-09-28,65,forecast,10.8,False,33.93,42,reorder_point,1.3,False,21.92,10.6,0.522
1113,FC_MUN1,IXD_MAD,1DC_AMS,SKU_0081,2024-09-28,23,forecast,11.3,False,22.45,11,reorder_point,2.7,False,10.74,8.5,0.976
1114,FC_MUN1,IXD_MAD,1DC_AMS,SKU_0086,2024-09-28,14,forecast,12.7,False,11.49,12,reorder_point,2.9,False,9.85,9.3,0.821
1115,FC_MUN1,IXD_MAD,1DC_AMS,SKU_0107,2024-09-28,51,forecast,3.1,False,54.52,45,reorder_point,2.0,False,48.1,10.9,1.069
1116,FC_MUN1,IXD_MAD,1DC_AMS,SKU_0052,2024-09-28,154,forecast,6.7,False,152.46,134,reorder_point,1.8,False,132.66,10.4,0.99
1117,FC_MUN1,IXD_MAD,1DC_AMS,SKU_0152,2024-09-28,74,forecast,9.7,False,47.29,53,reorder_point,2.5,False,33.87,8.1,0.639
1118,FC_BCN1,IXD_BCN,1DC_BCN,SKU_0117,2024-09-29,13,forecast,6.7,False,12.71,13,reorder_point,2.5,False,12.71,6.3,0.978
1119,FC_BCN1,IXD_BCN,1DC_BCN,SKU_0238,2024-09-29,182,forecast,12.7,False,173.26,141,reorder_point,2.6,False,134.23,8.2,0.952
1120,FC_BCN1,IXD_BCN,1DC_BCN,SKU_0210,2024-09-29,58,forecast,12.9,False,61.02,44,reorder_point,1.8,False,46.29,12.3,1.052
1121,FC_BCN1,IXD_BCN,1DC_BCN,SKU_0116,2024-09-29,157,forecast,3.0,True,18.21,110,reorder_point,2.5,False,12.76,11.9,0.116
1122,FC_BCN1,IXD_BCN,1DC_BCN,SKU_0223,2024-09-29,88,forecast,11.7,False,95.83,44,reorder_point,2.0,False,47.92,6.0,1.089
1123,FC_BCN1,IXD_BCN,1DC_BCN,SKU_0055,2024-09-29,18,forecast,9.1,False,13.61,13,reorder_point,2.8,False,9.83,8.3,0.756
1124,FC_BCN1,IXD_BCN,1DC_BCN,SKU_0004,2024-09-29,77,forecast,3.9,False,65.37,53,reorder_point,0.6,False,45.0,7.4,0.849
1125,FC_BCN1,IXD_BCN,1DC_BCN,SKU_0067,2024-09-29,56,forecast,6.2,False,21.78,42,reorder_point,1.6,False,16.34,6.5,0.389
1126,FC_BCN2,IXD_BCN,1DC_BCN,SKU_0178,2024-09-29,19,forecast,3.8,False,6.46,13,reorder_point,2.6,True,4.42,10.8,0.34
1127,FC_BCN2,IXD_BCN,1DC_BCN,SKU_0200,2024-09-29,215,forecast,11.3,False,136.53,114,reorder_point,2.4,False,72.39,5.1,0.635
1128,FC_BCN2,IXD_BCN,1DC_BCN,SKU_0131,2024-09-29,54,forecast,10.3,False,26.35,41,reorder_point,2.5,False,20.01,8.5,0.488
1129,FC_BCN2,IXD_BCN,1DC_BCN,SKU_0049,2024-09-29,71,forecast,5.8,True,17.47,52,reorder_point,2.5,False,12.79,9.1,0.246
1130,FC_BCN2,IXD_BCN,1DC_BCN,SKU_0042,2024-09-29,18,forecast,10.6,False,7.92,14,reorder_point,2.4,False,6.16,8.8,0.44
1131,FC_BCN2,IXD_BCN,1DC_BCN,SKU_0100,2024-09-29,81,forecast,7.8,False,55.57,50,reorder_point,1.5,False,34.3,7.0,0.686
1132,FC_MAD1,IXD_MAD,1DC_MAD,SKU_0018,2024-09-29,89,forecast,11.2,False,49.66,53,reorder_point,2.5,False,29.57,7.1,0.558
1133,FC_MAD1,IXD_MAD,1DC_MAD,SKU_0083,2024-09-29,201,forecast,5.2,True,150.55,124,reorder_point,0.5,False,92.88,12.7,0.749
1134,FC_MAD1,IXD_MAD,1DC_MAD,SKU_0107,2024-09-29,79,forecast,3.1,False,49.06,46,reorder_point,0.8,False,28.57,8.2,0.621
1135,FC_MAD1,IXD_MAD,1DC_MAD,SKU_0197,2024-09-29,144,forecast,4.5,False,134.64,143,reorder_point,2.3,False,133.71,8.2,0.935
1136,FC_MAD1,IXD_MAD,1DC_MAD,SKU_0082,2024-09-29,59,forecast,8.9,False,45.13,41,reorder_point,0.8,False,31.37,8.2,0.765
1137,FC_MAD1,IXD_MAD,1DC_MAD,SKU_0036,2024-09-29,207,forecast,12.0,False,123.79,118,reorder_point,2.6,False,70.56,10.2,0.598
1138,FC_MAD1,IXD_MAD,1DC_MAD,SKU_0190,2024-09-29,61,forecast,3.3,False,62.89,44,reorder_point,2.3,False,45.36,8.2,1.031
1139,FC_MAD2,IXD_MAD,1DC_MAD,SKU_0154,2024-09-29,223,forecast,7.0,False,200.7,117,reorder_point,1.3,False,105.3,9.0,0.9
1140,FC_MAD2,IXD_MAD,1DC_MAD,SKU_0060,2024-09-29,137,forecast,6.4,False,111.38,135,reorder_point,2.8,False,109.75,9.6,0.813
1141,FC_MAD2,IXD_MAD,1DC_MAD,SKU_0240,2024-09-29,19,forecast,10.6,False,19.36,12,reorder_point,1.2,False,12.23,8.5,1.019
1142,FC_MAD2,IXD_MAD,1DC_MAD,SKU_0108,2024-09-29,53,forecast,6.7,False,5.51,42,reorder_point,0.7,False,4.37,8.0,0.104
1143,FC_MAD2,IXD_MAD,1DC_MAD,SKU_0229,2024-09-29,183,forecast,8.2,False,33.31,127,reorder_point,1.2,False,23.11,5.5,0.182
1144,FC_MAD2,IXD_MAD,1DC_MAD,SKU_0044,2024-09-29,56,forecast,13.1,False,46.42,41,reorder_point,2.5,False,33.99,7.3,0.829
1145,FC_PAR1,IXD_PAR,1DC_BCN,SKU_0189,2024-09-29,88,forecast,12.5,False,77.09,53,reorder_point,0.5,False,46.43,8.0,0.876
1146,FC_PAR1,IXD_PAR,1DC_BCN,SKU_0049,2024-09-29,69,forecast,5.6,False,27.12,48,reorder_point,1.5,False,18.86,11.7,0.393
1147,FC_PAR1,IXD_PAR,1DC_BCN,SKU_0035,2024-09-29,175,forecast,9.5,False,130.9,118,reorder_point,1.1,False,88.26,9.8,0.748
1148,FC_PAR2,IXD_PAR,1DC_AMS,SKU_0030,2024-09-29,175,forecast,5.1,False,38.5,112,reorder_point,1.0,False,24.64,9.8,0.22
1149,FC_PAR2,IXD_PAR,1DC_AMS,SKU_0172,2024-09-29,59,forecast,10.8,False,22.24,43,reorder_point,0.6,False,16.21,4.8,0.377
1150,FC_BER1,IXD_BER,1DC_MAD,SKU_0001,2024-09-29,202,forecast,10.9,False,49.29,108,reorder_point,0.8,False,26.35,11.4,0.244
1151,FC_BER1,IXD_BER,1DC_MAD,SKU_0186,2024-09-29,75,forecast,4.4,False,71.85,53,reorder_point,1.4,False,50.77,8.1,0.958
1152,FC_BER1,IXD_BER,1DC_MAD,SKU_0038,2024-09-29,154,forecast,6.9,False,161.55,138,reorder_point,2.2,False,144.76,11.1,1.049
1153,FC_BER1,IXD_BER,1DC_MAD,SKU_0112,2024-09-29,13,forecast,3.0,False,6.67,11,reorder_point,2.7,False,5.64,7.1,0.513
1154,FC_BER1,IXD_BER,1DC_MAD,SKU_0226,2024-09-29,163,forecast,6.1,False,26.89,135,reorder_point,1.7,False,22.28,8.9,0.165
1155,FC_BER1,IXD_BER,1DC_MAD,SKU_0117,2024-09-29,16,forecast,10.1,False,5.14,13,reorder_point,1.2,False,4.17,7.7,0.321
1156,FC_MUN1,IXD_MAD,1DC_MAD,SKU_0061,2024-09-29,201,forecast,7.2,False,73.97,127,reorder_point,2.1,False,46.74,9.2,0.368
1157,FC_MUN1,IXD_MAD,1DC_MAD,SKU_0095,2024-09-29,188,forecast,10.6,False,185.18,131,reorder_point,2.5,False,129.03,10.8,0.985
1158,FC_MUN1,IXD_MAD,1DC_MAD,SKU_0062,2024-09-29,85,forecast,5.8,False,57.29,53,reorder_point,2.8,False,35.72,8.8,0.674
1159,FC_MUN1,IXD_MAD,1DC_MAD,SKU_0237,2024-09-29,18,forecast,5.0,False,9.36,12,reorder_point,0.9,True,6.24,8.9,0.52
1160,FC_MUN1,IXD_MAD,1DC_MAD,SKU_0088,2024-09-29,49,forecast,5.1,False,44.34,44,reorder_point,2.4,False,39.82,5.4,0.905
1161,FC_MUN1,IXD_MAD,1DC_MAD,SKU_0151,2024-09-29,57,forecast,7.4,False,19.66,48,reorder_point,1.9,False,16.56,7.3,0.345
1162,FC_MUN1,IXD_MAD,1DC_MAD,SKU_0012,2024-09-29,84,forecast,6.9,False,55.61,47,reorder_point,1.7,False,31.11,8.7,0.662
1163,FC_MUN1,IXD_MAD,1DC_MAD,SKU_0177,2024-09-29,14,forecast,9.2,False,2.84,12,reorder_point,0.6,False,2.44,5.6,0.203
1164,FC_BCN1,IXD_BCN,1DC_BCN,SKU_0113,2024-09-30,20,forecast,5.4,False,13.74,12,reorder_point,0.6,True,8.24,7.9,0.687
1165,FC_BCN1,IXD_BCN,1DC_BCN,SKU_0031,2024-09-30,89,forecast,10.1,False,31.15,52,reorder_point,0.7,False,18.2,7.9,0.35
1166,FC_BCN1,IXD_BCN,1DC_BCN,SKU_0154,2024-09-30,189,forecast,9.9,False,143.07,109,reorder_point,2.2,False,82.51,8.0,0.757
1167,FC_BCN1,IXD_BCN,1DC_BCN,SKU_0179,2024-09-30,21,forecast,13.2,False,6.91,14,reorder_point,2.5,False,4.61,10.2,0.329
1168,FC_BCN1,IXD_BCN,1DC_BCN,SKU_0148,2024-09-30,16,forecast,7.7,False,2.03,12,reorder_point,1.6,False,1.52,9.8,0.127
1169,FC_BCN1,IXD_BCN,1DC_BCN,SKU_0025,2024-09-30,237,forecast,9.3,False,219.7,114,reorder_point,2.6,False,105.68,9.6,0.927
1170,FC_BCN2,IXD_BCN,1DC_BCN,SKU_0034,2024-09-30,61,forecast,3.7,False,50.26,48,reorder_point,0.6,False,39.55,8.8,0.824
1171,FC_BCN2,IXD_BCN,1DC_BCN,SKU_0094,2024-09-30,74,forecast,12.7,False,7.99,49,reorder_point,0.9,False,5.29,10.2,0.108
1172,FC_BCN2,IXD_BCN,1DC_BCN,SKU_0096,2024-09-30,135,forecast,4.9,False,23.35,123,reorder_point,0.7,False,21.28,7.3,0.173
1173,FC_MAD1,IXD_MAD,1DC_MAD,SKU_0028,2024-09-30,178,forecast,10.7,False,123.18,133,reorder_point,2.3,False,92.04,4.7,0.692
1174,FC_MAD1,IXD_MAD,1DC_MAD,SKU_0247,2024-09-30,231,forecast,13.8,False,154.08,113,reorder_point,3.0,False,75.37,7.8,0.667
1175,FC_MAD1,IXD_MAD,1DC_MAD,SKU_0245,2024-09-30,67,forecast,4.9,False,62.71,46,reorder_point,1.3,False,43.06,11.4,0.936
1176,FC_MAD1,IXD_MAD,1DC_MAD,SKU_0051,2024-09-30,65,forecast,7.1,False,51.68,53,reorder_point,2.7,False,42.14,7.1,0.795
1177,FC_MAD1,IXD_MAD,1DC_MAD,SKU_0231,2024-09-30,13,forecast,11.1,False,11.92,13,reorder_point,1.9,False,11.92,6.8,0.917
1178,FC_MAD2,IXD_MAD,1DC_MAD,SKU_0133,2024-09-30,56,forecast,12.6,False,36.06,43,reorder_point,0.6,False,27.69,6.2,0.644
1179,FC_MAD2,IXD_MAD,1DC_MAD,SKU_0019,2024-09-30,59,forecast,9.1,False,31.15,47,reorder_point,1.1,False,24.82,9.2,0.528
1180,FC_PAR1,IXD_PAR,1DC_BCN,SKU_0206,2024-09-30,21,forecast,10.7,False,15.41,11,reorder_point,1.6,False,8.07,9.4,0.734
1181,FC_PAR1,IXD_PAR,1DC_BCN,SKU_0021,2024-09-30,79,forecast,6.5,False,69.12,44,reorder_point,2.6,True,38.5,8.8,0.875
1182,FC_PAR1,IXD_PAR,1DC_BCN,SKU_0177,2024-09-30,13,forecast,11.9,True,8.92,11,reorder_point,2.4,False,7.55,5.4,0.686
1183,FC_PAR2,IXD_PAR,1DC_MAD,SKU_0049,2024-09-30,68,forecast,11.9,False,8.57,52,reorder_point,2.1,False,6.55,5.3,0.126
1184,FC_PAR2,IXD_PAR,1DC_MAD,SKU_0039,2024-09-30,89,forecast,6.4,False,34.89,51,reorder_point,1.8,False,19.99,5.0,0.392
1185,FC_PAR2,IXD_PAR,1DC_MAD,SKU_0041,2024-09-30,141,forecast,11.9,False,38.92,128,reorder_point,1.7,False,35.33,9.1,0.276
1186,FC_PAR2,IXD_PAR,1DC_MAD,SKU_0196,2024-09-30,163,forecast,9.8,True,20.54,121,reorder_point,0.6,False,15.25,8.1,0.126
1187,FC_PAR2,IXD_PAR,1DC_MAD,SKU_0154,2024-09-30,137,forecast,10.3,False,34.25,121,reorder_point,2.1,False,30.25,8.3,0.25
1188,FC_PAR2,IXD_PAR,1DC_MAD,SKU_0097,2024-09-30,19,forecast,5.6,False,14.46,11,reorder_point,1.1,False,8.37,7.1,0.761
1189,FC_PAR2,IXD_PAR,1DC_MAD,SKU_0094,2024-09-30,62,forecast,4.9,False,21.08,50,reorder_point,1.9,True,17.0,6.7,0.34
1190,FC_BER1,IXD_BER,1DC_MUC,SKU_0158,2024-09-30,19,forecast,9.8,False,19.74,10,reorder_point,2.1,False,10.39,8.8,1.039
1191,FC_BER1,IXD_BER,1DC_MUC,SKU_0237,2024-09-30,18,forecast,4.4,True,17.82,13,reorder_point,2.8,False,12.87,8.5,0.99
1192,FC_BER1,IXD_BER,1DC_MUC,SKU_0235,2024-09-30,70,forecast,3.1,False,73.36,43,reorder_point,2.6,False,45.06,10.7,1.048
1193,FC_BER1,IXD_BER,1DC_MUC,SKU_0128,2024-09-30,22,forecast,5.7,False,17.01,13,reorder_point,1.0,False,10.05,7.4,0.773
1194,FC_BER1,IXD_BER,1DC_MUC,SKU_0037,2024-09-30,77,forecast,9.8,False,63.99,42,reorder_point,1.9,False,34.9,9.3,0.831
1195,FC_BER1,IXD_BER,1DC_MUC,SKU_0105,2024-09-30,164,forecast,3.2,False,33.46,135,reorder_point,0.8,False,27.54,9.6,0.204
1196,FC_BER1,IXD_BER,1DC_MUC,SKU_0246,2024-09-30,216,forecast,3.9,False,105.84,137,reorder_point,1.2,False,67.13,6.9,0.49
1197,FC_BER1,IXD_BER,1DC_MUC,SKU_0091,2024-09-30,234,forecast,7.1,False,150.46,139,reorder_point,1.0,False,89.38,8.2,0.643
1198,FC_MUN1,IXD_MAD,1DC_CDG,SKU_0246,2024-09-30,225,forecast,11.0,False,216.67,124,reorder_point,1.3,False,119.41,6.8,0.963
1199,FC_MUN1,IXD_MAD,1DC_CDG,SKU_0132,2024-09-30,72,forecast,12.0,False,43.27,52,reorder_point,2.4,False,31.25,6.9,0.601
1200,FC_MUN1,IXD_MAD,1DC_CDG,SKU_0046,2024-09-30,22,forecast,6.0,False,17.03,11,reorder_point,2.0,False,8.51,10.2,0.774
1201,FC_BCN1,IXD_BCN,1DC_BCN,SKU_0010,2024-10-01,61,forecast,10.0,False,17.93,44,reorder_point,1.0,False,12.94,11.8,0.294
1202,FC_BCN1,IXD_BCN,1DC_BCN,SKU_0135,2024-10-01,15,forecast,6.5,False,3.03,12,reorder_point,1.1,False,2.42,7.9,0.202
1203,FC_BCN1,IXD_BCN,1DC_BCN,SKU_0025,2024-10-01,208,forecast,8.0,False,39.73,139,reorder_point,0.8,False,26.55,9.8,0.191
1204,FC_BCN1,IXD_BCN,1DC_BCN,SKU_0174,2024-10-01,15,forecast,5.4,False,14.32,11,reorder_point,1.1,False,10.5,8.3,0.955
1205,FC_BCN2,IXD_BCN,1DC_BCN,SKU_0020,2024-10-01,235,forecast,13.1,False,141.23,126,reorder_point,2.4,False,75.73,7.0,0.601
1206,FC_BCN2,IXD_BCN,1DC_BCN,SKU_0105,2024-10-01,216,forecast,10.9,False,27.43,108,reorder_point,2.8,False,13.72,9.8,0.127
1207,FC_BCN2,IXD_BCN,1DC_BCN,SKU_0208,2024-10-01,13,forecast,4.2,False,6.2,11,reorder_point,0.8,False,5.25,9.7,0.477
1208,FC_BCN2,IXD_BCN,1DC_BCN,SKU_0121,2024-10-01,75,forecast,8.5,False,75.6,51,reorder_point,2.0,False,51.41,7.9,1.008
1209,FC_BCN2,IXD_BCN,1DC_BCN,SKU_0235,2024-10-01,49,forecast,9.8,False,8.38,45,reorder_point,2.5,False,7.7,10.0,0.171
1210,FC_BCN2,IXD_BCN,1DC_BCN,SKU_0032,2024-10-01,226,forecast,10.0,False,142.38,111,reorder_point,1.2,False,69.93,9.1,0.63
1211,FC_BCN2,IXD_BCN,1DC_BCN,SKU_0088,2024-10-01,83,forecast,9.5,False,50.3,45,reorder_point,0.9,False,27.27,10.8,0.606
1212,FC_MAD1,IXD_MAD,1DC_MAD,SKU_0062,2024-10-01,67,forecast,6.7,False,64.12,41,reorder_point,2.8,False,39.24,7.6,0.957
1213,FC_MAD1,IXD_MAD,1DC_MAD,SKU_0076,2024-10-01,146,forecast,8.9,False,151.26,109,reorder_point,1.4,True,112.92,8.8,1.036
1214,FC_MAD2,IXD_MAD,1DC_MAD,SKU_0112,2024-10-01,23,forecast,11.2,False,21.78,11,reorder_point,2.4,False,10.42,7.2,0.947
1215,FC_MAD2,IXD_MAD,1DC_MAD,SKU_0241,2024-10-01,13,forecast,5.1,False,12.62,12,reorder_point,1.0,False,11.65,9.1,0.971
1216,FC_MAD2,IXD_MAD,1DC_MAD,SKU_0007,2024-10-01,17,forecast,10.5,True,14.76,14,reorder_point,1.0,False,12.15,8.0,0.868
1217,FC_MAD2,IXD_MAD,1DC_MAD,SKU_0066,2024-10-01,85,forecast,6.9,False,44.54,47,reorder_point,1.0,False,24.63,5.0,0.524
1218,FC_MAD2,IXD_MAD,1DC_MAD,SKU_0144,2024-10-01,201,forecast,4.6,False,28.14,126,reorder_point,1.2,False,17.64,8.8,0.14
1219,FC_PAR1,IXD_PAR,1DC_BCN,SKU_0230,2024-10-01,71,forecast,11.7,False,59.43,51,reorder_point,1.4,False,42.69,11.1,0.837
1220,FC_PAR1,IXD_PAR,1DC_BCN,SKU_0136,2024-10-01,55,forecast,3.5,False,42.19,45,reorder_point,2.3,False,34.52,5.5,0.767
1221,FC_PAR1,IXD_PAR,1DC_BCN,SKU_0116,2024-10-01,206,forecast,3.2,False,138.84,126,reorder_point,3.0,False,84.92,9.9,0.674
1222,FC_PAR1,IXD_PAR,1DC_BCN,SKU_0240,2024-10-01,13,forecast,13.9,False,10.48,12,reorder_point,0.9,False,9.67,9.1,0.806
1223,FC_PAR2,IXD_PAR,1DC_MUC,SKU_0108,2024-10-01,80,forecast,9.3,False,66.4,51,reorder_point,1.2,False,42.33,6.6,0.83
1224,FC_PAR2,IXD_PAR,1DC_MUC,SKU_0174,2024-10-01,21,forecast,12.4,False,14.26,12,reorder_point,0.9,False,8.15,7.0,0.679
1225,FC_PAR2,IXD_PAR,1DC_MUC,SKU_0164,2024-10-01,23,forecast,5.7,False,24.72,11,reorder_point,0.6,False,11.82,7.6,1.075
1226,FC_PAR2,IXD_PAR,1DC_MUC,SKU_0050,2024-10-01,234,forecast,12.8,False,206.15,138,reorder_point,2.5,False,121.58,10.8,0.881
1227,FC_PAR2,IXD_PAR,1DC_MUC,SKU_0199,2024-10-01,88,forecast,7.4,False,43.82,53,reorder_point,1.5,False,26.39,10.5,0.498
1228,FC_PAR2,IXD_PAR,1DC_MUC,SKU_0031,2024-10-01,68,forecast,7.6,False,45.02,49,reorder_point,0.9,False,32.44,8.4,0.662
1229,FC_PAR2,IXD_PAR,1DC_MUC,SKU_0186,2024-10-01,58,forecast,9.7,False,43.91,49,reorder_point,2.8,False,37.09,10.3,0.757
1230,FC_BER1,IXD_BER,1DC_MUC,SKU_0005,2024-10-01,222,forecast,13.8,False,48.4,140,reorder_point,2.9,False,30.52,7.2,0.218
1231,FC_BER1,IXD_BER,1DC_MUC,SKU_0037,2024-10-01,86,forecast,9.2,False,55.47,40,reorder_point,2.5,False,25.8,6.0,0.645
1232,FC_BER1,IXD_BER,1DC_MUC,SKU_0038,2024-10-01,178,forecast,5.9,False,30.79,121,reorder_point,1.4,False,20.93,10.2,0.173
1233,FC_BER1,IXD_BER,1DC_MUC,SKU_0213,2024-10-01,15,forecast,9.2,False,6.21,11,reorder_point,2.6,False,4.55,8.8,0.414
1234,FC_BER1,IXD_BER,1DC_MUC,SKU_0087,2024-10-01,89,forecast,11.3,False,30.35,43,reorder_point,1.2,False,14.66,5.3,0.341
1235,FC_BER1,IXD_BER,1DC_MUC,SKU_0204,2024-10-01,21,forecast,12.3,False,2.12,14,reorder_point,2.6,False,1.41,10.0,0.101
1236,FC_BER1,IXD_BER,1DC_MUC,SKU_0171,2024-10-01,224,forecast,7.8,False,209.22,139,reorder_point,0.7,False,129.83,11.1,0.934
1237,FC_BER1,IXD_BER,1DC_MUC,SKU_0196,2024-10-01,173,forecast,5.2,False,180.78,114,reorder_point,2.0,False,119.13,8.7,1.045
1238,FC_MUN1,IXD_BER,1DC_MUC,SKU_0157,2024-10-01,20,forecast,3.9,False,10.16,11,reorder_point,2.3,False,5.59,8.1,0.508
1239,FC_MUN1,IXD_BER,1DC_MUC,SKU_0046,2024-10-01,22,forecast,8.7,False,16.24,14,reorder_point,2.1,False,10.33,10.1,0.738
1240,FC_BCN1,IXD_BCN,1DC_BCN,SKU_0005,2024-10-02,228,forecast,7.8,False,224.58,122,reorder_point,0.6,False,120.17,9.0,0.985
1241,FC_BCN1,IXD_BCN,1DC_BCN,SKU_0186,2024-10-02,65,forecast,12.5,False,53.62,48,reorder_point,1.4,False,39.6,11.6,0.825
1242,FC_BCN1,IXD_BCN,1DC_BCN,SKU_0212,2024-10-02,183,forecast,7.2,True,159.03,113,reorder_point,2.2,False,98.2,10.5,0.869
1243,FC_BCN1,IXD_BCN,1DC_BCN,SKU_0068,2024-10-02,50,forecast,13.3,False,11.65,44,reorder_point,2.9,False,10.25,7.8,0.233
1244,FC_BCN2,IXD_BCN,1DC_BCN,SKU_0092,2024-10-02,78,forecast,4.9,False,13.96,53,reorder_point,0.8,False,9.49,8.7,0.179
1245,FC_BCN2,IXD_BCN,1DC_BCN,SKU_0003,2024-10-02,57,forecast,14.0,False,29.75,49,reorder_point,0.7,False,25.58,7.6,0.522
1246,FC_BCN2,IXD_BCN,1DC_BCN,SKU_0212,2024-10-02,187,forecast,10.4,False,41.33,125,reorder_point,1.9,False,27.62,9.4,0.221
1247,FC_BCN2,IXD_BCN,1DC_BCN,SKU_0056,2024-10-02,67,forecast,12.8,False,9.92,44,reorder_point,2.0,False,6.51,9.7,0.148
1248,FC_MAD1,IXD_MAD,1DC_MAD,SKU_0102,2024-10-02,16,forecast,3.5,False,8.83,12,reorder_point,1.2,False,6.62,10.6,0.552
1249,FC_MAD1,IXD_MAD,1DC_MAD,SKU_0175,2024-10-02,159,forecast,4.1,False,42.93,111,reorder_point,0.9,False,29.97,9.2,0.27
1250,FC_MAD1,IXD_MAD,1DC_MAD,SKU_0048,2024-10-02,140,forecast,12.2,False,129.78,139,reorder_point,2.7,False,128.85,5.9,0.927
1251,FC_MAD1,IXD_MAD,1DC_MAD,SKU_0027,2024-10-02,19,forecast,5.9,False,14.95,12,reorder_point,1.9,False,9.44,10.0,0.787
1252,FC_MAD1,IXD_MAD,1DC_MAD,SKU_0113,2024-10-02,15,forecast,7.7,False,14.22,13,reorder_point,1.8,False,12.32,5.7,0.948
1253,FC_MAD1,IXD_MAD,1DC_MAD,SKU_0046,2024-10-02,19,forecast,14.0,False,15.26,12,reorder_point,1.9,False,9.64,8.4,0.803
1254,FC_MAD1,IXD_MAD,1DC_MAD,SKU_0140,2024-10-02,20,forecast,7.7,False,10.06,14,reorder_point,1.6,False,7.04,6.4,0.503
1255,FC_MAD1,IXD_MAD,1DC_MAD,SKU_0241,2024-10-02,18,forecast,12.9,False,4.39,13,reorder_point,2.7,True,3.17,8.7,0.244
1256,FC_MAD2,IXD_MAD,1DC_MAD,SKU_0216,2024-10-02,56,forecast,5.5,False,54.49,49,reorder_point,0.7,False,47.68,6.8,0.973
1257,FC_MAD2,IXD_MAD,1DC_MAD,SKU_0094,2024-10-02,50,forecast,6.7,False,37.55,53,reorder_point,2.2,False,39.8,8.9,0.751
1258,FC_MAD2,IXD_MAD,1DC_MAD,SKU_0240,2024-10-02,15,forecast,13.8,False,15.82,12,reorder_point,2.9,False,12.66,9.1,1.055
1259,FC_MAD2,IXD_MAD,1DC_MAD,SKU_0143,2024-10-02,19,forecast,11.5,False,4.9,12,reorder_point,2.0,False,3.1,8.2,0.258
1260,FC_MAD2,IXD_MAD,1DC_MAD,SKU_0229,2024-10-02,231,forecast,12.4,False,217.6,142,reorder_point,2.2,False,133.76,8.4,0.942
1261,FC_MAD2,IXD_MAD,1DC_MAD,SKU_0111,2024-10-02,237,forecast,9.6,False,197.89,126,reorder_point,1.2,False,105.21,9.7,0.835
1262,FC_MAD2,IXD_MAD,1DC_MAD,SKU_0132,2024-10-02,71,forecast,3.7,False,75.4,45,reorder_point,2.1,False,47.79,7.4,1.062
1263,FC_PAR1,IXD_PAR,1DC_MAD,SKU_0168,2024-10-02,67,forecast,6.9,False,50.72,52,reorder_point,1.5,False,39.36,9.5,0.757
1264,FC_PAR1,IXD_PAR,1DC_MAD,SKU_0007,2024-10-02,23,forecast,8.0,False,17.57,11,reorder_point,2.0,False,8.4,11.4,0.764
1265,FC_PAR1,IXD_PAR,1DC_MAD,SKU_0119,2024-10-02,185,forecast,8.9,False,46.99,113,reorder_point,2.1,False,28.7,5.6,0.254
1266,FC_PAR1,IXD_PAR,1DC_MAD,SKU_0214,2024-10-02,14,forecast,8.7,False,5.85,14,reorder_point,0.6,False,5.85,8.4,0.418
1267,FC_PAR1,IXD_PAR,1DC_MAD,SKU_0135,2024-10-02,13,forecast,10.1,False,12.58,13,reorder_point,1.4,False,12.58,10.5,0.968
1268,FC_PAR1,IXD_PAR,1DC_MAD,SKU_0194,2024-10-02,239,forecast,7.2,False,53.77,132,reorder_point,1.9,True,29.7,6.7,0.225
1269,FC_PAR1,IXD_PAR,1DC_MAD,SKU_0072,2024-10-02,85,forecast,4.9,False,41.99,52,reorder_point,1.2,False,25.69,6.5,0.494
1270,FC_PAR2,IXD_PAR,1DC_BCN,SKU_0212,2024-10-02,220,forecast,6.2,False,148.72,130,reorder_point,0.8,False,87.88,8.2,0.676
1271,FC_PAR2,IXD_PAR,1DC_BCN,SKU_0069,2024-10-02,81,forecast,12.1,False,40.91,53,reorder_point,1.9,False,26.77,7.7,0.505
1272,FC_PAR2,IXD_PAR,1DC_BCN,SKU_0067,2024-10-02,52,forecast,10.5,False,30.32,47,reorder_point,1.3,False,27.4,8.1,0.583
1273,FC_PAR2,IXD_PAR,1DC_BCN,SKU_0234,2024-10-02,23,forecast,7.3,False,16.28,11,reorder_point,2.9,False,7.79,7.9,0.708
1274,FC_BER1,IXD_BER,1DC_CDG,SKU_0058,2024-10-02,22,forecast,13.3,False,16.41,13,reorder_point,1.4,True,9.7,6.9,0.746
1275,FC_BER1,IXD_BER,1DC_CDG,SKU_0133,2024-10-02,60,forecast,7.2,False,21.72,44,reorder_point,2.0,False,15.93,8.7,0.362
1276,FC_MUN1,IXD_BCN,1DC_BCN,SKU_0161,2024-10-02,199,forecast,12.7,False,201.79,137,reorder_point,0.7,False,138.92,7.0,1.014
1277,FC_MUN1,IXD_BCN,1DC_BCN,SKU_0154,2024-10-02,184,forecast,3.5,False,57.04,133,reorder_point,2.0,False,41.23,11.8,0.31
1278,FC_MUN1,IXD_BCN,1DC_BCN,SKU_0079,2024-10-02,14,forecast,6.2,False,3.84,13,reorder_point,1.0,False,3.56,9.3,0.274
1279,FC_MUN1,IXD_BCN,1DC_BCN,SKU_0159,2024-10-02,85,forecast,12.0,False,12.41,51,reorder_point,1.8,False,7.45,5.4,0.146
1280,FC_BCN1,IXD_BCN,1DC_BCN,SKU_0069,2024-10-03,88,forecast,4.6,False,16.46,51,reorder_point,1.2,False,9.54,10.1,0.187
1281,FC_BCN1,IXD_BCN,1DC_BCN,SKU_0199,2024-10-03,63,forecast,8.0,False,52.48,53,reorder_point,0.8,False,44.15,7.9,0.833
1282,FC_BCN1,IXD_BCN,1DC_BCN,SKU_0034,2024-10-03,80,forecast,3.1,False,69.36,43,reorder_point,1.8,False,37.28,8.6,0.867
1283,FC_BCN1,IXD_BCN,1DC_BCN,SKU_0103,2024-10-03,56,forecast,4.5,False,48.89,51,reorder_point,2.5,False,44.52,10.0,0.873
1284,FC_BCN1,IXD_BCN,1DC_BCN,SKU_0130,2024-10-03,66,forecast,11.3,False,53.2,44,reorder_point,2.7,False,35.46,9.1,0.806
1285,FC_BCN1,IXD_BCN,1DC_BCN,SKU_0131,2024-10-03,63,forecast,11.1,False,26.27,47,reorder_point,1.3,False,19.6,11.6,0.417
1286,FC_BCN2,IXD_BCN,1DC_BCN,SKU_0216,2024-10-03,74,forecast,5.0,False,67.49,53,reorder_point,2.8,False,48.34,7.8,0.912
1287,FC_BCN2,IXD_BCN,1DC_BCN,SKU_0110,2024-10-03,89,forecast,3.3,False,61.05,40,reorder_point,0.6,False,27.44,7.6,0.686
1288,FC_BCN2,IXD_BCN,1DC_BCN,SKU_0225,2024-10-03,58,forecast,13.5,False,52.14,52,reorder_point,2.7,False,46.75,10.9,0.899
1289,FC_BCN2,IXD_BCN,1DC_BCN,SKU_0223,2024-10-03,62,forecast,5.3,False,48.48,46,reorder_point,1.8,False,35.97,5.9,0.782
1290,FC_BCN2,IXD_BCN,1DC_BCN,SKU_0073,2024-10-03,61,forecast,12.4,False,36.05,45,reorder_point,2.0,False,26.59,9.8,0.591
1291,FC_BCN2,IXD_BCN,1DC_BCN,SKU_0128,2024-10-03,23,forecast,10.6,False,11.8,12,reorder_point,2.7,False,6.16,8.2,0.513
1292,FC_BCN2,IXD_BCN,1DC_BCN,SKU_0192,2024-10-03,49,forecast,7.0,False,15.14,50,reorder_point,0.9,False,15.45,7.0,0.309
1293,FC_MAD1,IXD_MAD,1DC_MAD,SKU_0135,2024-10-03,15,forecast,11.9,False,10.6,13,reorder_point,0.8,False,9.19,9.0,0.707
1294,FC_MAD1,IXD_MAD,1DC_MAD,SKU_0225,2024-10-03,83,forecast,3.1,False,15.77,41,reorder_point,1.4,True,7.79,7.7,0.19
1295,FC_MAD2,IXD_MAD,1DC_MAD,SKU_0107,2024-10-03,60,forecast,4.8,False,11.22,46,reorder_point,0.6,False,8.6,6.4,0.187
1296,FC_MAD2,IXD_MAD,1DC_MAD,SKU_0117,2024-10-03,15,forecast,5.0,False,9.93,12,reorder_point,1.2,False,7.94,8.9,0.662
1297,FC_MAD2,IXD_MAD,1DC_MAD,SKU_0069,2024-10-03,69,forecast,7.2,False,53.13,53,reorder_point,1.3,False,40.81,5.4,0.77
1298,FC_PAR1,IXD_PAR,1DC_AMS,SKU_0231,2024-10-03,20,forecast,5.7,False,21.2,10,reorder_point,2.7,False,10.6,8.3,1.06
1299,FC_PAR1,IXD_PAR,1DC_AMS,SKU_0166,2024-10-03,182,forecast,3.7,False,194.19,115,reorder_point,2.5,False,122.7,10.8,1.067
1300,FC_PAR1,IXD_PAR,1DC_AMS,SKU_0245,2024-10-03,83,forecast,3.3,False,26.06,42,reorder_point,2.9,False,13.19,7.3,0.314
1301,FC_PAR1,IXD_PAR,1DC_AMS,SKU_0106,2024-10-03,85,forecast,13.5,False,55.34,51,reorder_point,2.1,False,33.2,7.7,0.651
1302,FC_PAR1,IXD_PAR,1DC_AMS,SKU_0061,2024-10-03,228,forecast,6.6,False,145.92,142,reorder_point,2.5,False,90.88,7.5,0.64
1303,FC_PAR2,IXD_PAR,1DC_CDG,SKU_0241,2024-10-03,16,forecast,7.6,False,6.24,13,reorder_point,2.3,False,5.07,9.1,0.39
1304,FC_PAR2,IXD_PAR,1DC_CDG,SKU_0242,2024-10-03,134,forecast,6.7,False,109.21,128,reorder_point,2.9,False,104.32,11.7,0.815
1305,FC_PAR2,IXD_PAR,1DC_CDG,SKU_0030,2024-10-03,151,forecast,7.9,False,23.41,138,reorder_point,1.6,False,21.39,8.8,0.155
1306,FC_PAR2,IXD_PAR,1DC_CDG,SKU_0064,2024-10-03,20,forecast,9.6,False,16.16,14,reorder_point,2.3,False,11.31,9.1,0.808
1307,FC_PAR2,IXD_PAR,1DC_CDG,SKU_0210,2024-10-03,62,forecast,9.4,False,12.34,52,reorder_point,1.1,False,10.35,9.6,0.199
1308,FC_PAR2,IXD_PAR,1DC_CDG,SKU_0204,2024-10-03,17,forecast,11.0,False,2.45,10,reorder_point,1.0,True,1.44,5.7,0.144
1309,FC_BER1,IXD_BER,1DC_MUC,SKU_0156,2024-10-03,82,forecast,10.5,False,67.4,47,reorder_point,2.7,False,38.63,7.4,0.822
1310,FC_BER1,IXD_BER,1DC_MUC,SKU_0225,2024-10-03,64,forecast,8.7,False,60.03,49,reorder_point,1.5,False,45.96,6.0,0.938
1311,FC_BER1,IXD_BER,1DC_MUC,SKU_0193,2024-10-03,81,forecast,11.9,True,54.51,40,reorder_point,2.9,False,26.92,7.9,0.673
1312,FC_BER1,IXD_BER,1DC_MUC,SKU_0204,2024-10-03,19,forecast,4.2,True,15.73,13,reorder_point,0.9,False,10.76,9.0,0.828
1313,FC_BER1,IXD_BER,1DC_MUC,SKU_0231,2024-10-03,23,forecast,4.0,False,17.57,13,reorder_point,0.9,False,9.93,11.3,0.764
1314,FC_MUN1,IXD_BCN,1DC_CDG,SKU_0123,2024-10-03,161,forecast,12.5,False,109.0,110,reorder_point,2.6,False,74.47,7.4,0.677
1315,FC_MUN1,IXD_BCN,1DC_CDG,SKU_0121,2024-10-03,52,forecast,10.6,False,11.23,48,reorder_point,0.8,False,10.37,6.5,0.216
1316,FC_MUN1,IXD_BCN,1DC_CDG,SKU_0041,2024-10-03,144,forecast,10.6,False,22.18,124,reorder_point,1.7,False,19.1,6.3,0.154
1317,FC_BCN1,IXD_BCN,1DC_BCN,SKU_0198,2024-10-04,212,forecast,4.0,False,115.75,122,reorder_point,0.8,False,66.61,10.6,0.546
1318,FC_BCN1,IXD_BCN,1DC_BCN,SKU_0186,2024-10-04,63,forecast,11.2,False,53.36,46,reorder_point,1.1,False,38.96,10.5,0.847
1319,FC_BCN1,IXD_BCN,1DC_BCN,SKU_0055,2024-10-04,13,forecast,9.3,False,11.84,12,reorder_point,1.8,False,10.93,5.0,0.911
1320,FC_BCN1,IXD_BCN,1DC_BCN,SKU_0199,2024-10-04,70,forecast,4.6,False,46.06,42,reorder_point,0.7,True,27.64,9.5,0.658
1321,FC_BCN1,IXD_BCN,1DC_BCN,SKU_0102,2024-10-04,19,forecast,4.5,False,4.35,10,reorder_point,2.2,False,2.29,9.4,0.229
1322,FC_BCN1,IXD_BCN,1DC_BCN,SKU_0216,2024-10-04,82,forecast,5.1,False,73.06,53,reorder_point,1.4,False,47.22,9.7,0.891
1323,FC_BCN2,IXD_BCN,1DC_BCN,SKU_0190,2024-10-04,79,forecast,3.0,False,72.92,50,reorder_point,1.9,False,46.15,8.9,0.923
1324,FC_BCN2,IXD_BCN,1DC_BCN,SKU_0199,2024-10-04,53,forecast,13.7,False,22.63,44,reorder_point,1.6,False,18.79,6.2,0.427
1325,FC_BCN2,IXD_BCN,1DC_BCN,SKU_0094,2024-10-04,65,forecast,11.4,False,15.66,51,reorder_point,1.1,False,12.29,8.5,0.241
1326,FC_BCN2,IXD_BCN,1DC_BCN,SKU_0124,2024-10-04,87,forecast,7.6,False,13.92,42,reorder_point,1.1,False,6.72,7.5,0.16
1327,FC_BCN2,IXD_BCN,1DC_BCN,SKU_0154,2024-10-04,198,forecast,7.9,False,190.08,111,reorder_point,1.6,False,106.56,7.7,0.96
1328,FC_BCN2,IXD_BCN,1DC_BCN,SKU_0136,2024-10-04,75,forecast,12.9,False,58.8,44,reorder_point,2.7,False,34.5,9.0,0.784
1329,FC_BCN2,IXD_BCN,1DC_BCN,SKU_0165,2024-10-04,13,forecast,10.7,False,13.74,10,reorder_point,0.6,True,10.57,6.0,1.057
1330,FC_BCN2,IXD_BCN,1DC_BCN,SKU_0145,2024-10-04,86,forecast,10.0,False,46.7,52,reorder_point,1.3,False,28.24,11.5,0.543
1331,FC_MAD1,IXD_MAD,1DC_MAD,SKU_0200,2024-10-04,239,forecast,7.1,False,83.89,114,reorder_point,1.1,False,40.01,11.2,0.351
1332,FC_MAD1,IXD_MAD,1DC_MAD,SKU_0112,2024-10-04,13,forecast,3.5,True,3.99,11,reorder_point,2.5,False,3.38,10.6,0.307
1333,FC_MAD1,IXD_MAD,1DC_MAD,SKU_0207,2024-10-04,86,forecast,11.7,False,52.98,41,reorder_point,1.5,False,25.26,9.4,0.616
1334,FC_MAD1,IXD_MAD,1DC_MAD,SKU_0140,2024-10-04,13,forecast,4.1,False,12.58,12,reorder_point,0.8,False,11.62,9.1,0.968
1335,FC_MAD1,IXD_MAD,1DC_MAD,SKU_0028,2024-10-04,237,forecast,10.7,False,77.97,115,reorder_point,0.6,False,37.84,8.5,0.329
1336,FC_MAD1,IXD_MAD,1DC_MAD,SKU_0021,2024-10-04,88,forecast,11.9,False,26.31,53,reorder_point,2.9,False,15.85,10.5,0.299
1337,FC_MAD1,IXD_MAD,1DC_MAD,SKU_0103,2024-10-04,56,forecast,10.7,True,29.46,48,reorder_point,1.0,False,25.25,6.8,0.526
1338,FC_MAD2,IXD_MAD,1DC_MAD,SKU_0153,2024-10-04,159,forecast,3.3,False,154.55,108,reorder_point,1.0,False,104.98,8.2,0.972
1339,FC_MAD2,IXD_MAD,1DC_MAD,SKU_0052,2024-10-04,197,forecast,4.7,False,49.05,141,reorder_point,2.8,False,35.11,10.0,0.249
1340,FC_MAD2,IXD_MAD,1DC_MAD,SKU_0091,2024-10-04,195,forecast,8.8,False,210.6,133,reorder_point,1.7,True,143.64,7.3,1.08
1341,FC_MAD2,IXD_MAD,1DC_MAD,SKU_0104,2024-10-04,176,forecast,4.1,False,103.14,130,reorder_point,0.6,False,76.18,10.0,0.586
1342,FC_MAD2,IXD_MAD,1DC_MAD,SKU_0120,2024-10-04,54,forecast,5.8,True,56.21,49,reorder_point,2.0,False,51.01,9.8,1.041
1343,FC_PAR1,IXD_PAR,1DC_MAD,SKU_0184,2024-10-04,192,forecast,10.7,False,80.06,133,reorder_point,1.9,False,55.46,7.1,0.417
1344,FC_PAR1,IXD_PAR,1DC_MAD,SKU_0045,2024-10-04,136,forecast,9.7,False,125.39,137,reorder_point,1.2,False,126.31,6.0,0.922
1345,FC_PAR1,IXD_PAR,1DC_MAD,SKU_0238,2024-10-04,230,forecast,11.6,False,50.6,125,reorder_point,1.1,False,27.5,6.6,0.22
1346,FC_PAR1,IXD_PAR,1DC_MAD,SKU_0107,2024-10-04,64,forecast,9.1,False,20.22,46,reorder_point,1.5,False,14.54,8.9,0.316
1347,FC_PAR1,IXD_PAR,1DC_MAD,SKU_0074,2024-10-04,23,forecast,8.3,False,18.15,11,reorder_point,2.6,False,8.68,7.4,0.789
1348,FC_PAR1,IXD_PAR,1DC_MAD,SKU_0132,2024-10-04,76,forecast,9.5,False,8.74,52,reorder_point,3.0,False,5.98,9.0,0.115
1349,FC_PAR1,IXD_PAR,1DC_MAD,SKU_0183,2024-10-04,22,forecast,5.9,False,12.34,13,reorder_point,2.9,False,7.29,8.6,0.561
1350,FC_PAR1,IXD_PAR,1DC_MAD,SKU_0232,2024-10-04,19,forecast,4.9,False,2.41,10,reorder_point,0.9,False,1.27,9.1,0.127
1351,FC_PAR2,IXD_PAR,1DC_CDG,SKU_0218,2024-10-04,87,forecast,13.3,False,60.46,51,reorder_point,1.1,False,35.45,8.5,0.695
1352,FC_PAR2,IXD_PAR,1DC_CDG,SKU_0227,2024-10-04,239,forecast,9.4,False,29.16,140,reorder_point,0.7,False,17.08,6.2,0.122
1353,FC_BER1,IXD_BER,1DC_MUC,SKU_0161,2024-10-04,195,forecast,6.2,False,70.2,109,reorder_point,2.6,False,39.24,6.8,0.36
1354,FC_BER1,IXD_BER,1DC_MUC,SKU_0137,2024-10-04,55,forecast,11.3,False,56.48,52,reorder_point,1.4,False,53.4,8.0,1.027
1355,FC_BER1,IXD_BER,1DC_MUC,SKU_0147,2024-10-04,238,forecast,13.7,False,123.52,141,reorder_point,1.8,False,73.18,10.7,0.519
1356,FC_BER1,IXD_BER,1DC_MUC,SKU_0082,2024-10-04,68,forecast,4.0,False,47.33,51,reorder_point,1.5,False,35.5,8.9,0.696
1357,FC_BER1,IXD_BER,1DC_MUC,SKU_0024,2024-10-04,214,forecast,10.3,False,164.78,126,reorder_point,1.7,False,97.02,8.4,0.77
1358,FC_BER1,IXD_BER,1DC_MUC,SKU_0144,2024-10-04,229,forecast,4.7,False,217.09,122,reorder_point,2.9,False,115.66,9.6,0.948
1359,FC_MUN1,IXD_BCN,1DC_CDG,SKU_0151,2024-10-04,63,forecast,10.8,False,63.0,51,reorder_point,2.5,False,51.0,8.2,1.0
1360,FC_MUN1,IXD_BCN,1DC_CDG,SKU_0165,2024-10-04,15,forecast,8.4,False,12.34,13,reorder_point,1.9,False,10.7,8.9,0.823
1361,FC_BCN1,IXD_BCN,1DC_BCN,SKU_0028,2024-10-05,216,forecast,8.1,False,152.28,136,reorder_point,2.2,False,95.88,8.4,0.705
1362,FC_BCN1,IXD_BCN,1DC_BCN,SKU_0108,2024-10-05,77,forecast,6.1,False,54.82,45,reorder_point,1.1,False,32.04,9.0,0.712
1363,FC_BCN1,IXD_BCN,1DC_BCN,SKU_0007,2024-10-05,16,forecast,8.6,False,16.53,12,reorder_point,0.9,False,12.4,7.7,1.033
1364,FC_BCN1,IXD_BCN,1DC_BCN,SKU_0149,2024-10-05,80,forecast,12.1,False,53.92,47,reorder_point,0.8,False,31.68,9.2,0.674
1365,FC_BCN2,IXD_BCN,1DC_BCN,SKU_0200,2024-10-05,155,forecast,8.9,False,89.9,126,reorder_point,2.0,False,73.08,9.4,0.58
1366,FC_BCN2,IXD_BCN,1DC_BCN,SKU_0193,2024-10-05,70,forecast,9.6,True,12.18,40,reorder_point,2.6,False,6.96,9.6,0.174
1367,FC_BCN2,IXD_BCN,1DC_BCN,SKU_0213,2024-10-05,14,forecast,12.9,False,12.89,11,reorder_point,2.2,False,10.13,7.8,0.921
1368,FC_BCN2,IXD_BCN,1DC_BCN,SKU_0053,2024-10-05,209,forecast,4.2,False,225.93,133,reorder_point,2.7,False,143.77,7.7,1.081
1369,FC_BCN2,IXD_BCN,1DC_BCN,SKU_0012,2024-10-05,86,forecast,6.5,False,90.82,45,reorder_point,2.4,False,47.52,9.9,1.056
1370,FC_BCN2,IXD_BCN,1DC_BCN,SKU_0193,2024-10-05,61,forecast,4.6,False,17.87,41,reorder_point,1.3,True,12.01,7.6,0.293
1371,FC_BCN2,IXD_BCN,1DC_BCN,SKU_0075,2024-10-05,60,forecast,11.7,False,9.9,51,reorder_point,1.7,False,8.42,11.8,0.165
1372,FC_BCN2,IXD_BCN,1DC_BCN,SKU_0133,2024-10-05,54,forecast,5.8,False,57.02,50,reorder_point,2.1,False,52.8,6.0,1.056
1373,FC_MAD1,IXD_MAD,1DC_MAD,SKU_0001,2024-10-05,225,forecast,8.1,False,199.57,111,reorder_point,0.7,False,98.46,2.6,0.887
1374,FC_MAD1,IXD_MAD,1DC_MAD,SKU_0215,2024-10-05,62,forecast,5.0,False,47.31,45,reorder_point,1.2,False,34.34,7.9,0.763
1375,FC_MAD1,IXD_MAD,1DC_MAD,SKU_0159,2024-10-05,82,forecast,5.7,False,33.78,45,reorder_point,2.0,False,18.54,10.1,0.412
1376,FC_MAD1,IXD_MAD,1DC_MAD,SKU_0229,2024-10-05,225,forecast,6.6,False,50.4,143,reorder_point,2.5,False,32.03,7.8,0.224
1377,FC_MAD1,IXD_MAD,1DC_MAD,SKU_0035,2024-10-05,210,forecast,10.5,True,166.95,132,reorder_point,1.7,False,104.94,7.9,0.795
1378,FC_MAD1,IXD_MAD,1DC_MAD,SKU_0090,2024-10-05,54,forecast,8.2,False,46.06,50,reorder_point,1.1,False,42.65,6.8,0.853
1379,FC_MAD1,IXD_MAD,1DC_MAD,SKU_0143,2024-10-05,21,forecast,5.3,False,9.91,12,reorder_point,2.3,False,5.66,7.1,0.472
1380,FC_MAD2,IXD_MAD,1DC_MAD,SKU_0098,2024-10-05,69,forecast,3.5,False,43.47,49,reorder_point,1.3,False,30.87,8.4,0.63
1381,FC_MAD2,IXD_MAD,1DC_MAD,SKU_0149,2024-10-05,59,forecast,3.5,False,42.07,53,reorder_point,2.2,False,37.79,11.4,0.713
1382,FC_PAR1,IXD_PAR,1DC_AMS,SKU_0106,2024-10-05,51,forecast,11.7,False,26.72,40,reorder_point,2.5,False,20.96,6.5,0.524
1383,FC_PAR1,IXD_PAR,1DC_AMS,SKU_0094,2024-10-05,69,forecast,7.9,False,20.15,40,reorder_point,1.6,False,11.68,9.0,0.292
1384,FC_PAR1,IXD_PAR,1DC_AMS,SKU_0130,2024-10-05,82,forecast,3.3,False,80.03,52,reorder_point,1.4,False,50.75,3.9,0.976
1385,FC_PAR1,IXD_PAR,1DC_AMS,SKU_0201,2024-10-05,54,forecast,10.0,False,24.14,45,reorder_point,1.2,False,20.12,6.9,0.447
1386,FC_PAR1,IXD_PAR,1DC_AMS,SKU_0237,2024-10-05,13,forecast,10.6,False,5.12,11,reorder_point,1.0,False,4.33,6.7,0.394
1387,FC_PAR2,IXD_PAR,1DC_AMS,SKU_0247,2024-10-05,227,forecast,10.6,False,62.88,122,reorder_point,2.4,False,33.79,7.9,0.277
1388,FC_PAR2,IXD_PAR,1DC_AMS,SKU_0182,2024-10-05,89,forecast,4.0,False,79.83,51,reorder_point,2.5,False,45.75,9.0,0.897
1389,FC_PAR2,IXD_PAR,1DC_AMS,SKU_0164,2024-10-05,17,forecast,3.7,False,13.79,14,reorder_point,0.5,False,11.35,6.7,0.811
1390,FC_PAR2,IXD_PAR,1DC_AMS,SKU_0144,2024-10-05,145,forecast,12.6,False,128.47,129,reorder_point,2.9,False,114.29,8.3,0.886
1391,FC_PAR2,IXD_PAR,1DC_AMS,SKU_0004,2024-10-05,87,forecast,6.0,False,21.49,50,reorder_point,2.5,False,12.35,7.3,0.247
1392,FC_BER1,IXD_BER,1DC_MAD,SKU_0014,2024-10-05,57,forecast,5.8,False,45.37,52,reorder_point,1.4,False,41.39,7.1,0.796
1393,FC_BER1,IXD_BER,1DC_MAD,SKU_0187,2024-10-05,65,forecast,11.3,True,39.91,47,reorder_point,2.9,False,28.86,7.5,0.614
1394,FC_BER1,IXD_BER,1DC_MAD,SKU_0080,2024-10-05,14,forecast,10.4,False,12.56,11,reorder_point,1.3,False,9.87,9.5,0.897
1395,FC_MUN1,IXD_PAR,1DC_MAD,SKU_0174,2024-10-05,23,forecast,5.8,False,4.07,11,reorder_point,1.7,False,1.95,10.9,0.177
1396,FC_MUN1,IXD_PAR,1DC_MAD,SKU_0036,2024-10-05,234,forecast,4.7,False,195.62,124,reorder_point,2.4,False,103.66,6.0,0.836
1397,FC_BCN1,IXD_BCN,1DC_BCN,SKU_0175,2024-10-06,233,forecast,11.1,False,173.59,124,reorder_point,2.8,False,92.38,9.2,0.745
1398,FC_BCN1,IXD_BCN,1DC_BCN,SKU_0174,2024-10-06,21,forecast,8.4,True,5.67,13,reorder_point,1.9,False,3.51,11.1,0.27
1399,FC_BCN1,IXD_BCN,1DC_BCN,SKU_0019,2024-10-06,85,forecast,6.9,True,78.8,47,reorder_point,2.5,False,43.57,9.5,0.927
1400,FC_BCN1,IXD_BCN,1DC_BCN,SKU_0066,2024-10-06,62,forecast,10.0,True,50.78,48,reorder_point,2.5,False,39.31,4.0,0.819
1401,FC_BCN1,IXD_BCN,1DC_BCN,SKU_0129,2024-10-06,83,forecast,5.9,False,66.4,44,reorder_point,1.1,False,35.2,12.5,0.8
1402,FC_BCN2,IXD_BCN,1DC_BCN,SKU_0190,2024-10-06,53,forecast,3.8,False,8.85,46,reorder_point,1.8,False,7.68,9.4,0.167
1403,FC_BCN2,IXD_BCN,1DC_BCN,SKU_0109,2024-10-06,63,forecast,4.9,False,19.53,52,reorder_point,2.9,False,16.12,5.5,0.31
1404,FC_BCN2,IXD_BCN,1DC_BCN,SKU_0137,2024-10-06,85,forecast,10.6,False,17.59,48,reorder_point,1.6,False,9.94,10.0,0.207
1405,FC_BCN2,IXD_BCN,1DC_BCN,SKU_0165,2024-10-06,20,forecast,11.3,False,12.04,13,reorder_point,1.1,False,7.83,9.7,0.602
1406,FC_BCN2,IXD_BCN,1DC_BCN,SKU_0170,2024-10-06,159,forecast,8.9,False,99.85,130,reorder_point,1.9,False,81.64,10.1,0.628
1407,FC_BCN2,IXD_BCN,1DC_BCN,SKU_0199,2024-10-06,55,forecast,12.8,False,31.84,41,reorder_point,3.0,False,23.74,7.7,0.579
1408,FC_BCN2,IXD_BCN,1DC_BCN,SKU_0071,2024-10-06,222,forecast,10.5,False,241.09,116,reorder_point,2.5,False,125.98,8.0,1.086
1409,FC_MAD1,IXD_MAD,1DC_MAD,SKU_0192,2024-10-06,88,forecast,10.8,False,54.65,42,reorder_point,1.0,False,26.08,8.8,0.621
1410,FC_MAD1,IXD_MAD,1DC_MAD,SKU_0061,2024-10-06,193,forecast,4.1,False,94.96,143,reorder_point,2.1,False,70.36,10.4,0.492
1411,FC_MAD1,IXD_MAD,1DC_MAD,SKU_0210,2024-10-06,55,forecast,12.7,False,17.16,42,reorder_point,2.7,False,13.1,8.0,0.312
1412,FC_MAD1,IXD_MAD,1DC_MAD,SKU_0038,2024-10-06,145,forecast,12.0,True,114.84,116,reorder_point,2.7,True,91.87,6.3,0.792
1413,FC_MAD1,IXD_MAD,1DC_MAD,SKU_0099,2024-10-06,18,forecast,7.2,True,13.99,10,reorder_point,2.6,False,7.77,11.2,0.777
1414,FC_MAD1,IXD_MAD,1DC_MAD,SKU_0184,2024-10-06,173,forecast,3.1,False,67.3,118,reorder_point,1.4,False,45.9,5.5,0.389
1415,FC_MAD2,IXD_MAD,1DC_MAD,SKU_0061,2024-10-06,228,forecast,6.2,False,85.73,116,reorder_point,2.9,False,43.62,8.6,0.376
1416,FC_MAD2,IXD_MAD,1DC_MAD,SKU_0201,2024-10-06,79,forecast,12.4,False,54.43,43,reorder_point,1.3,False,29.63,5.3,0.689
1417,FC_MAD2,IXD_MAD,1DC_MAD,SKU_0214,2024-10-06,20,forecast,4.1,True,2.08,13,reorder_point,3.0,False,1.35,8.5,0.104
1418,FC_MAD2,IXD_MAD,1DC_MAD,SKU_0210,2024-10-06,82,forecast,13.4,False,9.84,48,reorder_point,1.6,False,5.76,4.5,0.12
1419,FC_MAD2,IXD_MAD,1DC_MAD,SKU_0177,2024-10-06,13,forecast,7.8,False,6.12,12,reorder_point,1.2,False,5.65,10.0,0.471
1420,FC_MAD2,IXD_MAD,1DC_MAD,SKU_0223,2024-10-06,53,forecast,4.0,False,48.12,53,reorder_point,1.1,False,48.12,7.5,0.908
1421,FC_MAD2,IXD_MAD,1DC_MAD,SKU_0139,2024-10-06,62,forecast,7.4,False,28.95,52,reorder_point,1.2,False,24.28,10.9,0.467
1422,FC_PAR1,IXD_PAR,1DC_MUC,SKU_0050,2024-10-06,178,forecast,9.0,False,128.52,113,reorder_point,1.8,False,81.59,9.1,0.722
1423,FC_PAR1,IXD_PAR,1DC_MUC,SKU_0041,2024-10-06,173,forecast,8.1,True,98.96,116,reorder_point,1.6,False,66.35,10.4,0.572
1424,FC_PAR1,IXD_PAR,1DC_MUC,SKU_0175,2024-10-06,203,forecast,8.3,False,57.04,121,reorder_point,1.4,False,34.0,7.1,0.281
1425,FC_PAR1,IXD_PAR,1DC_MUC,SKU_0117,2024-10-06,22,forecast,9.3,False,21.58,10,reorder_point,2.0,False,9.81,9.4,0.981
1426,FC_PAR1,IXD_PAR,1DC_MUC,SKU_0196,2024-10-06,238,forecast,8.0,False,114.24,126,reorder_point,1.9,False,60.48,8.2,0.48
1427,FC_PAR1,IXD_PAR,1DC_MUC,SKU_0078,2024-10-06,23,forecast,9.1,True,12.9,14,reorder_point,2.7,False,7.85,8.9,0.561
1428,FC_PAR1,IXD_PAR,1DC_MUC,SKU_0086,2024-10-06,18,forecast,13.7,False,15.26,12,reorder_point,1.2,False,10.18,9.0,0.848
1429,FC_PAR1,IXD_PAR,1DC_MUC,SKU_0125,2024-10-06,61,forecast,9.6,False,43.25,41,reorder_point,2.2,False,29.07,7.1,0.709
1430,FC_PAR2,IXD_PAR,1DC_MUC,SKU_0241,2024-10-06,14,forecast,5.9,False,2.44,12,reorder_point,1.7,False,2.09,8.0,0.174
1431,FC_PAR2,IXD_PAR,1DC_MUC,SKU_0014,2024-10-06,82,forecast,12.7,False,36.65,44,reorder_point,2.3,False,19.67,10.8,0.447
1432,FC_PAR2,IXD_PAR,1DC_MUC,SKU_0076,2024-10-06,172,forecast,12.2,True,116.62,123,reorder_point,1.8,True,83.39,11.0,0.678
1433,FC_PAR2,IXD_PAR,1DC_MUC,SKU_0033,2024-10-06,22,forecast,7.0,False,22.55,13,reorder_point,0.5,False,13.32,10.2,1.025
1434,FC_PAR2,IXD_PAR,1DC_MUC,SKU_0231,2024-10-06,16,forecast,6.0,True,15.44,11,reorder_point,2.6,False,10.62,9.2,0.965
1435,FC_BER1,IXD_BER,1DC_BCN,SKU_0042,2024-10-06,23,forecast,9.7,False,23.28,13,reorder_point,1.2,False,13.16,5.9,1.012
1436,FC_BER1,IXD_BER,1DC_BCN,SKU_0133,2024-10-06,56,forecast,10.6,False,27.38,43,reorder_point,0.8,False,21.03,8.7,0.489
1437,FC_BER1,IXD_BER,1DC_BCN,SKU_0240,2024-10-06,19,forecast,13.2,False,16.21,10,reorder_point,0.7,False,8.53,10.9,0.853
1438,FC_BER1,IXD_BER,1DC_BCN,SKU_0016,2024-10-06,53,forecast,9.3,False,11.08,48,reorder_point,2.6,False,10.03,7.6,0.209
1439,FC_BER1,IXD_BER,1DC_BCN,SKU_0209,2024-10-06,76,forecast,6.5,False,41.12,50,reorder_point,0.6,False,27.05,11.9,0.541
1440,FC_BER1,IXD_BER,1DC_BCN,SKU_0211,2024-10-06,72,forecast,5.2,True,8.28,41,reorder_point,1.6,False,4.71,7.3,0.115
1441,FC_MUN1,IXD_BER,1DC_CDG,SKU_0213,2024-10-06,23,forecast,4.0,False,5.54,13,reorder_point,1.9,False,3.13,7.6,0.241
1442,FC_MUN1,IXD_BER,1DC_CDG,SKU_0146,2024-10-06,188,forecast,7.5,False,130.66,115,reorder_point,2.6,False,79.92,11.7,0.695
1443,FC_MUN1,IXD_BER,1DC_CDG,SKU_0072,2024-10-06,88,forecast,11.4,False,50.51,50,reorder_point,2.9,False,28.7,7.5,0.574
1444,FC_MUN1,IXD_BER,1DC_CDG,SKU_0207,2024-10-06,62,forecast,8.9,False,26.78,50,reorder_point,2.4,True,21.6,8.4,0.432
1445,FC_MUN1,IXD_BER,1DC_CDG,SKU_0040,2024-10-06,169,forecast,9.2,False,149.4,115,reorder_point,1.0,False,101.66,7.1,0.884
1446,FC_MUN1,IXD_BER,1DC_CDG,SKU_0187,2024-10-06,64,forecast,5.8,False,33.34,51,reorder_point,1.3,False,26.57,13.1,0.521
1447,FC_MUN1,IXD_BER,1DC_CDG,SKU_0016,2024-10-06,65,forecast,6.0,False,71.24,41,reorder_point,1.6,False,44.94,3.3,1.096
1448,FC_BCN1,IXD_BCN,1DC_BCN,SKU_0239,2024-10-07,19,forecast,5.1,False,20.54,11,reorder_point,2.5,False,11.89,6.9,1.081
1449,FC_BCN1,IXD_BCN,1DC_BCN,SKU_0233,2024-10-07,20,forecast,12.3,False,7.54,11,reorder_point,0.6,False,4.15,6.7,0.377
1450,FC_BCN1,IXD_BCN,1DC_BCN,SKU_0013,2024-10-07,65,forecast,7.9,False,43.23,41,reorder_point,2.9,False,27.27,9.2,0.665
1451,FC_BCN1,IXD_BCN,1DC_BCN,SKU_0187,2024-10-07,82,forecast,9.5,False,68.14,44,reorder_point,2.4,False,36.56,5.7,0.831
1452,FC_BCN2,IXD_BCN,1DC_BCN,SKU_0154,2024-10-07,142,forecast,5.6,False,69.3,143,reorder_point,1.7,False,69.78,8.6,0.488
1453,FC_BCN2,IXD_BCN,1DC_BCN,SKU_0154,2024-10-07,238,forecast,3.2,False,63.78,118,reorder_point,2.9,False,31.62,11.1,0.268
1454,FC_BCN2,IXD_BCN,1DC_BCN,SKU_0007,2024-10-07,17,forecast,9.8,False,17.68,11,reorder_point,2.8,False,11.44,9.4,1.04
1455,FC_BCN2,IXD_BCN,1DC_BCN,SKU_0175,2024-10-07,151,forecast,3.0,False,146.77,112,reorder_point,1.6,False,108.86,9.1,0.972
1456,FC_BCN2,IXD_BCN,1DC_BCN,SKU_0016,2024-10-07,49,forecast,12.5,False,21.41,49,reorder_point,0.6,False,21.41,6.3,0.437
1457,FC_BCN2,IXD_BCN,1DC_BCN,SKU_0221,2024-10-07,20,forecast,5.0,False,14.36,14,reorder_point,2.1,False,10.05,8.3,0.718
1458,FC_BCN2,IXD_BCN,1DC_BCN,SKU_0009,2024-10-07,17,forecast,3.5,False,3.89,11,reorder_point,1.6,False,2.52,11.0,0.229
1459,FC_MAD1,IXD_MAD,1DC_MAD,SKU_0141,2024-10-07,51,forecast,6.9,False,7.55,49,reorder_point,2.1,False,7.25,6.8,0.148
1460,FC_MAD1,IXD_MAD,1DC_MAD,SKU_0101,2024-10-07,16,forecast,10.5,False,15.95,11,reorder_point,2.3,False,10.97,5.6,0.997
1461,FC_MAD1,IXD_MAD,1DC_MAD,SKU_0031,2024-10-07,49,forecast,6.8,False,8.04,52,reorder_point,1.6,False,8.53,7.5,0.164
1462,FC_MAD1,IXD_MAD,1DC_MAD,SKU_0139,2024-10-07,61,forecast,9.7,False,43.74,43,reorder_point,2.1,False,30.83,5.6,0.717
1463,FC_MAD1,IXD_MAD,1DC_MAD,SKU_0045,2024-10-07,235,forecast,7.0,False,40.19,116,reorder_point,1.4,False,19.84,9.5,0.171
1464,FC_MAD1,IXD_MAD,1DC_MAD,SKU_0016,2024-10-07,66,forecast,8.4,False,68.84,40,reorder_point,0.5,False,41.72,9.9,1.043
1465,FC_MAD2,IXD_MAD,1DC_MAD,SKU_0141,2024-10-07,51,forecast,9.0,False,18.72,46,reorder_point,0.6,False,16.88,8.6,0.367
1466,FC_MAD2,IXD_MAD,1DC_MAD,SKU_0175,2024-10-07,145,forecast,12.8,False,115.86,114,reorder_point,2.6,False,91.09,10.6,0.799
1467,FC_MAD2,IXD_MAD,1DC_MAD,SKU_0096,2024-10-07,225,forecast,3.2,False,58.73,124,reorder_point,2.4,False,32.36,8.4,0.261
1468,FC_MAD2,IXD_MAD,1DC_MAD,SKU_0090,2024-10-07,83,forecast,3.8,False,23.57,45,reorder_point,1.1,False,12.78,8.7,0.284
1469,FC_MAD2,IXD_MAD,1DC_MAD,SKU_0028,2024-10-07,181,forecast,5.8,False,58.1,130,reorder_point,2.2,False,41.73,8.7,0.321
1470,FC_MAD2,IXD_MAD,1DC_MAD,SKU_0085,2024-10-07,22,forecast,3.8,False,11.48,10,reorder_point,0.6,False,5.22,7.3,0.522
1471,FC_MAD2,IXD_MAD,1DC_MAD,SKU_0174,2024-10-07,13,forecast,5.7,False,12.82,14,reorder_point,1.9,False,13.8,8.5,0.986
1472,FC_MAD2,IXD_MAD,1DC_MAD,SKU_0030,2024-10-07,141,forecast,7.3,False,109.7,112,reorder_point,2.8,False,87.14,8.8,0.778
1473,FC_PAR1,IXD_PAR,1DC_AMS,SKU_0194,2024-10-07,226,forecast,9.2,False,189.16,127,reorder_point,1.3,False,106.3,8.9,0.837
1474,FC_PAR1,IXD_PAR,1DC_AMS,SKU_0198,2024-10-07,177,forecast,4.8,True,173.81,142,reorder_point,1.1,False,139.44,9.5,0.982
1475,FC_PAR1,IXD_PAR,1DC_AMS,SKU_0205,2024-10-07,132,forecast,10.6,False,104.94,120,reorder_point,1.0,False,95.4,12.3,0.795
1476,FC_PAR1,IXD_PAR,1DC_AMS,SKU_0033,2024-10-07,13,forecast,7.9,False,8.46,12,reorder_point,0.9,False,7.81,8.1,0.651
1477,FC_PAR2,IXD_PAR,1DC_BCN,SKU_0111,2024-10-07,207,forecast,4.9,False,46.37,129,reorder_point,2.2,False,28.9,10.3,0.224
1478,FC_PAR2,IXD_PAR,1DC_BCN,SKU_0147,2024-10-07,230,forecast,11.0,False,138.69,128,reorder_point,1.6,False,77.18,7.3,0.603
1479,FC_PAR2,IXD_PAR,1DC_BCN,SKU_0055,2024-10-07,18,forecast,6.7,False,4.81,13,reorder_point,2.7,False,3.47,3.8,0.267
1480,FC_BER1,IXD_BER,1DC_MAD,SKU_0143,2024-10-07,18,forecast,10.8,False,15.59,13,reorder_point,2.8,False,11.26,9.6,0.866
1481,FC_BER1,IXD_BER,1DC_MAD,SKU_0180,2024-10-07,197,forecast,5.4,False,178.09,121,reorder_point,2.9,False,109.38,5.1,0.904
1482,FC_BER1,IXD_BER,1DC_MAD,SKU_0071,2024-10-07,167,forecast,12.7,False,137.27,131,reorder_point,3.0,False,107.68,6.6,0.822
1483,FC_BER1,IXD_BER,1DC_MAD,SKU_0123,2024-10-07,149,forecast,3.6,False,113.54,130,reorder_point,1.8,False,99.06,9.2,0.762
1484,FC_BER1,IXD_BER,1DC_MAD,SKU_0040,2024-10-07,138,forecast,4.0,False,141.45,143,reorder_point,2.1,False,146.57,7.4,1.025
1485,FC_MUN1,IXD_BCN,1DC_MAD,SKU_0250,2024-10-07,23,forecast,7.0,False,3.13,11,reorder_point,0.5,False,1.5,8.3,0.136
1486,FC_MUN1,IXD_BCN,1DC_MAD,SKU_0054,2024-10-07,89,forecast,6.0,False,47.97,42,reorder_point,2.6,False,22.64,8.3,0.539
1487,FC_MUN1,IXD_BCN,1DC_MAD,SKU_0092,2024-10-07,83,forecast,4.4,False,16.1,43,reorder_point,2.3,False,8.34,8.7,0.194
1488,FC_MUN1,IXD_BCN,1DC_MAD,SKU_0086,2024-10-07,22,forecast,7.5,False,17.93,10,reorder_point,3.0,False,8.15,7.6,0.815
1489,FC_MUN1,IXD_BCN,1DC_MAD,SKU_0153,2024-10-07,156,forecast,12.1,False,26.68,120,reorder_point,2.8,False,20.52,7.6,0.171
1490,FC_BCN1,IXD_BCN,1DC_BCN,SKU_0167,2024-10-08,56,forecast,9.6,False,31.92,52,reorder_point,2.2,False,29.64,8.3,0.57
1491,FC_BCN1,IXD_BCN,1DC_BCN,SKU_0097,2024-10-08,22,forecast,3.4,False,7.66,12,reorder_point,2.9,False,4.18,8.9,0.348
1492,FC_BCN2,IXD_BCN,1DC_BCN,SKU_0139,2024-10-08,82,forecast,3.7,False,24.85,42,reorder_point,1.9,False,12.73,8.3,0.303
1493,FC_BCN2,IXD_BCN,1DC_BCN,SKU_0031,2024-10-08,66,forecast,3.2,True,32.54,45,reorder_point,2.7,False,22.18,4.4,0.493
1494,FC_BCN2,IXD_BCN,1DC_BCN,SKU_0245,2024-10-08,80,forecast,12.8,False,48.96,49,reorder_point,2.8,False,29.99,10.9,0.612
1495,FC_BCN2,IXD_BCN,1DC_BCN,SKU_0101,2024-10-08,17,forecast,3.7,False,8.36,13,reorder_point,2.5,False,6.4,13.0,0.492
1496,FC_BCN2,IXD_BCN,1DC_BCN,SKU_0051,2024-10-08,77,forecast,9.7,False,57.52,43,reorder_point,1.5,True,32.12,9.6,0.747
1497,FC_BCN2,IXD_BCN,1DC_BCN,SKU_0097,2024-10-08,15,forecast,5.1,False,5.34,12,reorder_point,1.6,False,4.27,12.5,0.356
1498,FC_BCN2,IXD_BCN,1DC_BCN,SKU_0202,2024-10-08,176,forecast,4.5,False,64.59,120,reorder_point,2.1,False,44.04,11.0,0.367
1499,FC_MAD1,IXD_MAD,1DC_MAD,SKU_0026,2024-10-08,20,forecast,12.4,False,14.36,14,reorder_point,1.8,False,10.05,12.9,0.718
1500,FC_MAD1,IXD_MAD,1DC_MAD,SKU_0190,2024-10-08,74,forecast,7.5,False,56.09,50,reorder_point,2.8,False,37.9,8.1,0.758
1501,FC_MAD1,IXD_MAD,1DC_MAD,SKU_0147,2024-10-08,205,forecast,5.9,False,214.63,120,reorder_point,1.1,False,125.64,13.8,1.047
1502,FC_MAD2,IXD_MAD,1DC_MAD,SKU_0228,2024-10-08,64,forecast,3.6,False,58.56,43,reorder_point,1.2,False,39.34,7.3,0.915
1503,FC_MAD2,IXD_MAD,1DC_MAD,SKU_0208,2024-10-08,20,forecast,3.9,False,7.34,12,reorder_point,2.2,False,4.4,13.5,0.367
1504,FC_MAD2,IXD_MAD,1DC_MAD,SKU_0222,2024-10-08,68,forecast,11.0,False,37.67,48,reorder_point,1.2,False,26.59,9.4,0.554
1505,FC_PAR1,IXD_PAR,1DC_MUC,SKU_0230,2024-10-08,78,forecast,13.9,False,41.89,53,reorder_point,2.8,False,28.46,10.0,0.537
1506,FC_PAR1,IXD_PAR,1DC_MUC,SKU_0145,2024-10-08,68,forecast,12.4,False,72.22,53,reorder_point,2.0,False,56.29,13.0,1.062
1507,FC_PAR1,IXD_PAR,1DC_MUC,SKU_0017,2024-10-08,17,forecast,13.0,False,7.34,11,reorder_point,1.2,True,4.75,8.4,0.432
1508,FC_PAR1,IXD_PAR,1DC_MUC,SKU_0215,2024-10-08,87,forecast,13.1,False,60.55,41,reorder_point,1.4,False,28.54,8.3,0.696
1509,FC_PAR1,IXD_PAR,1DC_MUC,SKU_0083,2024-10-08,216,forecast,7.1,False,209.52,118,reorder_point,1.6,False,114.46,8.8,0.97
1510,FC_PAR1,IXD_PAR,1DC_MUC,SKU_0071,2024-10-08,146,forecast,7.0,False,150.82,143,reorder_point,1.2,False,147.72,8.4,1.033
1511,FC_PAR1,IXD_PAR,1DC_MUC,SKU_0074,2024-10-08,13,forecast,10.3,False,2.81,12,reorder_point,1.0,False,2.59,9.5,0.216
1512,FC_PAR2,IXD_PAR,1DC_CDG,SKU_0055,2024-10-08,20,forecast,3.6,False,21.22,11,reorder_point,2.4,False,11.67,10.1,1.061
1513,FC_PAR2,IXD_PAR,1DC_CDG,SKU_0175,2024-10-08,229,forecast,3.3,False,236.33,134,reorder_point,1.7,False,138.29,7.8,1.032
1514,FC_PAR2,IXD_PAR,1DC_CDG,SKU_0021,2024-10-08,64,forecast,9.0,False,29.63,53,reorder_point,1.2,False,24.54,9.4,0.463
1515,FC_PAR2,IXD_PAR,1DC_CDG,SKU_0249,2024-10-08,76,forecast,11.1,False,75.24,52,reorder_point,1.8,False,51.48,8.2,0.99
1516,FC_BER1,IXD_BER,1DC_AMS,SKU_0029,2024-10-08,185,forecast,10.1,False,116.36,131,reorder_point,2.5,True,82.4,11.2,0.629
1517,FC_BER1,IXD_BER,1DC_AMS,SKU_0204,2024-10-08,16,forecast,11.2,False,8.11,14,reorder_point,1.7,False,7.1,6.0,0.507
1518,FC_MUN1,IXD_MAD,1DC_AMS,SKU_0029,2024-10-08,162,forecast,3.7,False,40.99,141,reorder_point,2.1,False,35.67,9.7,0.253
1519,FC_MUN1,IXD_MAD,1DC_AMS,SKU_0113,2024-10-08,23,forecast,3.7,False,5.8,12,reorder_point,2.1,False,3.02,8.9,0.252
1520,FC_BCN1,IXD_BCN,1DC_BCN,SKU_0175,2024-10-09,151,forecast,4.4,False,33.22,119,reorder_point,2.2,False,26.18,8.6,0.22
1521,FC_BCN1,IXD_BCN,1DC_BCN,SKU_0007,2024-10-09,19,forecast,5.5,False,15.09,13,reorder_point,2.4,False,10.32,5.9,0.794
1522,FC_BCN1,IXD_BCN,1DC_BCN,SKU_0127,2024-10-09,23,forecast,13.0,False,5.84,11,reorder_point,2.1,False,2.79,10.4,0.254
1523,FC_BCN1,IXD_BCN,1DC_BCN,SKU_0199,2024-10-09,65,forecast,13.0,True,14.82,49,reorder_point,1.9,False,11.17,7.2,0.228
1524,FC_BCN1,IXD_BCN,1DC_BCN,SKU_0096,2024-10-09,236,forecast,6.9,False,63.48,131,reorder_point,1.0,False,35.24,8.6,0.269
1525,FC_BCN1,IXD_BCN,1DC_BCN,SKU_0164,2024-10-09,20,forecast,12.0,False,19.06,13,reorder_point,2.7,False,12.39,9.2,0.953
1526,FC_BCN1,IXD_BCN,1DC_BCN,SKU_0177,2024-10-09,20,forecast,12.8,False,10.54,13,reorder_point,1.1,False,6.85,9.8,0.527
1527,FC_BCN1,IXD_BCN,1DC_BCN,SKU_0130,2024-10-09,63,forecast,3.4,False,37.67,52,reorder_point,1.9,False,31.1,6.7,0.598
1528,FC_BCN2,IXD_BCN,1DC_BCN,SKU_0196,2024-10-09,186,forecast,4.7,False,47.62,121,reorder_point,0.7,False,30.98,8.4,0.256
1529,FC_BCN2,IXD_BCN,1DC_BCN,SKU_0026,2024-10-09,17,forecast,12.3,False,13.7,12,reorder_point,2.7,False,9.67,4.2,0.806
1530,FC_MAD1,IXD_MAD,1DC_MAD,SKU_0127,2024-10-09,20,forecast,12.3,False,17.58,13,reorder_point,1.2,False,11.43,6.8,0.879
1531,FC_MAD1,IXD_MAD,1DC_MAD,SKU_0123,2024-10-09,153,forecast,7.9,False,37.03,113,reorder_point,2.9,False,27.35,13.6,0.242
1532,FC_MAD1,IXD_MAD,1DC_MAD,SKU_0042,2024-10-09,23,forecast,8.6,False,10.26,13,reorder_point,1.2,False,5.8,7.9,0.446
1533,FC_MAD1,IXD_MAD,1DC_MAD,SKU_0172,2024-10-09,84,forecast,9.2,False,42.42,49,reorder_point,2.2,False,24.75,10.5,0.505
1534,FC_MAD1,IXD_MAD,1DC_MAD,SKU_0097,2024-10-09,15,forecast,12.8,False,7.35,12,reorder_point,1.4,False,5.88,12.6,0.49
1535,FC_MAD1,IXD_MAD,1DC_MAD,SKU_0214,2024-10-09,22,forecast,11.7,False,17.25,13,reorder_point,0.7,False,10.19,7.1,0.784
1536,FC_MAD1,IXD_MAD,1DC_MAD,SKU_0126,2024-10-09,161,forecast,12.1,True,65.2,132,reorder_point,1.1,False,53.46,8.2,0.405
1537,FC_MAD1,IXD_MAD,1DC_MAD,SKU_0032,2024-10-09,202,forecast,6.6,True,178.77,131,reorder_point,1.0,False,115.94,8.0,0.885
1538,FC_MAD2,IXD_MAD,1DC_MAD,SKU_0103,2024-10-09,58,forecast,12.1,False,51.68,45,reorder_point,0.7,False,40.09,8.9,0.891
1539,FC_MAD2,IXD_MAD,1DC_MAD,SKU_0012,2024-10-09,64,forecast,5.8,True,23.55,42,reorder_point,2.1,False,15.46,12.7,0.368
1540,FC_MAD2,IXD_MAD,1DC_MAD,SKU_0020,2024-10-09,193,forecast,13.1,False,36.86,123,reorder_point,0.5,False,23.49,11.1,0.191
1541,FC_MAD2,IXD_MAD,1DC_MAD,SKU_0185,2024-10-09,172,forecast,13.8,False,156.69,124,reorder_point,1.7,False,112.96,11.5,0.911
1542,FC_MAD2,IXD_MAD,1DC_MAD,SKU_0005,2024-10-09,159,forecast,7.8,False,31.16,108,reorder_point,2.1,False,21.17,9.7,0.196
1543,FC_MAD2,IXD_MAD,1DC_MAD,SKU_0187,2024-10-09,76,forecast,4.6,True,42.79,43,reorder_point,1.1,False,24.21,10.6,0.563
1544,FC_MAD2,IXD_MAD,1DC_MAD,SKU_0146,2024-10-09,201,forecast,7.5,False,118.79,126,reorder_point,1.0,False,74.47,7.1,0.591
1545,FC_PAR1,IXD_PAR,1DC_AMS,SKU_0021,2024-10-09,81,forecast,13.8,False,54.84,46,reorder_point,1.5,False,31.14,6.9,0.677
1546,FC_PAR1,IXD_PAR,1DC_AMS,SKU_0136,2024-10-09,71,forecast,8.2,False,73.91,45,reorder_point,2.6,False,46.84,8.9,1.041
1547,FC_PAR1,IXD_PAR,1DC_AMS,SKU_0176,2024-10-09,72,forecast,13.1,False,9.43,43,reorder_point,2.0,False,5.63,7.4,0.131
1548,FC_PAR2,IXD_PAR,1DC_MUC,SKU_0186,2024-10-09,81,forecast,10.0,False,13.69,42,reorder_point,0.6,False,7.1,9.5,0.169
1549,FC_PAR2,IXD_PAR,1DC_MUC,SKU_0216,2024-10-09,50,forecast,6.8,False,5.35,44,reorder_point,1.2,False,4.71,9.0,0.107
1550,FC_PAR2,IXD_PAR,1DC_MUC,SKU_0013,2024-10-09,49,forecast,7.6,False,26.21,45,reorder_point,1.3,False,24.08,7.1,0.535
1551,FC_PAR2,IXD_PAR,1DC_MUC,SKU_0103,2024-10-09,61,forecast,7.9,False,32.15,44,reorder_point,2.9,False,23.19,9.6,0.527
1552,FC_PAR2,IXD_PAR,1DC_MUC,SKU_0009,2024-10-09,15,forecast,6.6,True,4.48,11,reorder_point,1.3,False,3.29,12.1,0.299
1553,FC_PAR2,IXD_PAR,1DC_MUC,SKU_0151,2024-10-09,79,forecast,13.7,False,59.25,48,reorder_point,2.9,False,36.0,10.5,0.75
1554,FC_PAR2,IXD_PAR,1DC_MUC,SKU_0036,2024-10-09,193,forecast,7.2,False,20.84,109,reorder_point,1.4,False,11.77,10.1,0.108
1555,FC_BER1,IXD_BER,1DC_CDG,SKU_0029,2024-10-09,149,forecast,4.8,False,151.38,115,reorder_point,1.2,False,116.84,10.0,1.016
1556,FC_BER1,IXD_BER,1DC_CDG,SKU_0159,2024-10-09,83,forecast,12.2,False,62.83,48,reorder_point,1.4,False,36.34,6.5,0.757
1557,FC_BER1,IXD_BER,1DC_CDG,SKU_0064,2024-10-09,16,forecast,6.6,False,2.77,14,reorder_point,2.8,False,2.42,8.0,0.173
1558,FC_BER1,IXD_BER,1DC_CDG,SKU_0230,2024-10-09,61,forecast,4.3,False,56.97,48,reorder_point,1.1,False,44.83,9.8,0.934
1559,FC_MUN1,IXD_PAR,1DC_CDG,SKU_0116,2024-10-09,162,forecast,9.3,False,43.9,122,reorder_point,0.5,False,33.06,9.9,0.271
1560,FC_MUN1,IXD_PAR,1DC_CDG,SKU_0058,2024-10-09,13,forecast,6.6,False,14.14,12,reorder_point,1.7,False,13.06,6.1,1.088
1561,FC_MUN1,IXD_PAR,1DC_CDG,SKU_0172,2024-10-09,82,forecast,10.1,False,90.04,48,reorder_point,2.8,False,52.7,11.1,1.098
1562,FC_MUN1,IXD_PAR,1DC_CDG,SKU_0195,2024-10-09,72,forecast,4.4,False,30.74,42,reorder_point,1.7,False,17.93,12.4,0.427
1563,FC_MUN1,IXD_PAR,1DC_CDG,SKU_0231,2024-10-09,22,forecast,6.8,False,19.32,13,reorder_point,1.5,False,11.41,8.8,0.878
1564,FC_MUN1,IXD_PAR,1DC_CDG,SKU_0010,2024-10-09,59,forecast,3.5,False,14.63,46,reorder_point,1.3,False,11.41,7.6,0.248
1565,FC_BCN1,IXD_BCN,1DC_BCN,SKU_0058,2024-10-10,19,forecast,12.1,False,10.66,13,reorder_point,1.4,False,7.29,10.7,0.561
1566,FC_BCN1,IXD_BCN,1DC_BCN,SKU_0220,2024-10-10,174,forecast,6.9,False,135.37,122,reorder_point,1.3,False,94.92,10.4,0.778
1567,FC_BCN1,IXD_BCN,1DC_BCN,SKU_0121,2024-10-10,88,forecast,9.1,False,40.48,51,reorder_point,2.8,False,23.46,9.8,0.46
1568,FC_BCN1,IXD_BCN,1DC_BCN,SKU_0077,2024-10-10,152,forecast,10.7,False,98.95,115,reorder_point,0.7,False,74.87,8.0,0.651
1569,FC_BCN1,IXD_BCN,1DC_BCN,SKU_0013,2024-10-10,85,forecast,6.3,False,25.07,51,reorder_point,0.9,False,15.04,10.8,0.295
1570,FC_BCN1,IXD_BCN,1DC_BCN,SKU_0118,2024-10-10,61,forecast,5.9,False,49.65,41,reorder_point,1.3,False,33.37,11.2,0.814
1571,FC_BCN2,IXD_BCN,1DC_BCN,SKU_0130,2024-10-10,79,forecast,10.4,False,82.95,51,reorder_point,1.9,True,53.55,4.8,1.05
1572,FC_BCN2,IXD_BCN,1DC_BCN,SKU_0081,2024-10-10,20,forecast,12.9,False,5.06,11,reorder_point,2.4,False,2.78,7.3,0.253
1573,FC_BCN2,IXD_BCN,1DC_BCN,SKU_0207,2024-10-10,75,forecast,10.1,False,23.1,46,reorder_point,1.2,False,14.17,8.7,0.308
1574,FC_BCN2,IXD_BCN,1DC_BCN,SKU_0082,2024-10-10,51,forecast,5.5,False,46.66,51,reorder_point,2.9,False,46.66,9.0,0.915
1575,FC_BCN2,IXD_BCN,1DC_BCN,SKU_0157,2024-10-10,23,forecast,7.6,False,6.92,12,reorder_point,1.3,False,3.61,9.4,0.301
1576,FC_MAD1,IXD_MAD,1DC_MAD,SKU_0040,2024-10-10,199,forecast,5.6,False,62.88,112,reorder_point,1.5,False,35.39,8.0,0.316
1577,FC_MAD1,IXD_MAD,1DC_MAD,SKU_0225,2024-10-10,49,forecast,3.2,False,43.27,46,reorder_point,1.6,False,40.62,11.3,0.883
1578,FC_MAD1,IXD_MAD,1DC_MAD,SKU_0094,2024-10-10,87,forecast,3.1,False,74.04,42,reorder_point,1.7,False,35.74,11.2,0.851
1579,FC_MAD1,IXD_MAD,1DC_MAD,SKU_0081,2024-10-10,15,forecast,11.2,False,12.52,13,reorder_point,1.0,False,10.86,11.7,0.835
1580,FC_MAD1,IXD_MAD,1DC_MAD,SKU_0143,2024-10-10,21,forecast,12.0,False,18.73,10,reorder_point,1.2,False,8.92,6.2,0.892
1581,FC_MAD1,IXD_MAD,1DC_MAD,SKU_0012,2024-10-10,54,forecast,6.3,True,10.31,53,reorder_point,2.0,False,10.12,11.6,0.191
1582,FC_MAD2,IXD_MAD,1DC_MAD,SKU_0042,2024-10-10,23,forecast,10.3,False,22.52,10,reorder_point,1.4,False,9.79,8.5,0.979
1583,FC_MAD2,IXD_MAD,1DC_MAD,SKU_0106,2024-10-10,86,forecast,5.8,False,68.03,46,reorder_point,2.4,False,36.39,10.7,0.791
1584,FC_MAD2,IXD_MAD,1DC_MAD,SKU_0083,2024-10-10,221,forecast,7.6,False,80.44,137,reorder_point,2.8,False,49.87,7.2,0.364
1585,FC_MAD2,IXD_MAD,1DC_MAD,SKU_0099,2024-10-10,17,forecast,9.0,False,16.52,14,reorder_point,0.9,False,13.61,7.4,0.972
1586,FC_MAD2,IXD_MAD,1DC_MAD,SKU_0017,2024-10-10,15,forecast,6.5,True,7.41,14,reorder_point,2.5,False,6.92,7.3,0.494
1587,FC_MAD2,IXD_MAD,1DC_MAD,SKU_0137,2024-10-10,60,forecast,5.8,False,52.14,50,reorder_point,2.9,False,43.45,7.1,0.869
1588,FC_MAD2,IXD_MAD,1DC_MAD,SKU_0020,2024-10-10,217,forecast,4.1,False,133.24,143,reorder_point,0.8,False,87.8,7.1,0.614
1589,FC_PAR1,IXD_PAR,1DC_BCN,SKU_0089,2024-10-10,238,forecast,9.1,False,227.29,134,reorder_point,0.6,False,127.97,9.2,0.955
1590,FC_PAR1,IXD_PAR,1DC_BCN,SKU_0221,2024-10-10,22,forecast,6.2,True,4.49,13,reorder_point,1.1,False,2.65,8.4,0.204
1591,FC_PAR1,IXD_PAR,1DC_BCN,SKU_0249,2024-10-10,74,forecast,5.8,False,20.42,48,reorder_point,2.3,False,13.25,9.1,0.276
1592,FC_PAR1,IXD_PAR,1DC_BCN,SKU_0232,2024-10-10,18,forecast,7.3,False,8.3,11,reorder_point,1.6,False,5.07,9.0,0.461
1593,FC_PAR1,IXD_PAR,1DC_BCN,SKU_0075,2024-10-10,55,forecast,4.2,False,58.19,49,reorder_point,2.2,False,51.84,9.8,1.058
1594,FC_PAR1,IXD_PAR,1DC_BCN,SKU_0233,2024-10-10,15,forecast,11.1,False,6.03,13,reorder_point,1.0,False,5.23,7.3,0.402
1595,FC_PAR1,IXD_PAR,1DC_BCN,SKU_0225,2024-10-10,86,forecast,3.2,False,10.41,47,reorder_point,1.8,False,5.69,7.8,0.121
1596,FC_PAR2,IXD_PAR,1DC_BCN,SKU_0221,2024-10-10,17,forecast,10.5,False,7.02,13,reorder_point,0.7,False,5.37,9.8,0.413
1597,FC_PAR2,IXD_PAR,1DC_BCN,SKU_0202,2024-10-10,205,forecast,8.5,False,143.09,140,reorder_point,1.5,False,97.72,9.6,0.698
1598,FC_BER1,IXD_BER,1DC_CDG,SKU_0060,2024-10-10,160,forecast,8.0,False,106.72,119,reorder_point,0.9,False,79.37,12.7,0.667
1599,FC_BER1,IXD_BER,1DC_CDG,SKU_0005,2024-10-10,177,forecast,12.7,False,181.78,111,reorder_point,2.5,False,114.0,7.2,1.027
1600,FC_BER1,IXD_BER,1DC_CDG,SKU_0039,2024-10-10,73,forecast,4.3,False,10.37,52,reorder_point,2.8,False,7.38,6.6,0.142
1601,FC_BER1,IXD_BER,1DC_CDG,SKU_0152,2024-10-10,62,forecast,11.3,False,31.56,45,reorder_point,1.6,False,22.91,8.3,0.509
1602,FC_BER1,IXD_BER,1DC_CDG,SKU_0212,2024-10-10,199,forecast,6.3,False,151.84,114,reorder_point,1.6,False,86.98,7.5,0.763
1603,FC_MUN1,IXD_BCN,1DC_MUC,SKU_0025,2024-10-10,153,forecast,11.0,False,49.57,127,reorder_point,2.6,False,41.15,5.4,0.324
1604,FC_MUN1,IXD_BCN,1DC_MUC,SKU_0220,2024-10-10,148,forecast,12.0,False,130.54,138,reorder_point,0.7,False,121.72,6.9,0.882
1605,FC_MUN1,IXD_BCN,1DC_MUC,SKU_0096,2024-10-10,212,forecast,8.6,False,127.2,112,reorder_point,1.4,False,67.2,6.8,0.6
1606,FC_MUN1,IXD_BCN,1DC_MUC,SKU_0103,2024-10-10,61,forecast,3.1,False,9.64,41,reorder_point,1.3,False,6.48,9.2,0.158
1607,FC_BCN1,IXD_BCN,1DC_BCN,SKU_0079,2024-10-11,21,forecast,12.2,False,11.38,10,reorder_point,1.5,False,5.42,4.3,0.542
1608,FC_BCN1,IXD_BCN,1DC_BCN,SKU_0135,2024-10-11,18,forecast,12.2,False,6.88,13,reorder_point,2.9,False,4.97,8.4,0.382
1609,FC_BCN1,IXD_BCN,1DC_BCN,SKU_0223,2024-10-11,65,forecast,6.4,False,15.66,48,reorder_point,2.3,False,11.57,8.0,0.241
1610,FC_BCN1,IXD_BCN,1DC_BCN,SKU_0239,2024-10-11,17,forecast,4.6,True,6.53,11,reorder_point,1.3,False,4.22,7.8,0.384
1611,FC_BCN2,IXD_BCN,1DC_BCN,SKU_0065,2024-10-11,71,forecast,11.8,False,68.59,50,reorder_point,2.8,False,48.3,5.2,0.966
1612,FC_BCN2,IXD_BCN,1DC_BCN,SKU_0024,2024-10-11,182,forecast,9.8,False,129.77,135,reorder_point,2.0,False,96.25,7.0,0.713
1613,FC_BCN2,IXD_BCN,1DC_BCN,SKU_0148,2024-10-11,20,forecast,4.1,False,10.44,13,reorder_point,0.8,False,6.79,11.9,0.522
1614,FC_BCN2,IXD_BCN,1DC_BCN,SKU_0006,2024-10-11,211,forecast,11.2,False,55.07,110,reorder_point,1.4,False,28.71,9.8,0.261
1615,FC_BCN2,IXD_BCN,1DC_BCN,SKU_0087,2024-10-11,57,forecast,7.4,False,35.85,40,reorder_point,2.1,False,25.16,9.1,0.629
1616,FC_BCN2,IXD_BCN,1DC_BCN,SKU_0061,2024-10-11,191,forecast,3.0,False,136.76,132,reorder_point,2.8,False,94.51,9.7,0.716
1617,FC_MAD1,IXD_MAD,1DC_MAD,SKU_0200,2024-10-11,192,forecast,9.7,True,66.05,122,reorder_point,2.2,False,41.97,6.6,0.344
1618,FC_MAD1,IXD_MAD,1DC_MAD,SKU_0059,2024-10-11,151,forecast,9.1,False,116.72,139,reorder_point,1.8,False,107.45,9.0,0.773
1619,FC_MAD1,IXD_MAD,1DC_MAD,SKU_0226,2024-10-11,235,forecast,5.4,False,150.87,140,reorder_point,0.7,False,89.88,10.4,0.642
1620,FC_MAD1,IXD_MAD,1DC_MAD,SKU_0208,2024-10-11,21,forecast,11.4,False,22.36,12,reorder_point,1.1,False,12.78,10.2,1.065
1621,FC_MAD1,IXD_MAD,1DC_MAD,SKU_0028,2024-10-11,132,forecast,3.8,False,102.04,126,reorder_point,0.9,False,97.4,8.3,0.773
1622,FC_MAD1,IXD_MAD,1DC_MAD,SKU_0218,2024-10-11,70,forecast,13.7,False,11.41,43,reorder_point,2.3,False,7.01,7.5,0.163
1623,FC_MAD1,IXD_MAD,1DC_MAD,SKU_0123,2024-10-11,167,forecast,13.3,False,23.88,133,reorder_point,1.5,False,19.02,7.7,0.143
1624,FC_MAD2,IXD_MAD,1DC_MAD,SKU_0162,2024-10-11,78,forecast,12.1,False,74.57,49,reorder_point,2.8,False,46.84,8.5,0.956
1625,FC_MAD2,IXD_MAD,1DC_MAD,SKU_0209,2024-10-11,60,forecast,11.5,False,12.66,46,reorder_point,1.6,False,9.71,6.4,0.211
1626,FC_MAD2,IXD_MAD,1DC_MAD,SKU_0249,2024-10-11,73,forecast,9.4,False,43.58,43,reorder_point,2.2,False,25.67,9.0,0.597
1627,FC_MAD2,IXD_MAD,1DC_MAD,SKU_0189,2024-10-11,76,forecast,13.9,False,36.78,42,reorder_point,1.5,False,20.33,10.2,0.484
1628,FC_MAD2,IXD_MAD,1DC_MAD,SKU_0044,2024-10-11,74,forecast,6.9,False,44.92,42,reorder_point,1.6,False,25.49,8.0,0.607
1629,FC_MAD2,IXD_MAD,1DC_MAD,SKU_0145,2024-10-11,85,forecast,4.8,False,33.83,48,reorder_point,2.2,False,19.1,10.4,0.398
1630,FC_MAD2,IXD_MAD,1DC_MAD,SKU_0035,2024-10-11,194,forecast,9.7,False,101.46,130,reorder_point,0.9,False,67.99,8.6,0.523
1631,FC_MAD2,IXD_MAD,1DC_MAD,SKU_0078,2024-10-11,13,forecast,7.8,False,10.14,12,reorder_point,1.9,False,9.36,7.2,0.78
1632,FC_PAR1,IXD_PAR,1DC_CDG,SKU_0091,2024-10-11,206,forecast,12.4,False,145.85,117,reorder_point,2.9,False,82.84,7.6,0.708
1633,FC_PAR1,IXD_PAR,1DC_CDG,SKU_0130,2024-10-11,83,forecast,4.2,False,56.61,44,reorder_point,1.6,False,30.01,7.5,0.682
1634,FC_PAR1,IXD_PAR,1DC_CDG,SKU_0207,2024-10-11,71,forecast,14.0,False,7.81,48,reorder_point,0.6,False,5.28,10.0,0.11
1635,FC_PAR1,IXD_PAR,1DC_CDG,SKU_0155,2024-10-11,56,forecast,10.0,False,14.78,52,reorder_point,1.3,False,13.73,11.2,0.264
1636,FC_PAR1,IXD_PAR,1DC_CDG,SKU_0036,2024-10-11,235,forecast,3.4,False,151.34,127,reorder_point,2.8,True,81.79,4.0,0.644
1637,FC_PAR1,IXD_PAR,1DC_CDG,SKU_0070,2024-10-11,71,forecast,5.8,False,54.39,50,reorder_point,0.5,False,38.3,7.5,0.766
1638,FC_PAR2,IXD_PAR,1DC_MAD,SKU_0124,2024-10-11,61,forecast,12.0,False,58.25,48,reorder_point,2.3,False,45.84,8.0,0.955
1639,FC_PAR2,IXD_PAR,1DC_MAD,SKU_0028,2024-10-11,191,forecast,7.6,False,19.29,108,reorder_point,2.8,False,10.91,8.3,0.101
1640,FC_PAR2,IXD_PAR,1DC_MAD,SKU_0012,2024-10-11,77,forecast,10.9,False,53.59,45,reorder_point,2.0,False,31.32,8.7,0.696
1641,FC_PAR2,IXD_PAR,1DC_MAD,SKU_0166,2024-10-11,153,forecast,13.0,False,165.09,121,reorder_point,0.7,False,130.56,5.4,1.079
1642,FC_BER1,IXD_BER,1DC_CDG,SKU_0115,2024-10-11,72,forecast,8.5,False,41.18,50,reorder_point,0.5,False,28.6,7.2,0.572
1643,FC_BER1,IXD_BER,1DC_CDG,SKU_0107,2024-10-11,85,forecast,11.8,True,31.54,49,reorder_point,1.0,False,18.18,8.3,0.371
1644,FC_BER1,IXD_BER,1DC_CDG,SKU_0076,2024-10-11,164,forecast,13.7,False,125.46,129,reorder_point,0.6,False,98.69,8.0,0.765
1645,FC_BER1,IXD_BER,1DC_CDG,SKU_0245,2024-10-11,66,forecast,12.9,False,14.92,52,reorder_point,0.9,False,11.75,6.2,0.226
1646,FC_BER1,IXD_BER,1DC_CDG,SKU_0083,2024-10-11,230,forecast,9.7,False,63.94,125,reorder_point,1.3,False,34.75,10.7,0.278
1647,FC_MUN1,IXD_MAD,1DC_MAD,SKU_0003,2024-10-11,62,forecast,5.4,False,30.32,49,reorder_point,1.6,True,23.96,6.4,0.489
1648,FC_MUN1,IXD_MAD,1DC_MAD,SKU_0139,2024-10-11,61,forecast,11.6,False,57.83,43,reorder_point,1.6,False,40.76,8.5,0.948
1649,FC_MUN1,IXD_MAD,1DC_MAD,SKU_0210,2024-10-11,58,forecast,5.5,True,15.43,51,reorder_point,2.9,False,13.57,8.3,0.266
1650,FC_MUN1,IXD_MAD,1DC_MAD,SKU_0213,2024-10-11,22,forecast,9.6,True,4.2,11,reorder_point,0.8,False,2.1,7.2,0.191
1651,FC_MUN1,IXD_MAD,1DC_MAD,SKU_0223,2024-10-11,52,forecast,10.9,False,45.34,52,reorder_point,2.1,False,45.34,7.5,0.872
1652,FC_MUN1,IXD_MAD,1DC_MAD,SKU_0138,2024-10-11,75,forecast,11.0,False,31.88,48,reorder_point,2.3,False,20.4,8.7,0.425
1653,FC_BCN1,IXD_BCN,1DC_BCN,SKU_0150,2024-10-12,76,forecast,4.9,False,44.76,42,reorder_point,2.6,False,24.74,10.1,0.589
1654,FC_BCN1,IXD_BCN,1DC_BCN,SKU_0158,2024-10-12,14,forecast,3.7,False,5.73,10,reorder_point,2.6,False,4.09,9.9,0.409
1655,FC_BCN1,IXD_BCN,1DC_BCN,SKU_0024,2024-10-12,159,forecast,8.0,False,154.87,116,reorder_point,1.4,False,112.98,8.7,0.974
1656,FC_BCN2,IXD_BCN,1DC_BCN,SKU_0191,2024-10-12,224,forecast,6.3,False,179.65,138,reorder_point,0.8,False,110.68,7.0,0.802
1657,FC_BCN2,IXD_BCN,1DC_BCN,SKU_0147,2024-10-12,181,forecast,5.9,False,53.39,129,reorder_point,0.6,False,38.05,8.1,0.295
1658,FC_BCN2,IXD_BCN,1DC_BCN,SKU_0136,2024-10-12,58,forecast,3.9,False,59.04,49,reorder_point,1.1,False,49.88,8.5,1.018
1659,FC_BCN2,IXD_BCN,1DC_BCN,SKU_0047,2024-10-12,66,forecast,3.4,False,38.28,47,reorder_point,0.9,False,27.26,11.4,0.58
1660,FC_BCN2,IXD_BCN,1DC_BCN,SKU_0122,2024-10-12,57,forecast,6.1,False,12.65,42,reorder_point,2.2,False,9.32,9.8,0.222
1661,FC_BCN2,IXD_BCN,1DC_BCN,SKU_0178,2024-10-12,16,forecast,6.6,False,3.23,14,reorder_point,2.3,False,2.83,9.2,0.202
1662,FC_BCN2,IXD_BCN,1DC_BCN,SKU_0145,2024-10-12,84,forecast,6.9,False,15.79,43,reorder_point,1.2,False,8.08,6.5,0.188
1663,FC_MAD1,IXD_MAD,1DC_MAD,SKU_0114,2024-10-12,21,forecast,13.3,False,4.98,12,reorder_point,2.8,False,2.84,9.0,0.237
1664,FC_MAD1,IXD_MAD,1DC_MAD,SKU_0155,2024-10-12,72,forecast,12.8,False,51.12,46,reorder_point,2.9,False,32.66,11.8,0.71
1665,FC_MAD1,IXD_MAD,1DC_MAD,SKU_0148,2024-10-12,19,forecast,3.3,True,19.11,10,reorder_point,2.0,False,10.06,8.5,1.006
1666,FC_MAD1,IXD_MAD,1DC_MAD,SKU_0214,2024-10-12,23,forecast,10.8,False,14.31,13,reorder_point,1.9,False,8.09,8.8,0.622
1667,FC_MAD1,IXD_MAD,1DC_MAD,SKU_0232,2024-10-12,16,forecast,10.2,False,15.02,13,reorder_point,1.8,False,12.21,5.4,0.939
1668,FC_MAD2,IXD_MAD,1DC_MAD,SKU_0186,2024-10-12,68,forecast,7.1,False,40.12,52,reorder_point,1.4,False,30.68,5.6,0.59
1669,FC_MAD2,IXD_MAD,1DC_MAD,SKU_0163,2024-10-12,78,forecast,6.8,False,42.2,53,reorder_point,2.4,False,28.67,9.5,0.541
1670,FC_MAD2,IXD_MAD,1DC_MAD,SKU_0150,2024-10-12,68,forecast,8.9,False,16.18,49,reorder_point,2.1,False,11.66,8.8,0.238
1671,FC_MAD2,IXD_MAD,1DC_MAD,SKU_0136,2024-10-12,71,forecast,10.0,False,28.33,46,reorder_point,0.7,True,18.35,7.4,0.399
1672,FC_MAD2,IXD_MAD,1DC_MAD,SKU_0248,2024-10-12,60,forecast,6.6,False,51.66,44,reorder_point,2.8,False,37.88,10.6,0.861
1673,FC_MAD2,IXD_MAD,1DC_MAD,SKU_0041,2024-10-12,188,forecast,7.3,False,160.18,110,reorder_point,2.3,False,93.72,9.0,0.852
1674,FC_PAR1,IXD_PAR,1DC_MUC,SKU_0199,2024-10-12,52,forecast,5.7,False,52.83,47,reorder_point,1.8,False,47.75,10.6,1.016
1675,FC_PAR1,IXD_PAR,1DC_MUC,SKU_0148,2024-10-12,13,forecast,12.0,False,3.47,13,reorder_point,2.8,False,3.47,8.0,0.267
1676,FC_PAR2,IXD_PAR,1DC_MAD,SKU_0120,2024-10-12,72,forecast,7.1,False,23.11,52,reorder_point,2.8,False,16.69,6.0,0.321
1677,FC_PAR2,IXD_PAR,1DC_MAD,SKU_0203,2024-10-12,64,forecast,9.9,False,7.17,50,reorder_point,1.8,True,5.6,7.7,0.112
1678,FC_PAR2,IXD_PAR,1DC_MAD,SKU_0215,2024-10-12,76,forecast,5.1,False,25.92,40,reorder_point,2.4,False,13.64,4.0,0.341
1679,FC_PAR2,IXD_PAR,1DC_MAD,SKU_0150,2024-10-12,52,forecast,5.7,False,23.4,42,reorder_point,1.9,False,18.9,10.9,0.45
1680,FC_PAR2,IXD_PAR,1DC_MAD,SKU_0063,2024-10-12,78,forecast,3.5,True,74.57,47,reorder_point,2.6,False,44.93,11.2,0.956
1681,FC_BER1,IXD_BER,1DC_MAD,SKU_0073,2024-10-12,62,forecast,12.7,False,54.99,50,reorder_point,1.0,False,44.35,7.0,0.887
1682,FC_BER1,IXD_BER,1DC_MAD,SKU_0128,2024-10-12,15,forecast,11.3,False,12.31,12,reorder_point,1.0,False,9.85,10.8,0.821
1683,FC_MUN1,IXD_BER,1DC_MUC,SKU_0054,2024-10-12,63,forecast,11.8,True,67.47,40,reorder_point,1.3,False,42.84,10.6,1.071
1684,FC_MUN1,IXD_BER,1DC_MUC,SKU_0024,2024-10-12,171,forecast,13.5,False,157.32,116,reorder_point,2.1,False,106.72,6.4,0.92
1685,FC_MUN1,IXD_BER,1DC_MUC,SKU_0062,2024-10-12,73,forecast,9.2,False,52.05,51,reorder_point,0.8,False,36.36,8.6,0.713
1686,FC_BCN1,IXD_BCN,1DC_BCN,SKU_0035,2024-10-13,222,forecast,13.0,False,154.29,114,reorder_point,0.6,False,79.23,13.0,0.695
1687,FC_BCN1,IXD_BCN,1DC_BCN,SKU_0197,2024-10-13,202,forecast,7.5,False,185.23,116,reorder_point,0.9,False,106.37,9.0,0.917
1688,FC_BCN1,IXD_BCN,1DC_BCN,SKU_0175,2024-10-13,176,forecast,3.4,False,129.36,143,reorder_point,1.7,False,105.11,7.2,0.735
1689,FC_BCN1,IXD_BCN,1DC_BCN,SKU_0053,2024-10-13,168,forecast,12.6,False,48.55,118,reorder_point,2.6,False,34.1,7.9,0.289
1690,FC_BCN1,IXD_BCN,1DC_BCN,SKU_0144,2024-10-13,191,forecast,4.5,False,99.7,108,reorder_point,0.9,False,56.38,9.2,0.522
1691,FC_BCN1,IXD_BCN,1DC_BCN,SKU_0240,2024-10-13,22,forecast,12.6,False,9.17,11,reorder_point,1.2,False,4.59,8.5,0.417
1692,FC_BCN1,IXD_BCN,1DC_BCN,SKU_0055,2024-10-13,23,forecast,9.3,False,19.69,10,reorder_point,1.7,False,8.56,7.2,0.856
1693,FC_BCN2,IXD_BCN,1DC_BCN,SKU_0221,2024-10-13,19,forecast,13.6,False,11.57,12,reorder_point,0.9,False,7.31,11.2,0.609
1694,FC_BCN2,IXD_BCN,1DC_BCN,SKU_0196,2024-10-13,161,forecast,6.5,False,139.59,112,reorder_point,2.3,False,97.1,5.2,0.867
1695,FC_BCN2,IXD_BCN,1DC_BCN,SKU_0138,2024-10-13,79,forecast,8.0,False,51.59,42,reorder_point,1.2,False,27.43,7.3,0.653
1696,FC_BCN2,IXD_BCN,1DC_BCN,SKU_0144,2024-10-13,238,forecast,11.7,False,206.11,138,reorder_point,2.6,False,119.51,7.0,0.866
1697,FC_BCN2,IXD_BCN,1DC_BCN,SKU_0009,2024-10-13,15,forecast,13.4,False,11.28,13,reorder_point,2.8,False,9.78,9.1,0.752
1698,FC_BCN2,IXD_BCN,1DC_BCN,SKU_0092,2024-10-13,88,forecast,5.4,False,81.75,45,reorder_point,2.4,False,41.8,10.4,0.929
1699,FC_BCN2,IXD_BCN,1DC_BCN,SKU_0025,2024-10-13,157,forecast,3.1,True,81.48,140,reorder_point,2.9,False,72.66,5.9,0.519
1700,FC_MAD1,IXD_MAD,1DC_MAD,SKU_0048,2024-10-13,190,forecast,7.4,False,31.92,136,reorder_point,2.9,False,22.85,8.3,0.168
1701,FC_MAD1,IXD_MAD,1DC_MAD,SKU_0217,2024-10-13,56,forecast,12.6,False,48.05,48,reorder_point,2.3,False,41.18,8.3,0.858
1702,FC_MAD2,IXD_MAD,1DC_MAD,SKU_0006,2024-10-13,138,forecast,10.6,False,35.88,138,reorder_point,1.2,False,35.88,8.6,0.26
1703,FC_MAD2,IXD_MAD,1DC_MAD,SKU_0096,2024-10-13,239,forecast,5.6,False,244.74,110,reorder_point,2.1,False,112.64,6.9,1.024
1704,FC_PAR1,IXD_PAR,1DC_BCN,SKU_0071,2024-10-13,190,forecast,8.1,False,205.77,134,reorder_point,1.7,False,145.12,12.7,1.083
1705,FC_PAR1,IXD_PAR,1DC_BCN,SKU_0222,2024-10-13,87,forecast,7.5,False,9.92,45,reorder_point,3.0,False,5.13,8.8,0.114
1706,FC_PAR1,IXD_PAR,1DC_BCN,SKU_0214,2024-10-13,22,forecast,10.1,False,3.34,12,reorder_point,0.8,False,1.82,7.4,0.152
1707,FC_PAR1,IXD_PAR,1DC_BCN,SKU_0050,2024-10-13,164,forecast,8.8,False,123.49,121,reorder_point,0.6,True,91.11,6.6,0.753
1708,FC_PAR1,IXD_PAR,1DC_BCN,SKU_0015,2024-10-13,87,forecast,4.7,True,86.39,48,reorder_point,2.4,False,47.66,7.9,0.993
1709,FC_PAR1,IXD_PAR,1DC_BCN,SKU_0107,2024-10-13,78,forecast,3.8,False,32.21,46,reorder_point,1.9,True,19.0,7.4,0.413
1710,FC_PAR1,IXD_PAR,1DC_BCN,SKU_0016,2024-10-13,53,forecast,5.7,False,29.73,51,reorder_point,2.9,True,28.61,10.2,0.561
1711,FC_PAR1,IXD_PAR,1DC_BCN,SKU_0158,2024-10-13,18,forecast,5.1,False,11.99,13,reorder_point,0.9,False,8.66,9.4,0.666
1712,FC_PAR2,IXD_PAR,1DC_MUC,SKU_0227,2024-10-13,140,forecast,7.3,False,135.8,112,reorder_point,2.5,False,108.64,11.7,0.97
1713,FC_PAR2,IXD_PAR,1DC_MUC,SKU_0182,2024-10-13,80,forecast,11.2,False,45.92,53,reorder_point,0.8,False,30.42,10.2,0.574
1714,FC_PAR2,IXD_PAR,1DC_MUC,SKU_0002,2024-10-13,67,forecast,6.4,False,26.93,53,reorder_point,0.9,False,21.31,4.2,0.402
1715,FC_PAR2,IXD_PAR,1DC_MUC,SKU_0220,2024-10-13,216,forecast,12.9,False,148.61,113,reorder_point,2.1,True,77.74,7.8,0.688
1716,FC_PAR2,IXD_PAR,1DC_MUC,SKU_0194,2024-10-13,140,forecast,13.5,False,117.88,131,reorder_point,0.5,False,110.3,9.5,0.842
1717,FC_BER1,IXD_BER,1DC_AMS,SKU_0216,2024-10-13,68,forecast,5.0,False,69.56,43,reorder_point,1.0,False,43.99,8.0,1.023
1718,FC_BER1,IXD_BER,1DC_AMS,SKU_0121,2024-10-13,66,forecast,10.2,False,51.28,44,reorder_point,1.9,False,34.19,9.1,0.777
1719,FC_BER1,IXD_BER,1DC_AMS,SKU_0070,2024-10-13,87,forecast,12.1,False,18.27,47,reorder_point,0.8,True,9.87,10.4,0.21
1720,FC_BER1,IXD_BER,1DC_AMS,SKU_0245,2024-10-13,87,forecast,9.4,False,95.09,42,reorder_point,1.6,False,45.91,10.0,1.093
1721,FC_BER1,IXD_BER,1DC_AMS,SKU_0180,2024-10-13,162,forecast,9.7,False,125.39,122,reorder_point,1.7,False,94.43,12.2,0.774
1722,FC_BER1,IXD_BER,1DC_AMS,SKU_0033,2024-10-13,15,forecast,7.2,True,5.38,10,reorder_point,1.8,False,3.59,5.0,0.359
1723,FC_BER1,IXD_BER,1DC_AMS,SKU_0131,2024-10-13,79,forecast,7.8,False,74.73,53,reorder_point,2.9,False,50.14,10.0,0.946
1724,FC_BER1,IXD_BER,1DC_AMS,SKU_0034,2024-10-13,52,forecast,6.3,True,48.05,48,reorder_point,2.3,False,44.35,8.8,0.924
1725,FC_MUN1,IXD_MAD,1DC_AMS,SKU_0247,2024-10-13,210,forecast,4.4,False,219.45,119,reorder_point,1.1,False,124.35,7.1,1.045
1726,FC_MUN1,IXD_MAD,1DC_AMS,SKU_0011,2024-10-13,69,forecast,4.3,False,17.11,47,reorder_point,1.3,False,11.66,8.4,0.248
1727,FC_MUN1,IXD_MAD,1DC_AMS,SKU_0220,2024-10-13,133,forecast,3.7,False,133.4,134,reorder_point,1.7,False,134.4,8.7,1.003
1728,FC_MUN1,IXD_MAD,1DC_AMS,SKU_0001,2024-10-13,226,forecast,11.4,True,201.82,108,reorder_point,1.9,False,96.44,8.7,0.893
1729,FC_MUN1,IXD_MAD,1DC_AMS,SKU_0191,2024-10-13,209,forecast,7.4,False,229.69,112,reorder_point,0.5,False,123.09,5.7,1.099
1730,FC_MUN1,IXD_MAD,1DC_AMS,SKU_0032,2024-10-13,159,forecast,7.5,True,106.21,128,reorder_point,2.6,False,85.5,7.1,0.668
1731,FC_BCN1,IXD_BCN,1DC_BCN,SKU_0161,2024-10-14,148,forecast,5.6,False,100.2,115,reorder_point,1.6,False,77.86,6.5,0.677
1732,FC_BCN1,IXD_BCN,1DC_BCN,SKU_0118,2024-10-14,79,forecast,9.8,False,86.03,47,reorder_point,2.3,False,51.18,4.7,1.089
1733,FC_BCN1,IXD_BCN,1DC_BCN,SKU_0244,2024-10-14,52,forecast,12.4,False,36.24,46,reorder_point,3.0,False,32.06,8.9,0.697
1734,FC_BCN1,IXD_BCN,1DC_BCN,SKU_0216,2024-10-14,88,forecast,8.7,False,82.28,43,reorder_point,0.8,False,40.21,8.6,0.935
1735,FC_BCN1,IXD_BCN,1DC_BCN,SKU_0244,2024-10-14,67,forecast,13.2,False,28.81,41,reorder_point,0.7,False,17.63,6.8,0.43
1736,FC_BCN1,IXD_BCN,1DC_BCN,SKU_0037,2024-10-14,80,forecast,13.6,False,75.84,53,reorder_point,1.0,False,50.24,6.3,0.948
1737,FC_BCN1,IXD_BCN,1DC_BCN,SKU_0004,2024-10-14,52,forecast,5.2,False,36.24,44,reorder_point,1.5,False,30.67,6.8,0.697
1738,FC_BCN2,IXD_BCN,1DC_BCN,SKU_0149,2024-10-14,85,forecast,6.0,False,55.34,46,reorder_point,2.3,False,29.95,10.2,0.651
1739,FC_BCN2,IXD_BCN,1DC_BCN,SKU_0069,2024-10-14,85,forecast,10.9,False,64.0,50,reorder_point,1.8,False,37.65,4.5,0.753
1740,FC_BCN2,IXD_BCN,1DC_BCN,SKU_0132,2024-10-14,67,forecast,13.1,False,8.98,40,reorder_point,2.9,False,5.36,8.3,0.134
1741,FC_BCN2,IXD_BCN,1DC_BCN,SKU_0089,2024-10-14,186,forecast,3.8,False,54.5,119,reorder_point,0.8,False,34.87,10.7,0.293
1742,FC_MAD1,IXD_MAD,1DC_MAD,SKU_0041,2024-10-14,234,forecast,5.4,False,45.63,108,reorder_point,1.2,False,21.06,7.2,0.195
1743,FC_MAD1,IXD_MAD,1DC_MAD,SKU_0198,2024-10-14,192,forecast,4.5,False,140.54,111,reorder_point,0.8,False,81.25,9.5,0.732
1744,FC_MAD1,IXD_MAD,1DC_MAD,SKU_0084,2024-10-14,63,forecast,3.2,False,35.59,52,reorder_point,0.8,True,29.38,9.0,0.565
1745,FC_MAD1,IXD_MAD,1DC_MAD,SKU_0045,2024-10-14,155,forecast,5.9,False,29.45,109,reorder_point,0.8,False,20.71,9.0,0.19
1746,FC_MAD2,IXD_MAD,1DC_MAD,SKU_0233,2024-10-14,15,forecast,13.8,False,6.77,13,reorder_point,2.8,False,5.86,9.1,0.451
1747,FC_MAD2,IXD_MAD,1DC_MAD,SKU_0033,2024-10-14,13,forecast,12.9,False,13.73,13,reorder_point,0.5,False,13.73,7.0,1.056
1748,FC_MAD2,IXD_MAD,1DC_MAD,SKU_0198,2024-10-14,228,forecast,13.0,False,92.34,119,reorder_point,2.3,False,48.2,9.1,0.405
1749,FC_MAD2,IXD_MAD,1DC_MAD,SKU_0046,2024-10-14,22,forecast,13.8,False,4.14,11,reorder_point,2.1,False,2.07,9.3,0.188
1750,FC_MAD2,IXD_MAD,1DC_MAD,SKU_0061,2024-10-14,132,forecast,8.5,False,78.14,130,reorder_point,1.0,False,76.96,8.3,0.592
1751,FC_MAD2,IXD_MAD,1DC_MAD,SKU_0039,2024-10-14,60,forecast,6.8,False,12.12,41,reorder_point,3.0,False,8.28,9.3,0.202
1752,FC_MAD2,IXD_MAD,1DC_MAD,SKU_0174,2024-10-14,14,forecast,8.0,False,13.26,12,reorder_point,3.0,False,11.36,9.8,0.947
1753,FC_PAR1,IXD_PAR,1DC_AMS,SKU_0239,2024-10-14,20,forecast,7.4,False,21.96,11,reorder_point,3.0,False,12.08,7.1,1.098
1754,FC_PAR1,IXD_PAR,1DC_AMS,SKU_0219,2024-10-14,19,forecast,8.6,False,3.44,13,reorder_point,1.2,False,2.35,7.2,0.181
1755,FC_PAR1,IXD_PAR,1DC_AMS,SKU_0041,2024-10-14,194,forecast,10.0,False,113.1,109,reorder_point,2.9,False,63.55,6.4,0.583
1756,FC_PAR1,IXD_PAR,1DC_AMS,SKU_0078,2024-10-14,23,forecast,4.4,False,19.0,11,reorder_point,1.0,False,9.09,8.4,0.826
1757,FC_PAR2,IXD_PAR,1DC_AMS,SKU_0040,2024-10-14,234,forecast,4.7,False,83.54,130,reorder_point,2.6,False,46.41,8.5,0.357
1758,FC_PAR2,IXD_PAR,1DC_AMS,SKU_0202,2024-10-14,150,forecast,13.7,False,129.9,117,reorder_point,1.2,False,101.32,7.4,0.866
1759,FC_PAR2,IXD_PAR,1DC_AMS,SKU_0026,2024-10-14,20,forecast,9.7,False,10.58,12,reorder_point,0.7,False,6.35,8.5,0.529
1760,FC_PAR2,IXD_PAR,1DC_AMS,SKU_0079,2024-10-14,15,forecast,10.4,False,12.36,12,reorder_point,2.7,False,9.89,12.1,0.824
1761,FC_PAR2,IXD_PAR,1DC_AMS,SKU_0136,2024-10-14,70,forecast,9.5,False,13.86,40,reorder_point,1.5,False,7.92,8.8,0.198
1762,FC_PAR2,IXD_PAR,1DC_AMS,SKU_0026,2024-10-14,23,forecast,5.0,False,8.72,13,reorder_point,1.3,False,4.93,6.9,0.379
1763,FC_BER1,IXD_BER,1DC_BCN,SKU_0221,2024-10-14,13,forecast,10.8,True,3.15,13,reorder_point,2.9,False,3.15,9.1,0.242
1764,FC_BER1,IXD_BER,1DC_BCN,SKU_0183,2024-10-14,21,forecast,12.6,False,16.78,14,reorder_point,1.0,False,11.19,7.3,0.799
1765,FC_BER1,IXD_BER,1DC_BCN,SKU_0027,2024-10-14,19,forecast,9.1,False,2.15,12,reorder_point,2.9,False,1.36,8.7,0.113
1766,FC_MUN1,IXD_PAR,1DC_AMS,SKU_0030,2024-10-14,157,forecast,11.3,False,102.84,111,reorder_point,2.6,False,72.7,8.1,0.655
1767,FC_MUN1,IXD_PAR,1DC_AMS,SKU_0012,2024-10-14,81,forecast,4.2,False,58.08,45,reorder_point,2.8,False,32.27,11.0,0.717
1768,FC_MUN1,IXD_PAR,1DC_AMS,SKU_0193,2024-10-14,89,forecast,10.9,False,50.46,48,reorder_point,1.2,False,27.22,7.5,0.567
1769,FC_MUN1,IXD_PAR,1DC_AMS,SKU_0135,2024-10-14,16,forecast,7.0,True,12.9,11,reorder_point,1.0,False,8.87,8.9,0.806
1770,FC_MUN1,IXD_PAR,1DC_AMS,SKU_0006,2024-10-14,183,forecast,4.8,False,104.68,139,reorder_point,1.6,False,79.51,10.7,0.572
1771,FC_MUN1,IXD_PAR,1DC_AMS,SKU_0200,2024-10-14,182,forecast,11.4,False,38.4,124,reorder_point,2.9,False,26.16,11.2,0.211
1772,FC_MUN1,IXD_PAR,1DC_AMS,SKU_0158,2024-10-14,18,forecast,12.2,False,13.21,11,reorder_point,2.0,False,8.07,9.0,0.734
1773,FC_MUN1,IXD_PAR,1DC_AMS,SKU_0099,2024-10-14,15,forecast,8.4,False,14.45,11,reorder_point,1.3,False,10.59,6.7,0.963
1774,FC_BCN1,IXD_BCN,1DC_BCN,SKU_0047,2024-10-15,81,forecast,9.0,False,78.33,50,reorder_point,1.4,False,48.35,9.1,0.967
1775,FC_BCN1,IXD_BCN,1DC_BCN,SKU_0129,2024-10-15,50,forecast,4.9,False,14.3,52,reorder_point,1.0,False,14.87,8.9,0.286
1776,FC_BCN2,IXD_BCN,1DC_BCN,SKU_0032,2024-10-15,174,forecast,3.4,False,164.78,129,reorder_point,2.4,False,122.16,10.3,0.947
1777,FC_BCN2,IXD_BCN,1DC_BCN,SKU_0067,2024-10-15,65,forecast,8.2,False,44.07,46,reorder_point,2.2,False,31.19,7.8,0.678
1778,FC_BCN2,IXD_BCN,1DC_BCN,SKU_0235,2024-10-15,87,forecast,10.7,False,18.7,53,reorder_point,0.7,False,11.39,7.9,0.215
1779,FC_BCN2,IXD_BCN,1DC_BCN,SKU_0105,2024-10-15,228,forecast,12.1,False,240.54,108,reorder_point,2.8,False,113.94,5.2,1.055
1780,FC_BCN2,IXD_BCN,1DC_BCN,SKU_0167,2024-10-15,70,forecast,5.8,False,14.91,44,reorder_point,1.0,False,9.37,12.3,0.213
1781,FC_BCN2,IXD_BCN,1DC_BCN,SKU_0138,2024-10-15,84,forecast,9.4,False,70.48,52,reorder_point,1.8,False,43.63,12.5,0.839
1782,FC_BCN2,IXD_BCN,1DC_BCN,SKU_0154,2024-10-15,219,forecast,3.8,True,221.63,138,reorder_point,0.6,False,139.66,8.8,1.012
1783,FC_BCN2,IXD_BCN,1DC_BCN,SKU_0097,2024-10-15,18,forecast,7.0,False,13.82,12,reorder_point,1.5,False,9.22,8.2,0.768
1784,FC_MAD1,IXD_MAD,1DC_MAD,SKU_0221,2024-10-15,16,forecast,6.4,False,13.78,10,reorder_point,0.5,False,8.61,7.2,0.861
1785,FC_MAD1,IXD_MAD,1DC_MAD,SKU_0234,2024-10-15,18,forecast,5.9,False,7.56,12,reorder_point,2.6,False,5.04,4.5,0.42
1786,FC_MAD1,IXD_MAD,1DC_MAD,SKU_0064,2024-10-15,19,forecast,6.5,False,19.11,13,reorder_point,0.8,False,13.08,10.6,1.006
1787,FC_MAD1,IXD_MAD,1DC_MAD,SKU_0233,2024-10-15,18,forecast,11.9,False,4.59,12,reorder_point,2.4,False,3.06,9.9,0.255
1788,FC_MAD1,IXD_MAD,1DC_MAD,SKU_0219,2024-10-15,23,forecast,3.5,False,2.74,12,reorder_point,0.9,False,1.43,9.5,0.119
1789,FC_MAD1,IXD_MAD,1DC_MAD,SKU_0076,2024-10-15,216,forecast,7.8,False,98.93,143,reorder_point,2.4,False,65.49,7.5,0.458
1790,FC_MAD2,IXD_MAD,1DC_MAD,SKU_0027,2024-10-15,13,forecast,5.2,False,11.12,12,reorder_point,1.4,False,10.26,8.7,0.855
1791,FC_MAD2,IXD_MAD,1DC_MAD,SKU_0124,2024-10-15,71,forecast,10.1,False,44.73,49,reorder_point,0.7,False,30.87,6.4,0.63
1792,FC_MAD2,IXD_MAD,1DC_MAD,SKU_0199,2024-10-15,57,forecast,7.9,False,31.86,51,reorder_point,1.8,False,28.51,13.0,0.559
1793,FC_MAD2,IXD_MAD,1DC_MAD,SKU_0047,2024-10-15,65,forecast,4.8,False,35.82,44,reorder_point,2.4,False,24.24,7.7,0.551
1794,FC_MAD2,IXD_MAD,1DC_MAD,SKU_0143,2024-10-15,18,forecast,6.3,True,13.55,12,reorder_point,1.1,True,9.04,9.1,0.753
1795,FC_PAR1,IXD_PAR,1DC_AMS,SKU_0053,2024-10-15,147,forecast,13.4,False,84.67,133,reorder_point,2.9,False,76.61,4.6,0.576
1796,FC_PAR1,IXD_PAR,1DC_AMS,SKU_0178,2024-10-15,14,forecast,9.6,False,9.9,12,reorder_point,2.3,False,8.48,7.3,0.707
1797,FC_PAR1,IXD_PAR,1DC_AMS,SKU_0105,2024-10-15,228,forecast,10.6,False,36.02,126,reorder_point,2.8,False,19.91,7.4,0.158
1798,FC_PAR1,IXD_PAR,1DC_AMS,SKU_0086,2024-10-15,21,forecast,11.6,False,19.61,12,reorder_point,0.6,False,11.21,7.8,0.934
1799,FC_PAR1,IXD_PAR,1DC_AMS,SKU_0198,2024-10-15,147,forecast,5.2,False,128.92,111,reorder_point,2.8,False,97.35,4.3,0.877
1800,FC_PAR1,IXD_PAR,1DC_AMS,SKU_0081,2024-10-15,15,forecast,10.2,False,14.73,12,reorder_point,2.3,False,11.78,9.9,0.982
1801,FC_PAR1,IXD_PAR,1DC_AMS,SKU_0128,2024-10-15,20,forecast,6.8,False,7.2,13,reorder_point,2.0,False,4.68,8.7,0.36
1802,FC_PAR2,IXD_PAR,1DC_BCN,SKU_0054,2024-10-15,84,forecast,11.2,False,23.1,50,reorder_point,1.0,False,13.75,11.6,0.275
1803,FC_PAR2,IXD_PAR,1DC_BCN,SKU_0165,2024-10-15,14,forecast,4.1,False,14.97,13,reorder_point,2.6,False,13.9,6.0,1.069
1804,FC_PAR2,IXD_PAR,1DC_BCN,SKU_0028,2024-10-15,177,forecast,3.6,False,65.14,130,reorder_point,1.9,False,47.84,8.7,0.368
1805,FC_PAR2,IXD_PAR,1DC_BCN,SKU_0142,2024-10-15,65,forecast,9.1,True,62.14,42,reorder_point,0.8,False,40.15,7.4,0.956
1806,FC_PAR2,IXD_PAR,1DC_BCN,SKU_0046,2024-10-15,15,forecast,12.9,False,1.71,14,reorder_point,3.0,False,1.6,7.9,0.114
1807,FC_BER1,IXD_BER,1DC_CDG,SKU_0174,2024-10-15,17,forecast,8.5,True,2.02,12,reorder_point,0.6,False,1.43,4.8,0.119
1808,FC_BER1,IXD_BER,1DC_CDG,SKU_0056,2024-10-15,82,forecast,3.9,False,64.37,46,reorder_point,2.4,False,36.11,9.3,0.785
1809,FC_BER1,IXD_BER,1DC_CDG,SKU_0241,2024-10-15,13,forecast,9.4,False,12.39,12,reorder_point,1.6,False,11.44,8.1,0.953
1810,FC_MUN1,IXD_BER,1DC_BCN,SKU_0072,2024-10-15,81,forecast,7.8,False,10.77,47,reorder_point,1.8,False,6.25,10.8,0.133
1811,FC_MUN1,IXD_BER,1DC_BCN,SKU_0102,2024-10-15,21,forecast,6.6,True,16.78,13,reorder_point,2.0,False,10.39,10.1,0.799
1812,FC_MUN1,IXD_BER,1DC_BCN,SKU_0057,2024-10-15,79,forecast,5.5,False,75.92,42,reorder_point,2.4,False,40.36,8.4,0.961
1813,FC_MUN1,IXD_BER,1DC_BCN,SKU_0041,2024-10-15,228,forecast,4.3,False,51.3,120,reorder_point,0.6,False,27.0,6.7,0.225
1814,FC_MUN1,IXD_BER,1DC_BCN,SKU_0111,2024-10-15,209,forecast,8.0,False,155.71,137,reorder_point,1.6,False,102.06,7.8,0.745
1815,FC_MUN1,IXD_BER,1DC_BCN,SKU_0092,2024-10-15,89,forecast,9.5,False,57.49,50,reorder_point,2.0,True,32.3,8.1,0.646
1816,FC_BCN1,IXD_BCN,1DC_BCN,SKU_0209,2024-10-16,49,forecast,11.2,False,7.1,50,reorder_point,2.6,True,7.25,6.4,0.145
1817,FC_BCN1,IXD_BCN,1DC_BCN,SKU_0003,2024-10-16,76,forecast,13.1,False,35.8,51,reorder_point,0.9,False,24.02,8.8,0.471
1818,FC_BCN1,IXD_BCN,1DC_BCN,SKU_0212,2024-10-16,234,forecast,12.7,False,31.59,109,reorder_point,1.1,False,14.72,9.2,0.135
1819,FC_BCN1,IXD_BCN,1DC_BCN,SKU_0058,2024-10-16,15,forecast,4.7,False,3.81,11,reorder_point,0.9,False,2.79,8.5,0.254
1820,FC_BCN2,IXD_BCN,1DC_BCN,SKU_0232,2024-10-16,20,forecast,6.6,False,21.78,11,reorder_point,2.0,False,11.98,9.2,1.089
1821,FC_BCN2,IXD_BCN,1DC_BCN,SKU_0073,2024-10-16,62,forecast,10.9,False,49.29,43,reorder_point,1.5,False,34.19,6.3,0.795
1822,FC_BCN2,IXD_BCN,1DC_BCN,SKU_0054,2024-10-16,74,forecast,11.3,False,75.41,52,reorder_point,1.2,False,52.99,7.7,1.019
1823,FC_BCN2,IXD_BCN,1DC_BCN,SKU_0152,2024-10-16,66,forecast,3.1,False,61.51,45,reorder_point,2.4,False,41.94,7.9,0.932
1824,FC_MAD1,IXD_MAD,1DC_MAD,SKU_0069,2024-10-16,79,forecast,4.0,False,38.95,41,reorder_point,2.5,False,20.21,7.8,0.493
1825,FC_MAD1,IXD_MAD,1DC_MAD,SKU_0233,2024-10-16,22,forecast,9.6,False,12.32,11,reorder_point,0.9,False,6.16,7.9,0.56
1826,FC_MAD1,IXD_MAD,1DC_MAD,SKU_0151,2024-10-16,64,forecast,4.8,False,47.42,45,reorder_point,2.0,False,33.34,8.9,0.741
1827,FC_MAD1,IXD_MAD,1DC_MAD,SKU_0145,2024-10-16,57,forecast,7.9,False,11.4,51,reorder_point,2.0,False,10.2,5.9,0.2
1828,FC_MAD1,IXD_MAD,1DC_MAD,SKU_0096,2024-10-16,157,forecast,7.4,False,120.58,138,reorder_point,1.2,False,105.98,9.4,0.768
1829,FC_MAD1,IXD_MAD,1DC_MAD,SKU_0131,2024-10-16,74,forecast,7.4,False,67.27,52,reorder_point,0.9,True,47.27,7.8,0.909
1830,FC_MAD1,IXD_MAD,1DC_MAD,SKU_0059,2024-10-16,134,forecast,9.3,False,130.65,134,reorder_point,1.8,False,130.65,7.9,0.975
1831,FC_MAD1,IXD_MAD,1DC_MAD,SKU_0070,2024-10-16,51,forecast,4.8,False,15.81,45,reorder_point,1.1,False,13.95,9.3,0.31
1832,FC_MAD2,IXD_MAD,1DC_MAD,SKU_0036,2024-10-16,142,forecast,10.0,False,83.07,131,reorder_point,0.6,False,76.63,8.5,0.585
1833,FC_MAD2,IXD_MAD,1DC_MAD,SKU_0152,2024-10-16,68,forecast,4.5,False,13.12,53,reorder_point,1.4,False,10.23,9.2,0.193
1834,FC_MAD2,IXD_MAD,1DC_MAD,SKU_0140,2024-10-16,15,forecast,12.0,False,3.13,13,reorder_point,2.3,False,2.72,7.7,0.209
1835,FC_MAD2,IXD_MAD,1DC_MAD,SKU_0047,2024-10-16,79,forecast,13.7,False,23.54,47,reorder_point,1.7,False,14.01,6.2,0.298
1836,FC_MAD2,IXD_MAD,1DC_MAD,SKU_0054,2024-10-16,85,forecast,11.3,False,82.7,53,reorder_point,1.6,False,51.57,6.0,0.973
1837,FC_MAD2,IXD_MAD,1DC_MAD,SKU_0242,2024-10-16,138,forecast,6.7,False,83.21,131,reorder_point,2.9,False,78.99,9.7,0.603
1838,FC_MAD2,IXD_MAD,1DC_MAD,SKU_0201,2024-10-16,64,forecast,8.8,False,51.14,50,reorder_point,0.9,False,39.95,7.4,0.799
1839,FC_MAD2,IXD_MAD,1DC_MAD,SKU_0182,2024-10-16,81,forecast,4.5,False,21.71,40,reorder_point,1.8,False,10.72,10.2,0.268
1840,FC_PAR1,IXD_PAR,1DC_CDG,SKU_0221,2024-10-16,21,forecast,12.6,False,5.44,11,reorder_point,2.0,False,2.85,10.2,0.259
1841,FC_PAR1,IXD_PAR,1DC_CDG,SKU_0047,2024-10-16,84,forecast,3.1,False,82.57,42,reorder_point,2.3,False,41.29,7.8,0.983
1842,FC_PAR1,IXD_PAR,1DC_CDG,SKU_0077,2024-10-16,180,forecast,9.1,False,34.38,135,reorder_point,2.7,False,25.79,7.7,0.191
1843,FC_PAR2,IXD_PAR,1DC_BCN,SKU_0042,2024-10-16,15,forecast,6.0,False,7.41,12,reorder_point,2.0,False,5.93,6.4,0.494
1844,FC_PAR2,IXD_PAR,1DC_BCN,SKU_0213,2024-10-16,20,forecast,3.4,False,18.56,10,reorder_point,2.8,False,9.28,6.9,0.928
1845,FC_PAR2,IXD_PAR,1DC_BCN,SKU_0014,2024-10-16,88,forecast,7.0,False,15.4,41,reorder_point,2.6,False,7.17,9.8,0.175
1846,FC_PAR2,IXD_PAR,1DC_BCN,SKU_0189,2024-10-16,80,forecast,9.3,False,20.8,50,reorder_point,1.8,False,13.0,8.7,0.26
1847,FC_PAR2,IXD_PAR,1DC_BCN,SKU_0215,2024-10-16,68,forecast,4.0,False,16.59,45,reorder_point,0.5,False,10.98,12.6,0.244
1848,FC_PAR2,IXD_PAR,1DC_BCN,SKU_0125,2024-10-16,76,forecast,6.5,False,71.52,41,reorder_point,2.2,False,38.58,7.6,0.941
1849,FC_PAR2,IXD_PAR,1DC_BCN,SKU_0122,2024-10-16,89,forecast,12.6,False,29.19,43,reorder_point,1.8,False,14.1,10.8,0.328
1850,FC_PAR2,IXD_PAR,1DC_BCN,SKU_0045,2024-10-16,153,forecast,7.7,False,32.28,123,reorder_point,0.9,False,25.95,8.7,0.211
1851,FC_BER1,IXD_BER,1DC_BCN,SKU_0106,2024-10-16,54,forecast,10.1,False,44.01,43,reorder_point,2.3,False,35.04,7.2,0.815
1852,FC_BER1,IXD_BER,1DC_BCN,SKU_0100,2024-10-16,63,forecast,12.9,False,35.91,52,reorder_point,1.0,False,29.64,12.5,0.57
1853,FC_BER1,IXD_BER,1DC_BCN,SKU_0230,2024-10-16,65,forecast,7.0,False,45.76,52,reorder_point,2.4,False,36.61,7.4,0.704
1854,FC_BER1,IXD_BER,1DC_BCN,SKU_0047,2024-10-16,74,forecast,3.5,False,32.56,46,reorder_point,0.7,False,20.24,5.5,0.44
1855,FC_BER1,IXD_BER,1DC_BCN,SKU_0131,2024-10-16,71,forecast,3.2,False,10.01,51,reorder_point,2.0,False,7.19,9.8,0.141
1856,FC_BER1,IXD_BER,1DC_BCN,SKU_0044,2024-10-16,61,forecast,5.4,False,19.46,50,reorder_point,0.7,False,15.95,11.0,0.319
1857,FC_BER1,IXD_BER,1DC_BCN,SKU_0089,2024-10-16,178,forecast,6.7,False,81.7,137,reorder_point,1.9,False,62.88,8.5,0.459
1858,FC_BER1,IXD_BER,1DC_BCN,SKU_0076,2024-10-16,215,forecast,7.1,False,30.31,138,reorder_point,0.8,False,19.46,8.2,0.141
1859,FC_MUN1,IXD_BER,1DC_BCN,SKU_0133,2024-10-16,67,forecast,10.8,True,48.64,40,reorder_point,2.9,False,29.04,9.0,0.726
1860,FC_MUN1,IXD_BER,1DC_BCN,SKU_0081,2024-10-16,18,forecast,13.4,False,12.42,12,reorder_point,1.2,False,8.28,12.1,0.69
1861,FC_MUN1,IXD_BER,1DC_BCN,SKU_0005,2024-10-16,222,forecast,3.4,False,166.06,125,reorder_point,0.7,False,93.5,10.5,0.748
1862,FC_BCN1,IXD_BCN,1DC_BCN,SKU_0189,2024-10-17,53,forecast,5.4,False,8.0,52,reorder_point,1.2,False,7.85,9.1,0.151
1863,FC_BCN1,IXD_BCN,1DC_BCN,SKU_0187,2024-10-17,64,forecast,9.0,False,36.29,49,reorder_point,2.6,False,27.78,8.4,0.567
1864,FC_BCN1,IXD_BCN,1DC_BCN,SKU_0174,2024-10-17,22,forecast,11.3,False,10.3,14,reorder_point,2.8,False,6.55,10.4,0.468
1865,FC_BCN1,IXD_BCN,1DC_BCN,SKU_0077,2024-10-17,227,forecast,4.0,False,232.67,126,reorder_point,2.0,True,129.15,10.3,1.025
1866,FC_BCN1,IXD_BCN,1DC_BCN,SKU_0043,2024-10-17,19,forecast,4.2,False,17.88,11,reorder_point,0.6,False,10.35,9.2,0.941
1867,FC_BCN2,IXD_BCN,1DC_BCN,SKU_0099,2024-10-17,13,forecast,13.7,False,7.07,13,reorder_point,1.6,False,7.07,11.2,0.544
1868,FC_BCN2,IXD_BCN,1DC_BCN,SKU_0235,2024-10-17,66,forecast,8.6,False,8.05,45,reorder_point,2.1,False,5.49,9.1,0.122
1869,FC_BCN2,IXD_BCN,1DC_BCN,SKU_0104,2024-10-17,182,forecast,11.7,False,104.65,127,reorder_point,0.8,False,73.02,5.2,0.575
1870,FC_BCN2,IXD_BCN,1DC_BCN,SKU_0148,2024-10-17,20,forecast,11.5,False,10.62,13,reorder_point,1.6,False,6.9,10.3,0.531
1871,FC_BCN2,IXD_BCN,1DC_BCN,SKU_0056,2024-10-17,69,forecast,6.6,False,53.82,51,reorder_point,1.5,False,39.78,7.4,0.78
1872,FC_BCN2,IXD_BCN,1DC_BCN,SKU_0044,2024-10-17,77,forecast,10.6,False,64.83,47,reorder_point,1.7,False,39.57,8.0,0.842
1873,FC_MAD1,IXD_MAD,1DC_MAD,SKU_0205,2024-10-17,239,forecast,6.5,True,38.0,132,reorder_point,1.3,False,20.99,9.8,0.159
1874,FC_MAD1,IXD_MAD,1DC_MAD,SKU_0166,2024-10-17,224,forecast,7.6,False,121.63,110,reorder_point,2.7,False,59.73,6.1,0.543
1875,FC_MAD1,IXD_MAD,1DC_MAD,SKU_0105,2024-10-17,174,forecast,5.1,True,20.01,110,reorder_point,2.4,False,12.65,12.2,0.115
1876,FC_MAD1,IXD_MAD,1DC_MAD,SKU_0050,2024-10-17,233,forecast,9.4,False,255.13,138,reorder_point,2.6,False,151.11,7.6,1.095
1877,FC_MAD2,IXD_MAD,1DC_MAD,SKU_0138,2024-10-17,87,forecast,8.4,False,49.07,46,reorder_point,1.3,False,25.94,9.4,0.564
1878,FC_MAD2,IXD_MAD,1DC_MAD,SKU_0118,2024-10-17,79,forecast,13.1,False,39.9,51,reorder_point,1.3,False,25.75,11.6,0.505
1879,FC_MAD2,IXD_MAD,1DC_MAD,SKU_0075,2024-10-17,55,forecast,5.3,False,18.54,47,reorder_point,2.9,False,15.84,10.5,0.337
1880,FC_MAD2,IXD_MAD,1DC_MAD,SKU_0084,2024-10-17,61,forecast,13.9,False,43.31,40,reorder_point,1.2,False,28.4,6.7,0.71
1881,FC_MAD2,IXD_MAD,1DC_MAD,SKU_0108,2024-10-17,67,forecast,13.9,False,73.43,41,reorder_point,1.3,False,44.94,9.1,1.096
1882,FC_MAD2,IXD_MAD,1DC_MAD,SKU_0136,2024-10-17,56,forecast,14.0,False,49.62,52,reorder_point,2.4,False,46.07,10.1,0.886
1883,FC_MAD2,IXD_MAD,1DC_MAD,SKU_0208,2024-10-17,13,forecast,4.6,False,7.83,13,reorder_point,2.4,False,7.83,6.7,0.602
1884,FC_MAD2,IXD_MAD,1DC_MAD,SKU_0238,2024-10-17,132,forecast,10.0,False,129.76,117,reorder_point,1.1,False,115.01,8.1,0.983
1885,FC_PAR1,IXD_PAR,1DC_MUC,SKU_0222,2024-10-17,80,forecast,12.9,True,19.36,45,reorder_point,2.6,False,10.89,6.0,0.242
1886,FC_PAR1,IXD_PAR,1DC_MUC,SKU_0218,2024-10-17,75,forecast,4.0,True,11.55,53,reorder_point,2.4,False,8.16,7.1,0.154
1887,FC_PAR1,IXD_PAR,1DC_MUC,SKU_0154,2024-10-17,237,forecast,7.5,False,175.62,124,reorder_point,0.6,True,91.88,8.2,0.741
1888,FC_PAR1,IXD_PAR,1DC_MUC,SKU_0222,2024-10-17,88,forecast,3.7,False,57.2,42,reorder_point,0.9,False,27.3,8.2,0.65
1889,FC_PAR1,IXD_PAR,1DC_MUC,SKU_0167,2024-10-17,84,forecast,6.3,False,51.74,47,reorder_point,2.4,True,28.95,9.7,0.616
1890,FC_PAR1,IXD_PAR,1DC_MUC,SKU_0169,2024-10-17,72,forecast,6.7,False,12.6,49,reorder_point,1.7,False,8.57,6.9,0.175
1891,FC_PAR2,IXD_PAR,1DC_MUC,SKU_0109,2024-10-17,87,forecast,10.5,False,20.18,52,reorder_point,1.5,False,12.06,9.1,0.232
1892,FC_PAR2,IXD_PAR,1DC_MUC,SKU_0143,2024-10-17,13,forecast,4.5,True,11.75,13,reorder_point,1.6,False,11.75,6.8,0.904
1893,FC_BER1,IXD_BER,1DC_AMS,SKU_0173,2024-10-17,22,forecast,5.9,False,24.16,11,reorder_point,2.0,False,12.08,9.1,1.098
1894,FC_BER1,IXD_BER,1DC_AMS,SKU_0175,2024-10-17,220,forecast,8.3,True,167.64,114,reorder_point,2.3,False,86.87,9.8,0.762
1895,FC_BER1,IXD_BER,1DC_AMS,SKU_0169,2024-10-17,55,forecast,4.8,False,17.77,43,reorder_point,2.0,False,13.89,9.5,0.323
1896,FC_MUN1,IXD_PAR,1DC_BCN,SKU_0047,2024-10-17,71,forecast,5.9,False,50.41,51,reorder_point,2.8,False,36.21,8.1,0.71
1897,FC_MUN1,IXD_PAR,1DC_BCN,SKU_0167,2024-10-17,80,forecast,3.0,False,11.36,44,reorder_point,1.4,False,6.25,8.8,0.142
1898,FC_BCN1,IXD_BCN,1DC_BCN,SKU_0057,2024-10-18,77,forecast,7.7,False,35.96,41,reorder_point,1.8,False,19.15,5.8,0.467
1899,FC_BCN1,IXD_BCN,1DC_BCN,SKU_0242,2024-10-18,162,forecast,3.2,False,35.48,122,reorder_point,2.3,False,26.72,10.3,0.219
1900,FC_BCN1,IXD_BCN,1DC_BCN,SKU_0224,2024-10-18,209,forecast,8.0,False,106.8,126,reorder_point,1.2,False,64.39,7.2,0.511
1901,FC_BCN1,IXD_BCN,1DC_BCN,SKU_0051,2024-10-18,88,forecast,5.5,True,60.28,45,reorder_point,1.7,False,30.83,10.3,0.685
1902,FC_BCN2,IXD_BCN,1DC_BCN,SKU_0096,2024-10-18,194,forecast,9.2,False,45.59,140,reorder_point,2.7,False,32.9,8.2,0.235
1903,FC_BCN2,IXD_BCN,1DC_BCN,SKU_0013,2024-10-18,88,forecast,5.0,False,43.82,42,reorder_point,2.9,False,20.92,9.7,0.498
1904,FC_BCN2,IXD_BCN,1DC_BCN,SKU_0248,2024-10-18,67,forecast,13.2,False,72.69,42,reorder_point,2.7,False,45.57,9.8,1.085
1905,FC_MAD1,IXD_MAD,1DC_MAD,SKU_0169,2024-10-18,82,forecast,9.5,False,47.31,51,reorder_point,2.3,False,29.43,7.5,0.577
1906,FC_MAD1,IXD_MAD,1DC_MAD,SKU_0249,2024-10-18,65,forecast,8.7,False,34.71,46,reorder_point,1.0,False,24.56,10.6,0.534
1907,FC_MAD1,IXD_MAD,1DC_MAD,SKU_0078,2024-10-18,14,forecast,5.8,False,5.98,12,reorder_point,2.7,False,5.12,7.4,0.427
1908,FC_MAD1,IXD_MAD,1DC_MAD,SKU_0155,2024-10-18,70,forecast,5.1,False,9.03,41,reorder_point,3.0,False,5.29,7.6,0.129
1909,FC_MAD1,IXD_MAD,1DC_MAD,SKU_0230,2024-10-18,52,forecast,6.3,False,54.29,49,reorder_point,1.7,False,51.16,10.0,1.044
1910,FC_MAD1,IXD_MAD,1DC_MAD,SKU_0245,2024-10-18,81,forecast,11.2,False,53.78,52,reorder_point,2.7,False,34.53,6.1,0.664
1911,FC_MAD2,IXD_MAD,1DC_MAD,SKU_0077,2024-10-18,144,forecast,5.2,False,99.5,125,reorder_point,0.9,False,86.38,7.6,0.691
1912,FC_MAD2,IXD_MAD,1DC_MAD,SKU_0139,2024-10-18,67,forecast,6.6,False,53.4,44,reorder_point,2.4,False,35.07,8.2,0.797
1913,FC_MAD2,IXD_MAD,1DC_MAD,SKU_0076,2024-10-18,230,forecast,6.6,False,154.1,131,reorder_point,0.6,False,87.77,7.8,0.67
1914,FC_PAR1,IXD_PAR,1DC_AMS,SKU_0110,2024-10-18,74,forecast,11.8,False,75.11,44,reorder_point,2.8,False,44.66,9.6,1.015
1915,FC_PAR1,IXD_PAR,1DC_AMS,SKU_0146,2024-10-18,233,forecast,12.1,False,54.06,143,reorder_point,2.5,False,33.18,9.6,0.232
1916,FC_PAR1,IXD_PAR,1DC_AMS,SKU_0002,2024-10-18,52,forecast,10.2,False,10.45,53,reorder_point,1.6,False,10.65,7.1,0.201
1917,FC_PAR1,IXD_PAR,1DC_AMS,SKU_0135,2024-10-18,17,forecast,6.7,False,16.1,13,reorder_point,2.1,False,12.31,10.0,0.947
1918,FC_PAR1,IXD_PAR,1DC_AMS,SKU_0080,2024-10-18,15,forecast,13.3,False,2.59,11,reorder_point,0.9,False,1.9,8.2,0.173
1919,FC_PAR2,IXD_PAR,1DC_BCN,SKU_0170,2024-10-18,198,forecast,12.4,False,212.06,109,reorder_point,1.7,False,116.74,9.5,1.071
1920,FC_PAR2,IXD_PAR,1DC_BCN,SKU_0016,2024-10-18,58,forecast,3.9,False,25.17,49,reorder_point,2.9,False,21.27,10.3,0.434
1921,FC_PAR2,IXD_PAR,1DC_BCN,SKU_0160,2024-10-18,21,forecast,9.4,False,17.47,12,reorder_point,1.8,False,9.98,7.4,0.832
1922,FC_PAR2,IXD_PAR,1DC_BCN,SKU_0208,2024-10-18,16,forecast,14.0,False,5.94,12,reorder_point,1.9,True,4.45,8.8,0.371
1923,FC_PAR2,IXD_PAR,1DC_BCN,SKU_0111,2024-10-18,134,forecast,11.2,False,14.07,139,reorder_point,2.4,False,14.59,12.8,0.105
1924,FC_BER1,IXD_BER,1DC_AMS,SKU_0083,2024-10-18,140,forecast,11.3,True,91.98,124,reorder_point,0.6,False,81.47,10.4,0.657
1925,FC_BER1,IXD_BER,1DC_AMS,SKU_0200,2024-10-18,237,forecast,4.0,False,114.71,142,reorder_point,0.9,False,68.73,7.7,0.484
1926,FC_BER1,IXD_BER,1DC_AMS,SKU_0249,2024-10-18,59,forecast,9.7,True,38.05,51,reorder_point,1.8,False,32.9,9.7,0.645
1927,FC_BER1,IXD_BER,1DC_AMS,SKU_0021,2024-10-18,79,forecast,11.9,False,27.57,51,reorder_point,1.2,False,17.8,6.5,0.349
1928,FC_BER1,IXD_BER,1DC_AMS,SKU_0171,2024-10-18,144,forecast,7.4,False,99.07,137,reorder_point,0.5,False,94.26,6.7,0.688
1929,FC_MUN1,IXD_BCN,1DC_CDG,SKU_0229,2024-10-18,165,forecast,8.9,False,29.86,143,reorder_point,1.1,False,25.88,8.3,0.181
1930,FC_MUN1,IXD_BCN,1DC_CDG,SKU_0139,2024-10-18,50,forecast,5.3,False,7.0,50,reorder_point,2.4,False,7.0,7.5,0.14
1931,FC_MUN1,IXD_BCN,1DC_CDG,SKU_0132,2024-10-18,64,forecast,12.0,False,40.58,49,reorder_point,1.2,False,31.07,8.4,0.634
1932,FC_MUN1,IXD_BCN,1DC_CDG,SKU_0004,2024-10-18,55,forecast,6.5,False,43.56,45,reorder_point,2.9,False,35.64,5.9,0.792
1933,FC_BCN1,IXD_BCN,1DC_BCN,SKU_0154,2024-10-19,154,forecast,5.2,False,61.6,133,reorder_point,0.8,False,53.2,10.4,0.4
1934,FC_BCN1,IXD_BCN,1DC_BCN,SKU_0218,2024-10-19,50,forecast,13.0,False,30.3,50,reorder_point,2.6,False,30.3,13.4,0.606
1935,FC_BCN1,IXD_BCN,1DC_BCN,SKU_0248,2024-10-19,74,forecast,8.3,False,14.28,48,reorder_point,0.6,False,9.26,10.6,0.193
1936,FC_BCN1,IXD_BCN,1DC_BCN,SKU_0215,2024-10-19,78,forecast,10.6,False,60.92,44,reorder_point,1.1,False,34.36,10.4,0.781
1937,FC_BCN1,IXD_BCN,1DC_BCN,SKU_0234,2024-10-19,14,forecast,7.3,False,6.99,12,reorder_point,1.2,False,5.99,9.5,0.499
1938,FC_BCN1,IXD_BCN,1DC_BCN,SKU_0048,2024-10-19,203,forecast,4.2,False,156.72,109,reorder_point,3.0,False,84.15,8.8,0.772
1939,FC_BCN1,IXD_BCN,1DC_BCN,SKU_0041,2024-10-19,147,forecast,6.4,False,58.21,124,reorder_point,0.5,False,49.1,8.1,0.396
1940,FC_BCN2,IXD_BCN,1DC_BCN,SKU_0179,2024-10-19,23,forecast,3.6,False,22.89,14,reorder_point,2.4,False,13.93,11.3,0.995
1941,FC_BCN2,IXD_BCN,1DC_BCN,SKU_0021,2024-10-19,67,forecast,3.7,False,65.39,41,reorder_point,2.0,False,40.02,8.6,0.976
1942,FC_BCN2,IXD_BCN,1DC_BCN,SKU_0125,2024-10-19,82,forecast,14.0,False,55.43,46,reorder_point,1.1,False,31.1,9.9,0.676
1943,FC_BCN2,IXD_BCN,1DC_BCN,SKU_0237,2024-10-19,13,forecast,5.6,True,11.87,13,reorder_point,0.7,False,11.87,10.2,0.913
1944,FC_BCN2,IXD_BCN,1DC_BCN,SKU_0233,2024-10-19,18,forecast,5.4,False,8.87,12,reorder_point,1.3,False,5.92,8.7,0.493
1945,FC_BCN2,IXD_BCN,1DC_BCN,SKU_0011,2024-10-19,65,forecast,5.6,False,34.39,45,reorder_point,0.8,False,23.8,6.9,0.529
1946,FC_BCN2,IXD_BCN,1DC_BCN,SKU_0215,2024-10-19,49,forecast,9.0,False,53.31,52,reorder_point,2.0,False,56.58,6.5,1.088
1947,FC_MAD1,IXD_MAD,1DC_MAD,SKU_0207,2024-10-19,79,forecast,10.0,False,44.24,42,reorder_point,2.0,False,23.52,7.3,0.56
1948,FC_MAD1,IXD_MAD,1DC_MAD,SKU_0095,2024-10-19,193,forecast,10.7,False,206.32,138,reorder_point,1.9,False,147.52,5.7,1.069
1949,FC_MAD2,IXD_MAD,1DC_MAD,SKU_0013,2024-10-19,74,forecast,8.9,True,56.39,52,reorder_point,1.7,False,39.62,12.5,0.762
1950,FC_MAD2,IXD_MAD,1DC_MAD,SKU_0066,2024-10-19,82,forecast,13.8,False,87.17,42,reorder_point,1.3,False,44.65,7.1,1.063
1951,FC_PAR1,IXD_PAR,1DC_CDG,SKU_0074,2024-10-19,23,forecast,5.5,False,16.77,12,reorder_point,2.1,False,8.75,6.8,0.729
1952,FC_PAR1,IXD_PAR,1DC_CDG,SKU_0136,2024-10-19,58,forecast,12.7,False,56.09,50,reorder_point,1.5,False,48.35,8.0,0.967
1953,FC_PAR1,IXD_PAR,1DC_CDG,SKU_0153,2024-10-19,217,forecast,7.1,False,197.9,130,reorder_point,0.6,False,118.56,7.5,0.912
1954,FC_PAR1,IXD_PAR,1DC_CDG,SKU_0027,2024-10-19,21,forecast,12.2,False,20.24,12,reorder_point,1.6,False,11.57,9.4,0.964
1955,FC_PAR1,IXD_PAR,1DC_CDG,SKU_0040,2024-10-19,213,forecast,12.9,False,36.42,112,reorder_point,1.4,False,19.15,7.4,0.171
1956,FC_PAR1,IXD_PAR,1DC_CDG,SKU_0245,2024-10-19,57,forecast,3.0,False,34.03,49,reorder_point,2.1,False,29.25,9.8,0.597
1957,FC_PAR1,IXD_PAR,1DC_CDG,SKU_0025,2024-10-19,166,forecast,3.6,False,114.71,128,reorder_point,1.4,False,88.45,8.1,0.691
1958,FC_PAR2,IXD_PAR,1DC_CDG,SKU_0146,2024-10-19,160,forecast,10.8,False,145.92,134,reorder_point,1.4,False,122.21,9.7,0.912
1959,FC_PAR2,IXD_PAR,1DC_CDG,SKU_0178,2024-10-19,23,forecast,13.1,False,23.74,11,reorder_point,1.7,False,11.35,8.2,1.032
1960,FC_PAR2,IXD_PAR,1DC_CDG,SKU_0164,2024-10-19,19,forecast,7.4,False,5.99,14,reorder_point,2.6,False,4.41,5.5,0.315
1961,FC_PAR2,IXD_PAR,1DC_CDG,SKU_0085,2024-10-19,17,forecast,4.4,False,8.43,13,reorder_point,2.3,False,6.45,6.9,0.496
1962,FC_PAR2,IXD_PAR,1DC_CDG,SKU_0245,2024-10-19,49,forecast,10.6,True,28.32,43,reorder_point,1.1,False,24.85,6.8,0.578
1963,FC_BER1,IXD_BER,1DC_AMS,SKU_0188,2024-10-19,53,forecast,5.9,False,31.22,51,reorder_point,0.8,False,30.04,10.2,0.589
1964,FC_BER1,IXD_BER,1DC_AMS,SKU_0056,2024-10-19,57,forecast,12.0,False,13.28,48,reorder_point,1.7,False,11.18,8.8,0.233
1965,FC_BER1,IXD_BER,1DC_AMS,SKU_0145,2024-10-19,89,forecast,7.5,False,44.05,43,reorder_point,1.9,False,21.29,8.6,0.495
1966,FC_BER1,IXD_BER,1DC_AMS,SKU_0206,2024-10-19,22,forecast,8.1,False,12.61,12,reorder_point,1.0,False,6.88,9.6,0.573
1967,FC_BER1,IXD_BER,1DC_AMS,SKU_0061,2024-10-19,199,forecast,10.8,False,24.28,127,reorder_point,1.3,False,15.49,10.3,0.122
1968,FC_BER1,IXD_BER,1DC_AMS,SKU_0025,2024-10-19,159,forecast,13.9,True,97.94,130,reorder_point,1.1,False,80.08,10.6,0.616
1969,FC_BER1,IXD_BER,1DC_AMS,SKU_0076,2024-10-19,146,forecast,13.6,False,85.12,110,reorder_point,2.0,False,64.13,6.0,0.583
1970,FC_BER1,IXD_BER,1DC_AMS,SKU_0210,2024-10-19,62,forecast,3.9,False,62.93,49,reorder_point,0.8,False,49.73,6.5,1.015
1971,FC_MUN1,IXD_BER,1DC_CDG,SKU_0146,2024-10-19,206,forecast,9.8,False,223.51,142,reorder_point,0.8,True,154.07,10.1,1.085
1972,FC_MUN1,IXD_BER,1DC_CDG,SKU_0055,2024-10-19,20,forecast,5.0,False,4.56,14,reorder_point,2.3,False,3.19,5.7,0.228
1973,FC_MUN1,IXD_BER,1DC_CDG,SKU_0116,2024-10-19,182,forecast,5.4,False,187.28,122,reorder_point,2.3,False,125.54,10.3,1.029
1974,FC_MUN1,IXD_BER,1DC_CDG,SKU_0187,2024-10-19,68,forecast,13.2,False,61.06,43,reorder_point,1.4,False,38.61,8.9,0.898
1975,FC_MUN1,IXD_BER,1DC_CDG,SKU_0086,2024-10-19,19,forecast,4.9,False,16.93,11,reorder_point,2.1,False,9.8,9.7,0.891
1976,FC_BCN1,IXD_BCN,1DC_BCN,SKU_0187,2024-10-20,51,forecast,12.9,False,43.81,49,reorder_point,2.7,False,42.09,6.2,0.859
1977,FC_BCN1,IXD_BCN,1DC_BCN,SKU_0130,2024-10-20,56,forecast,8.0,False,7.84,48,reorder_point,0.5,False,6.72,8.6,0.14
1978,FC_BCN1,IXD_BCN,1DC_BCN,SKU_0181,2024-10-20,175,forecast,11.9,False,88.2,120,reorder_point,2.6,False,60.48,8.2,0.504
1979,FC_BCN1,IXD_BCN,1DC_BCN,SKU_0245,2024-10-20,81,forecast,13.4,False,16.52,44,reorder_point,1.6,False,8.98,6.1,0.204
1980,FC_BCN2,IXD_BCN,1DC_BCN,SKU_0151,2024-10-20,77,forecast,9.3,False,84.47,48,reorder_point,1.9,False,52.66,8.7,1.097
1981,FC_BCN2,IXD_BCN,1DC_BCN,SKU_0203,2024-10-20,52,forecast,9.6,False,50.28,46,reorder_point,2.0,False,44.48,7.9,0.967
1982,FC_BCN2,IXD_BCN,1DC_BCN,SKU_0153,2024-10-20,207,forecast,10.3,False,47.2,123,reorder_point,2.7,False,28.04,9.9,0.228
1983,FC_MAD1,IXD_MAD,1DC_MAD,SKU_0057,2024-10-20,89,forecast,5.8,False,80.63,42,reorder_point,0.9,False,38.05,7.4,0.906
1984,FC_MAD1,IXD_MAD,1DC_MAD,SKU_0020,2024-10-20,203,forecast,13.0,False,23.55,118,reorder_point,2.8,False,13.69,4.9,0.116
1985,FC_MAD1,IXD_MAD,1DC_MAD,SKU_0180,2024-10-20,139,forecast,10.5,False,149.01,133,reorder_point,2.8,False,142.58,11.3,1.072
1986,FC_MAD1,IXD_MAD,1DC_MAD,SKU_0181,2024-10-20,230,forecast,13.3,False,114.54,137,reorder_point,2.8,False,68.23,6.7,0.498
1987,FC_MAD1,IXD_MAD,1DC_MAD,SKU_0119,2024-10-20,212,forecast,10.7,True,132.71,126,reorder_point,1.8,False,78.88,9.7,0.626
1988,FC_MAD1,IXD_MAD,1DC_MAD,SKU_0140,2024-10-20,20,forecast,3.6,False,2.98,14,reorder_point,1.2,False,2.09,8.2,0.149
1989,FC_MAD1,IXD_MAD,1DC_MAD,SKU_0179,2024-10-20,14,forecast,11.0,False,9.79,11,reorder_point,2.1,False,7.69,3.6,0.699
1990,FC_MAD2,IXD_MAD,1DC_MAD,SKU_0248,2024-10-20,60,forecast,3.3,False,40.02,47,reorder_point,2.2,False,31.35,9.5,0.667
1991,FC_MAD2,IXD_MAD,1DC_MAD,SKU_0204,2024-10-20,17,forecast,12.7,False,15.37,14,reorder_point,2.6,False,12.66,7.4,0.904
1992,FC_MAD2,IXD_MAD,1DC_MAD,SKU_0013,2024-10-20,83,forecast,3.7,False,16.52,46,reorder_point,1.5,False,9.15,8.9,0.199
1993,FC_MAD2,IXD_MAD,1DC_MAD,SKU_0083,2024-10-20,170,forecast,6.5,False,84.83,126,reorder_point,2.9,False,62.87,7.4,0.499
1994,FC_MAD2,IXD_MAD,1DC_MAD,SKU_0084,2024-10-20,79,forecast,6.9,False,41.95,41,reorder_point,2.9,False,21.77,6.6,0.531
1995,FC_MAD2,IXD_MAD,1DC_MAD,SKU_0002,2024-10-20,49,forecast,7.3,False,7.69,47,reorder_point,2.5,False,7.38,9.4,0.157
1996,FC_MAD2,IXD_MAD,1DC_MAD,SKU_0019,2024-10-20,66,forecast,6.9,False,23.76,42,reorder_point,2.7,False,15.12,7.3,0.36
1997,FC_MAD2,IXD_MAD,1DC_MAD,SKU_0198,2024-10-20,187,forecast,9.7,False,118.56,108,reorder_point,2.5,False,68.47,9.1,0.634
1998,FC_PAR1,IXD_PAR,1DC_AMS,SKU_0132,2024-10-20,80,forecast,12.2,False,84.64,52,reorder_point,2.3,False,55.02,10.3,1.058
1999,FC_PAR1,IXD_PAR,1DC_AMS,SKU_0105,2024-10-20,152,forecast,12.7,False,22.04,141,reorder_point,0.9,False,20.45,8.1,0.145
2000,FC_PAR2,IXD_PAR,1DC_CDG,SKU_0013,2024-10-20,71,forecast,11.1,False,12.0,53,reorder_point,2.4,False,8.96,8.0,0.169
2001,FC_PAR2,IXD_PAR,1DC_CDG,SKU_0069,2024-10-20,76,forecast,3.1,False,70.0,49,reorder_point,2.6,False,45.13,5.0,0.921
2002,FC_PAR2,IXD_PAR,1DC_CDG,SKU_0148,2024-10-20,22,forecast,4.5,False,10.19,14,reorder_point,1.9,False,6.48,8.8,0.463
2003,FC_PAR2,IXD_PAR,1DC_CDG,SKU_0157,2024-10-20,16,forecast,3.1,False,6.38,10,reorder_point,1.0,False,3.99,6.5,0.399
2004,FC_PAR2,IXD_PAR,1DC_CDG,SKU_0131,2024-10-20,88,forecast,3.2,False,68.38,49,reorder_point,2.9,False,38.07,10.4,0.777
2005,FC_PAR2,IXD_PAR,1DC_CDG,SKU_0228,2024-10-20,63,forecast,12.1,False,23.31,41,reorder_point,2.1,False,15.17,9.7,0.37
2006,FC_PAR2,IXD_PAR,1DC_CDG,SKU_0167,2024-10-20,84,forecast,12.4,False,90.3,53,reorder_point,1.4,False,56.97,10.7,1.075
2007,FC_BER1,IXD_BER,1DC_BCN,SKU_0134,2024-10-20,60,forecast,12.3,True,45.9,43,reorder_point,1.3,False,32.9,10.9,0.765
2008,FC_BER1,IXD_BER,1DC_BCN,SKU_0121,2024-10-20,61,forecast,7.8,False,10.19,45,reorder_point,2.9,False,7.52,10.2,0.167
2009,FC_BER1,IXD_BER,1DC_BCN,SKU_0231,2024-10-20,17,forecast,5.9,False,15.96,12,reorder_point,0.9,True,11.27,5.6,0.939
2010,FC_BER1,IXD_BER,1DC_BCN,SKU_0082,2024-10-20,81,forecast,8.7,False,42.12,47,reorder_point,2.8,False,24.44,8.1,0.52
2011,FC_MUN1,IXD_MAD,1DC_BCN,SKU_0249,2024-10-20,85,forecast,3.3,False,79.81,50,reorder_point,1.4,False,46.95,8.1,0.939
2012,FC_MUN1,IXD_MAD,1DC_BCN,SKU_0075,2024-10-20,87,forecast,5.3,False,24.53,46,reorder_point,2.2,False,12.97,10.5,0.282
2013,FC_MUN1,IXD_MAD,1DC_BCN,SKU_0152,2024-10-20,58,forecast,13.6,False,11.02,41,reorder_point,0.7,False,7.79,11.4,0.19
2014,FC_BCN1,IXD_BCN,1DC_BCN,SKU_0129,2024-10-21,55,forecast,11.6,False,28.27,51,reorder_point,2.6,False,26.21,7.0,0.514
2015,FC_BCN1,IXD_BCN,1DC_BCN,SKU_0141,2024-10-21,73,forecast,3.3,False,40.15,42,reorder_point,0.8,False,23.1,8.9,0.55
2016,FC_BCN1,IXD_BCN,1DC_BCN,SKU_0129,2024-10-21,87,forecast,3.3,False,13.66,42,reorder_point,1.7,False,6.59,10.5,0.157
2017,FC_BCN1,IXD_BCN,1DC_BCN,SKU_0182,2024-10-21,82,forecast,11.4,False,63.22,51,reorder_point,2.7,False,39.32,7.1,0.771
2018,FC_BCN1,IXD_BCN,1DC_BCN,SKU_0142,2024-10-21,60,forecast,8.1,False,32.7,44,reorder_point,1.1,False,23.98,7.1,0.545
2019,FC_BCN1,IXD_BCN,1DC_BCN,SKU_0128,2024-10-21,16,forecast,5.2,False,8.83,14,reorder_point,2.7,False,7.73,8.1,0.552
2020,FC_BCN2,IXD_BCN,1DC_BCN,SKU_0119,2024-10-21,187,forecast,6.9,True,87.89,125,reorder_point,0.6,False,58.75,8.1,0.47
2021,FC_BCN2,IXD_BCN,1DC_BCN,SKU_0156,2024-10-21,80,forecast,9.9,False,50.0,51,reorder_point,1.0,False,31.88,6.7,0.625
2022,FC_BCN2,IXD_BCN,1DC_BCN,SKU_0221,2024-10-21,14,forecast,3.2,False,2.93,11,reorder_point,1.1,False,2.3,8.4,0.209
2023,FC_MAD1,IXD_MAD,1DC_MAD,SKU_0240,2024-10-21,20,forecast,10.3,True,20.56,13,reorder_point,2.3,False,13.36,8.8,1.028
2024,FC_MAD1,IXD_MAD,1DC_MAD,SKU_0166,2024-10-21,217,forecast,8.8,False,50.78,131,reorder_point,2.4,False,30.65,7.7,0.234
2025,FC_MAD2,IXD_MAD,1DC_MAD,SKU_0007,2024-10-21,20,forecast,8.4,False,11.1,12,reorder_point,2.4,False,6.66,9.4,0.555
2026,FC_MAD2,IXD_MAD,1DC_MAD,SKU_0034,2024-10-21,58,forecast,11.6,False,18.79,42,reorder_point,1.9,False,13.61,8.7,0.324
2027,FC_MAD2,IXD_MAD,1DC_MAD,SKU_0232,2024-10-21,20,forecast,10.3,False,2.88,13,reorder_point,2.0,False,1.87,11.2,0.144
2028,FC_MAD2,IXD_MAD,1DC_MAD,SKU_0126,2024-10-21,167,forecast,8.6,False,179.36,126,reorder_point,2.3,False,135.32,9.3,1.074
2029,FC_MAD2,IXD_MAD,1DC_MAD,SKU_0087,2024-10-21,63,forecast,7.9,False,61.74,46,reorder_point,2.3,False,45.08,9.9,0.98
2030,FC_MAD2,IXD_MAD,1DC_MAD,SKU_0026,2024-10-21,16,forecast,6.7,True,2.13,13,reorder_point,1.3,False,1.73,6.3,0.133
2031,FC_MAD2,IXD_MAD,1DC_MAD,SKU_0033,2024-10-21,20,forecast,8.8,False,2.9,13,reorder_point,2.3,False,1.88,8.1,0.145
2032,FC_MAD2,IXD_MAD,1DC_MAD,SKU_0095,2024-10-21,238,forecast,8.9,False,250.14,110,reorder_point,0.7,False,115.61,7.1,1.051
2033,FC_PAR1,IXD_PAR,1DC_MAD,SKU_0040,2024-10-21,233,forecast,13.8,False,198.05,138,reorder_point,1.0,False,117.3,7.0,0.85
2034,FC_PAR1,IXD_PAR,1DC_MAD,SKU_0210,2024-10-21,87,forecast,8.9,True,47.85,41,reorder_point,2.1,False,22.55,9.0,0.55
2035,FC_PAR1,IXD_PAR,1DC_MAD,SKU_0115,2024-10-21,71,forecast,12.6,False,27.83,49,reorder_point,1.3,False,19.21,8.3,0.392
2036,FC_PAR1,IXD_PAR,1DC_MAD,SKU_0106,2024-10-21,89,forecast,9.3,False,46.55,52,reorder_point,3.0,False,27.2,10.4,0.523
2037,FC_PAR1,IXD_PAR,1DC_MAD,SKU_0220,2024-10-21,178,forecast,6.3,True,107.87,123,reorder_point,2.8,False,74.54,5.5,0.606
2038,FC_PAR1,IXD_PAR,1DC_MAD,SKU_0054,2024-10-21,84,forecast,6.9,False,84.84,45,reorder_point,2.3,False,45.45,8.9,1.01
2039,FC_PAR1,IXD_PAR,1DC_MAD,SKU_0172,2024-10-21,55,forecast,7.8,False,51.15,45,reorder_point,1.9,False,41.85,8.3,0.93
2040,FC_PAR1,IXD_PAR,1DC_MAD,SKU_0085,2024-10-21,19,forecast,13.1,False,5.23,13,reorder_point,3.0,False,3.58,7.6,0.275
2041,FC_PAR2,IXD_PAR,1DC_MAD,SKU_0219,2024-10-21,23,forecast,7.1,False,24.08,13,reorder_point,1.1,False,13.61,6.9,1.047
2042,FC_PAR2,IXD_PAR,1DC_MAD,SKU_0234,2024-10-21,15,forecast,6.2,False,3.33,12,reorder_point,1.1,False,2.66,9.2,0.222
2043,FC_PAR2,IXD_PAR,1DC_MAD,SKU_0191,2024-10-21,200,forecast,6.9,False,43.0,110,reorder_point,2.1,False,23.65,12.3,0.215
2044,FC_PAR2,IXD_PAR,1DC_MAD,SKU_0017,2024-10-21,17,forecast,6.7,False,8.57,14,reorder_point,0.7,False,7.06,6.8,0.504
2045,FC_PAR2,IXD_PAR,1DC_MAD,SKU_0142,2024-10-21,52,forecast,12.2,False,25.32,53,reorder_point,1.1,False,25.81,9.9,0.487
2046,FC_BER1,IXD_BER,1DC_MAD,SKU_0152,2024-10-21,59,forecast,9.2,False,13.45,51,reorder_point,1.2,False,11.63,6.2,0.228
2047,FC_BER1,IXD_BER,1DC_MAD,SKU_0208,2024-10-21,20,forecast,4.4,False,5.04,13,reorder_point,3.0,False,3.28,8.6,0.252
2048,FC_BER1,IXD_BER,1DC_MAD,SKU_0247,2024-10-21,224,forecast,6.8,False,180.77,109,reorder_point,2.3,False,87.96,8.1,0.807
2049,FC_BER1,IXD_BER,1DC_MAD,SKU_0048,2024-10-21,144,forecast,12.8,False,151.63,124,reorder_point,0.8,False,130.57,10.4,1.053
2050,FC_BER1,IXD_BER,1DC_MAD,SKU_0001,2024-10-21,147,forecast,6.4,False,19.4,116,reorder_point,0.9,False,15.31,8.4,0.132
2051,FC_BER1,IXD_BER,1DC_MAD,SKU_0204,2024-10-21,22,forecast,4.4,False,6.8,14,reorder_point,1.2,False,4.33,12.2,0.309
2052,FC_BER1,IXD_BER,1DC_MAD,SKU_0113,2024-10-21,23,forecast,9.1,False,13.2,12,reorder_point,2.0,True,6.89,9.5,0.574
2053,FC_MUN1,IXD_BER,1DC_MUC,SKU_0084,2024-10-21,55,forecast,6.3,False,24.75,42,reorder_point,1.2,False,18.9,9.3,0.45
2054,FC_MUN1,IXD_BER,1DC_MUC,SKU_0118,2024-10-21,61,forecast,7.3,False,55.75,52,reorder_point,0.9,False,47.53,11.5,0.914
2055,FC_BCN1,IXD_BCN,1DC_BCN,SKU_0141,2024-10-22,65,forecast,8.4,False,31.27,43,reorder_point,1.9,False,20.68,6.1,0.481
2056,FC_BCN1,IXD_BCN,1DC_BCN,SKU_0157,2024-10-22,20,forecast,6.9,False,19.02,13,reorder_point,1.7,False,12.36,11.6,0.951
2057,FC_BCN2,IXD_BCN,1DC_BCN,SKU_0208,2024-10-22,14,forecast,9.7,True,3.91,14,reorder_point,2.9,False,3.91,8.4,0.279
2058,FC_BCN2,IXD_BCN,1DC_BCN,SKU_0206,2024-10-22,16,forecast,3.7,False,14.06,11,reorder_point,2.8,False,9.67,8.5,0.879
2059,FC_BCN2,IXD_BCN,1DC_BCN,SKU_0237,2024-10-22,20,forecast,12.6,False,17.1,11,reorder_point,1.8,False,9.4,7.1,0.855
2060,FC_BCN2,IXD_BCN,1DC_BCN,SKU_0245,2024-10-22,58,forecast,5.8,False,45.65,45,reorder_point,2.3,False,35.41,7.8,0.787
2061,FC_MAD1,IXD_MAD,1DC_MAD,SKU_0149,2024-10-22,83,forecast,4.6,False,34.61,44,reorder_point,2.5,False,18.35,6.1,0.417
2062,FC_MAD1,IXD_MAD,1DC_MAD,SKU_0017,2024-10-22,14,forecast,10.6,False,10.51,12,reorder_point,1.2,False,9.01,8.2,0.751
2063,FC_MAD1,IXD_MAD,1DC_MAD,SKU_0109,2024-10-22,53,forecast,5.1,False,56.45,51,reorder_point,1.8,False,54.31,8.1,1.065
2064,FC_MAD1,IXD_MAD,1DC_MAD,SKU_0022,2024-10-22,16,forecast,9.4,False,10.16,14,reorder_point,1.1,False,8.89,6.3,0.635
2065,FC_MAD2,IXD_MAD,1DC_MAD,SKU_0162,2024-10-22,53,forecast,11.8,False,33.12,47,reorder_point,1.9,False,29.38,7.1,0.625
2066,FC_MAD2,IXD_MAD,1DC_MAD,SKU_0109,2024-10-22,61,forecast,6.6,False,6.22,41,reorder_point,2.1,False,4.18,7.3,0.102
2067,FC_MAD2,IXD_MAD,1DC_MAD,SKU_0222,2024-10-22,66,forecast,9.4,False,19.54,52,reorder_point,2.3,False,15.39,8.3,0.296
2068,FC_PAR1,IXD_PAR,1DC_AMS,SKU_0014,2024-10-22,56,forecast,3.6,False,58.35,46,reorder_point,1.3,False,47.93,11.3,1.042
2069,FC_PAR1,IXD_PAR,1DC_AMS,SKU_0233,2024-10-22,20,forecast,10.4,False,10.08,11,reorder_point,1.2,False,5.54,8.2,0.504
2070,FC_PAR2,IXD_PAR,1DC_AMS,SKU_0027,2024-10-22,16,forecast,5.8,False,8.03,12,reorder_point,0.5,False,6.02,9.5,0.502
2071,FC_PAR2,IXD_PAR,1DC_AMS,SKU_0229,2024-10-22,158,forecast,12.3,False,153.1,112,reorder_point,2.6,False,108.53,10.0,0.969
2072,FC_BER1,IXD_BER,1DC_MUC,SKU_0048,2024-10-22,203,forecast,3.5,False,144.94,131,reorder_point,0.7,False,93.53,8.8,0.714
2073,FC_BER1,IXD_BER,1DC_MUC,SKU_0012,2024-10-22,83,forecast,4.3,False,38.51,47,reorder_point,1.0,False,21.81,9.4,0.464
2074,FC_BER1,IXD_BER,1DC_MUC,SKU_0133,2024-10-22,64,forecast,13.7,False,59.65,42,reorder_point,2.3,False,39.14,10.9,0.932
2075,FC_MUN1,IXD_BER,1DC_CDG,SKU_0033,2024-10-22,15,forecast,5.0,False,10.26,13,reorder_point,1.2,False,8.89,8.8,0.684
2076,FC_MUN1,IXD_BER,1DC_CDG,SKU_0111,2024-10-22,178,forecast,5.9,False,95.59,134,reorder_point,2.0,False,71.96,7.4,0.537
2077,FC_MUN1,IXD_BER,1DC_CDG,SKU_0117,2024-10-22,20,forecast,8.2,False,14.44,13,reorder_point,1.2,False,9.39,7.4,0.722
2078,FC_MUN1,IXD_BER,1DC_CDG,SKU_0213,2024-10-22,15,forecast,7.5,False,15.9,12,reorder_point,0.9,False,12.72,7.2,1.06
2079,FC_BCN1,IXD_BCN,1DC_BCN,SKU_0209,2024-10-23,62,forecast,12.3,False,37.88,50,reorder_point,1.5,False,30.55,9.4,0.611
2080,FC_BCN1,IXD_BCN,1DC_BCN,SKU_0159,2024-10-23,86,forecast,7.6,False,43.34,46,reorder_point,3.0,False,23.18,4.9,0.504
2081,FC_BCN1,IXD_BCN,1DC_BCN,SKU_0149,2024-10-23,77,forecast,4.8,False,59.06,50,reorder_point,2.9,False,38.35,6.2,0.767
2082,FC_BCN1,IXD_BCN,1DC_BCN,SKU_0087,2024-10-23,57,forecast,9.4,False,49.36,53,reorder_point,0.8,False,45.9,10.3,0.866
2083,FC_BCN2,IXD_BCN,1DC_BCN,SKU_0228,2024-10-23,63,forecast,5.7,False,25.07,52,reorder_point,2.3,False,20.7,6.1,0.398
2084,FC_BCN2,IXD_BCN,1DC_BCN,SKU_0087,2024-10-23,68,forecast,4.7,False,57.46,49,reorder_point,2.8,False,41.41,8.6,0.845
2085,FC_BCN2,IXD_BCN,1DC_BCN,SKU_0141,2024-10-23,87,forecast,6.6,False,58.99,49,reorder_point,1.5,False,33.22,8.5,0.678
2086,FC_BCN2,IXD_BCN,1DC_BCN,SKU_0106,2024-10-23,81,forecast,7.3,False,58.0,44,reorder_point,1.7,False,31.5,7.1,0.716
2087,FC_BCN2,IXD_BCN,1DC_BCN,SKU_0193,2024-10-23,85,forecast,9.0,False,41.99,46,reorder_point,1.4,False,22.72,9.2,0.494
2088,FC_BCN2,IXD_BCN,1DC_BCN,SKU_0201,2024-10-23,70,forecast,5.2,False,40.18,40,reorder_point,0.6,False,22.96,8.3,0.574
2089,FC_MAD1,IXD_MAD,1DC_MAD,SKU_0016,2024-10-23,68,forecast,4.8,False,44.47,40,reorder_point,0.7,False,26.16,6.7,0.654
2090,FC_MAD1,IXD_MAD,1DC_MAD,SKU_0183,2024-10-23,13,forecast,12.9,False,2.89,11,reorder_point,1.0,False,2.44,9.5,0.222
2091,FC_MAD1,IXD_MAD,1DC_MAD,SKU_0074,2024-10-23,17,forecast,5.2,False,14.43,13,reorder_point,1.6,False,11.04,6.4,0.849
2092,FC_MAD1,IXD_MAD,1DC_MAD,SKU_0213,2024-10-23,20,forecast,7.3,False,5.82,12,reorder_point,1.5,False,3.49,5.8,0.291
2093,FC_MAD1,IXD_MAD,1DC_MAD,SKU_0028,2024-10-23,181,forecast,11.2,False,65.52,137,reorder_point,2.1,False,49.59,9.2,0.362
2094,FC_MAD2,IXD_MAD,1DC_MAD,SKU_0171,2024-10-23,140,forecast,10.3,False,93.38,122,reorder_point,2.8,False,81.37,11.8,0.667
2095,FC_MAD2,IXD_MAD,1DC_MAD,SKU_0023,2024-10-23,74,forecast,8.0,False,9.84,46,reorder_point,2.7,False,6.12,7.3,0.133
2096,FC_MAD2,IXD_MAD,1DC_MAD,SKU_0245,2024-10-23,65,forecast,4.9,False,22.55,48,reorder_point,0.8,False,16.66,10.6,0.347
2097,FC_MAD2,IXD_MAD,1DC_MAD,SKU_0155,2024-10-23,60,forecast,9.4,False,45.96,41,reorder_point,1.1,False,31.41,8.2,0.766
2098,FC_MAD2,IXD_MAD,1DC_MAD,SKU_0214,2024-10-23,18,forecast,11.8,False,16.67,11,reorder_point,2.5,False,10.19,10.5,0.926
2099,FC_MAD2,IXD_MAD,1DC_MAD,SKU_0140,2024-10-23,21,forecast,5.9,False,7.37,14,reorder_point,2.7,False,4.91,8.6,0.351
2100,FC_MAD2,IXD_MAD,1DC_MAD,SKU_0140,2024-10-23,14,forecast,7.4,False,2.56,12,reorder_point,2.3,False,2.2,9.2,0.183
2101,FC_MAD2,IXD_MAD,1DC_MAD,SKU_0007,2024-10-23,13,forecast,6.4,False,12.39,11,reorder_point,2.8,False,10.48,5.1,0.953
2102,FC_PAR1,IXD_PAR,1DC_MAD,SKU_0235,2024-10-23,71,forecast,3.4,False,17.32,52,reorder_point,2.0,False,12.69,7.1,0.244
2103,FC_PAR1,IXD_PAR,1DC_MAD,SKU_0245,2024-10-23,83,forecast,5.2,False,25.73,50,reorder_point,1.3,False,15.5,13.1,0.31
2104,FC_PAR1,IXD_PAR,1DC_MAD,SKU_0051,2024-10-23,52,forecast,3.7,False,53.46,53,reorder_point,0.7,False,54.48,4.6,1.028
2105,FC_PAR1,IXD_PAR,1DC_MAD,SKU_0026,2024-10-23,15,forecast,9.0,True,3.24,11,reorder_point,1.7,False,2.38,10.9,0.216
2106,FC_PAR1,IXD_PAR,1DC_MAD,SKU_0225,2024-10-23,54,forecast,10.8,False,12.69,44,reorder_point,2.6,True,10.34,6.4,0.235
2107,FC_PAR2,IXD_PAR,1DC_AMS,SKU_0223,2024-10-23,49,forecast,13.7,False,46.6,51,reorder_point,0.7,False,48.5,10.0,0.951
2108,FC_PAR2,IXD_PAR,1DC_AMS,SKU_0077,2024-10-23,166,forecast,13.0,False,88.98,110,reorder_point,2.8,False,58.96,10.1,0.536
2109,FC_PAR2,IXD_PAR,1DC_AMS,SKU_0218,2024-10-23,70,forecast,8.4,False,71.26,46,reorder_point,2.0,False,46.83,8.7,1.018
2110,FC_PAR2,IXD_PAR,1DC_AMS,SKU_0128,2024-10-23,16,forecast,13.7,False,4.3,12,reorder_point,2.5,False,3.23,7.8,0.269
2111,FC_PAR2,IXD_PAR,1DC_AMS,SKU_0165,2024-10-23,14,forecast,6.8,False,9.76,11,reorder_point,1.1,False,7.67,8.6,0.697
2112,FC_PAR2,IXD_PAR,1DC_AMS,SKU_0111,2024-10-23,236,forecast,5.0,True,259.13,127,reorder_point,2.5,False,139.45,9.1,1.098
2113,FC_PAR2,IXD_PAR,1DC_AMS,SKU_0045,2024-10-23,213,forecast,8.5,False,220.24,110,reorder_point,0.8,False,113.74,5.2,1.034
2114,FC_BER1,IXD_BER,1DC_AMS,SKU_0139,2024-10-23,73,forecast,9.7,False,27.89,52,reorder_point,1.4,False,19.86,8.8,0.382
2115,FC_BER1,IXD_BER,1DC_AMS,SKU_0146,2024-10-23,238,forecast,9.6,False,131.14,109,reorder_point,0.8,False,60.06,8.0,0.551
2116,FC_BER1,IXD_BER,1DC_AMS,SKU_0241,2024-10-23,20,forecast,7.4,False,21.82,13,reorder_point,1.2,False,14.18,6.9,1.091
2117,FC_BER1,IXD_BER,1DC_AMS,SKU_0115,2024-10-23,75,forecast,4.0,False,73.05,45,reorder_point,2.4,False,43.83,7.6,0.974
2118,FC_BER1,IXD_BER,1DC_AMS,SKU_0122,2024-10-23,50,forecast,3.5,False,16.1,53,reorder_point,2.8,False,17.07,9.5,0.322
2119,FC_BER1,IXD_BER,1DC_AMS,SKU_0210,2024-10-23,64,forecast,10.1,False,12.99,52,reorder_point,1.2,False,10.56,5.4,0.203
2120,FC_MUN1,IXD_BCN,1DC_MAD,SKU_0209,2024-10-23,66,forecast,9.0,True,38.68,44,reorder_point,2.9,False,25.78,8.3,0.586
2121,FC_MUN1,IXD_BCN,1DC_MAD,SKU_0138,2024-10-23,55,forecast,8.2,False,18.1,47,reorder_point,0.8,False,15.46,8.8,0.329
2122,FC_MUN1,IXD_BCN,1DC_MAD,SKU_0142,2024-10-23,55,forecast,4.9,False,14.08,40,reorder_point,1.2,False,10.24,7.5,0.256
2123,FC_MUN1,IXD_BCN,1DC_MAD,SKU_0050,2024-10-23,170,forecast,9.7,False,119.85,109,reorder_point,1.2,True,76.84,8.5,0.705
2124,FC_MUN1,IXD_BCN,1DC_MAD,SKU_0030,2024-10-23,156,forecast,12.8,False,144.46,112,reorder_point,1.1,False,103.71,7.1,0.926
2125,FC_MUN1,IXD_BCN,1DC_MAD,SKU_0243,2024-10-23,80,forecast,5.1,False,81.92,53,reorder_point,2.8,False,54.27,7.0,1.024
2126,FC_MUN1,IXD_BCN,1DC_MAD,SKU_0002,2024-10-23,81,forecast,7.8,False,53.22,49,reorder_point,2.2,False,32.19,6.6,0.657
2127,FC_BCN1,IXD_BCN,1DC_BCN,SKU_0154,2024-10-24,213,forecast,8.8,True,82.64,141,reorder_point,0.5,False,54.71,9.2,0.388
2128,FC_BCN1,IXD_BCN,1DC_BCN,SKU_0222,2024-10-24,78,forecast,6.6,False,67.24,48,reorder_point,2.7,False,41.38,8.0,0.862
2129,FC_BCN2,IXD_BCN,1DC_BCN,SKU_0233,2024-10-24,14,forecast,10.2,False,1.9,12,reorder_point,2.5,False,1.63,9.2,0.136
2130,FC_BCN2,IXD_BCN,1DC_BCN,SKU_0022,2024-10-24,20,forecast,10.4,False,11.96,11,reorder_point,1.5,False,6.58,7.9,0.598
2131,FC_BCN2,IXD_BCN,1DC_BCN,SKU_0234,2024-10-24,19,forecast,10.8,True,6.12,14,reorder_point,1.7,False,4.51,9.3,0.322
2132,FC_BCN2,IXD_BCN,1DC_BCN,SKU_0170,2024-10-24,199,forecast,13.0,False,99.9,141,reorder_point,2.8,False,70.78,9.2,0.502
2133,FC_BCN2,IXD_BCN,1DC_BCN,SKU_0148,2024-10-24,13,forecast,12.0,False,11.28,14,reorder_point,2.8,False,12.15,7.2,0.868
2134,FC_BCN2,IXD_BCN,1DC_BCN,SKU_0140,2024-10-24,21,forecast,5.1,False,13.99,10,reorder_point,1.5,False,6.66,7.7,0.666
2135,FC_BCN2,IXD_BCN,1DC_BCN,SKU_0013,2024-10-24,77,forecast,7.0,False,33.26,48,reorder_point,1.9,True,20.74,9.0,0.432
2136,FC_BCN2,IXD_BCN,1DC_BCN,SKU_0118,2024-10-24,59,forecast,8.0,False,14.4,46,reorder_point,0.6,False,11.22,8.7,0.244
2137,FC_MAD1,IXD_MAD,1DC_MAD,SKU_0024,2024-10-24,232,forecast,7.6,False,141.98,118,reorder_point,2.7,False,72.22,6.9,0.612
2138,FC_MAD1,IXD_MAD,1DC_MAD,SKU_0050,2024-10-24,183,forecast,7.4,False,73.38,131,reorder_point,2.6,False,52.53,10.5,0.401
2139,FC_MAD1,IXD_MAD,1DC_MAD,SKU_0199,2024-10-24,83,forecast,12.5,False,20.0,51,reorder_point,2.5,False,12.29,7.9,0.241
2140,FC_MAD1,IXD_MAD,1DC_MAD,SKU_0065,2024-10-24,56,forecast,6.3,True,22.85,40,reorder_point,0.7,False,16.32,7.3,0.408
2141,FC_MAD1,IXD_MAD,1DC_MAD,SKU_0185,2024-10-24,167,forecast,5.7,False,114.4,129,reorder_point,1.3,False,88.37,5.1,0.685
2142,FC_MAD2,IXD_MAD,1DC_MAD,SKU_0099,2024-10-24,15,forecast,8.5,False,2.42,10,reorder_point,1.2,False,1.61,9.4,0.161
2143,FC_MAD2,IXD_MAD,1DC_MAD,SKU_0196,2024-10-24,154,forecast,10.2,False,64.99,120,reorder_point,2.0,False,50.64,11.7,0.422
2144,FC_PAR1,IXD_PAR,1DC_MUC,SKU_0036,2024-10-24,188,forecast,5.5,False,53.39,140,reorder_point,0.8,False,39.76,7.0,0.284
2145,FC_PAR1,IXD_PAR,1DC_MUC,SKU_0226,2024-10-24,206,forecast,9.6,False,82.81,111,reorder_point,1.2,False,44.62,9.1,0.402
2146,FC_PAR1,IXD_PAR,1DC_MUC,SKU_0105,2024-10-24,182,forecast,13.2,False,182.0,112,reorder_point,2.2,False,112.0,9.2,1.0
2147,FC_PAR1,IXD_PAR,1DC_MUC,SKU_0098,2024-10-24,73,forecast,8.2,False,23.0,40,reorder_point,1.1,False,12.6,8.2,0.315
2148,FC_PAR1,IXD_PAR,1DC_MUC,SKU_0215,2024-10-24,58,forecast,4.7,True,16.53,47,reorder_point,2.8,False,13.39,8.9,0.285
2149,FC_PAR1,IXD_PAR,1DC_MUC,SKU_0012,2024-10-24,66,forecast,10.4,True,38.74,48,reorder_point,2.1,False,28.18,7.0,0.587
2150,FC_PAR1,IXD_PAR,1DC_MUC,SKU_0155,2024-10-24,52,forecast,3.6,True,24.8,50,reorder_point,2.1,False,23.85,7.1,0.477
2151,FC_PAR1,IXD_PAR,1DC_MUC,SKU_0048,2024-10-24,222,forecast,7.1,False,90.8,118,reorder_point,1.7,False,48.26,5.3,0.409
2152,FC_PAR2,IXD_PAR,1DC_AMS,SKU_0160,2024-10-24,21,forecast,4.6,True,6.66,13,reorder_point,1.4,False,4.12,12.0,0.317
2153,FC_PAR2,IXD_PAR,1DC_AMS,SKU_0191,2024-10-24,157,forecast,13.6,False,61.23,124,reorder_point,2.8,False,48.36,9.9,0.39
2154,FC_PAR2,IXD_PAR,1DC_AMS,SKU_0188,2024-10-24,61,forecast,5.7,True,27.63,50,reorder_point,2.0,False,22.65,9.2,0.453
2155,FC_PAR2,IXD_PAR,1DC_AMS,SKU_0174,2024-10-24,19,forecast,13.0,False,3.0,13,reorder_point,2.9,False,2.05,6.8,0.158
2156,FC_PAR2,IXD_PAR,1DC_AMS,SKU_0046,2024-10-24,20,forecast,10.1,False,13.08,11,reorder_point,0.6,False,7.19,9.4,0.654
2157,FC_PAR2,IXD_PAR,1DC_AMS,SKU_0211,2024-10-24,77,forecast,6.5,False,13.01,45,reorder_point,0.7,False,7.61,9.4,0.169
2158,FC_BER1,IXD_BER,1DC_MAD,SKU_0123,2024-10-24,199,forecast,10.5,False,60.5,121,reorder_point,2.6,False,36.78,8.9,0.304
2159,FC_BER1,IXD_BER,1DC_MAD,SKU_0063,2024-10-24,54,forecast,5.2,False,33.32,47,reorder_point,2.0,False,29.0,10.7,0.617
2160,FC_BER1,IXD_BER,1DC_MAD,SKU_0073,2024-10-24,75,forecast,7.0,False,52.95,47,reorder_point,0.7,False,33.18,11.0,0.706
2161,FC_BER1,IXD_BER,1DC_MAD,SKU_0050,2024-10-24,134,forecast,3.3,False,135.07,124,reorder_point,1.3,False,124.99,6.5,1.008
2162,FC_BER1,IXD_BER,1DC_MAD,SKU_0039,2024-10-24,84,forecast,10.7,True,60.98,42,reorder_point,1.6,False,30.49,7.6,0.726
2163,FC_MUN1,IXD_BER,1DC_AMS,SKU_0054,2024-10-24,54,forecast,8.3,False,27.7,50,reorder_point,0.8,False,25.65,9.3,0.513
2164,FC_MUN1,IXD_BER,1DC_AMS,SKU_0146,2024-10-24,139,forecast,13.8,False,122.18,141,reorder_point,0.8,False,123.94,11.1,0.879
2165,FC_MUN1,IXD_BER,1DC_AMS,SKU_0171,2024-10-24,226,forecast,12.0,False,220.8,113,reorder_point,1.6,False,110.4,5.2,0.977
2166,FC_MUN1,IXD_BER,1DC_AMS,SKU_0224,2024-10-24,227,forecast,3.7,False,72.87,114,reorder_point,1.2,False,36.59,10.0,0.321
2167,FC_MUN1,IXD_BER,1DC_AMS,SKU_0207,2024-10-24,86,forecast,8.4,False,30.96,49,reorder_point,1.3,False,17.64,4.8,0.36
2168,FC_MUN1,IXD_BER,1DC_AMS,SKU_0113,2024-10-24,18,forecast,9.5,False,8.42,11,reorder_point,2.5,False,5.15,5.3,0.468
2169,FC_BCN1,IXD_BCN,1DC_BCN,SKU_0006,2024-10-25,165,forecast,9.9,False,169.78,142,reorder_point,1.9,False,146.12,7.0,1.029
2170,FC_BCN1,IXD_BCN,1DC_BCN,SKU_0220,2024-10-25,143,forecast,12.0,True,74.07,123,reorder_point,0.8,False,63.71,9.4,0.518
2171,FC_BCN2,IXD_BCN,1DC_BCN,SKU_0046,2024-10-25,19,forecast,5.5,False,18.35,10,reorder_point,1.6,False,9.66,8.3,0.966
2172,FC_BCN2,IXD_BCN,1DC_BCN,SKU_0019,2024-10-25,54,forecast,4.2,False,13.34,51,reorder_point,1.4,True,12.6,12.2,0.247
2173,FC_BCN2,IXD_BCN,1DC_BCN,SKU_0051,2024-10-25,61,forecast,8.4,False,61.67,52,reorder_point,2.8,False,52.57,8.5,1.011
2174,FC_BCN2,IXD_BCN,1DC_BCN,SKU_0249,2024-10-25,69,forecast,9.2,False,55.06,42,reorder_point,0.8,False,33.52,8.3,0.798
2175,FC_BCN2,IXD_BCN,1DC_BCN,SKU_0014,2024-10-25,68,forecast,5.2,False,73.78,47,reorder_point,0.7,False,50.99,6.7,1.085
2176,FC_MAD1,IXD_MAD,1DC_MAD,SKU_0199,2024-10-25,59,forecast,7.9,False,47.38,42,reorder_point,0.6,False,33.73,4.5,0.803
2177,FC_MAD1,IXD_MAD,1DC_MAD,SKU_0082,2024-10-25,52,forecast,13.1,False,12.53,50,reorder_point,1.6,False,12.05,7.4,0.241
2178,FC_MAD1,IXD_MAD,1DC_MAD,SKU_0221,2024-10-25,21,forecast,11.9,False,18.77,10,reorder_point,0.7,False,8.94,9.2,0.894
2179,FC_MAD2,IXD_MAD,1DC_MAD,SKU_0007,2024-10-25,22,forecast,12.3,False,7.77,13,reorder_point,1.8,False,4.59,8.3,0.353
2180,FC_MAD2,IXD_MAD,1DC_MAD,SKU_0247,2024-10-25,225,forecast,5.2,False,108.22,115,reorder_point,2.6,False,55.31,10.3,0.481
2181,FC_MAD2,IXD_MAD,1DC_MAD,SKU_0243,2024-10-25,81,forecast,4.8,False,38.96,47,reorder_point,1.5,False,22.61,6.7,0.481
2182,FC_PAR1,IXD_PAR,1DC_CDG,SKU_0174,2024-10-25,15,forecast,13.1,False,16.27,13,reorder_point,2.0,True,14.11,6.4,1.085
2183,FC_PAR1,IXD_PAR,1DC_CDG,SKU_0235,2024-10-25,66,forecast,9.3,False,66.53,42,reorder_point,1.0,False,42.34,6.0,1.008
2184,FC_PAR1,IXD_PAR,1DC_CDG,SKU_0239,2024-10-25,15,forecast,3.5,False,6.48,14,reorder_point,0.5,False,6.05,11.1,0.432
2185,FC_PAR1,IXD_PAR,1DC_CDG,SKU_0101,2024-10-25,14,forecast,6.8,False,14.73,13,reorder_point,2.7,False,13.68,7.9,1.052
2186,FC_PAR1,IXD_PAR,1DC_CDG,SKU_0188,2024-10-25,70,forecast,10.0,False,26.74,40,reorder_point,1.1,False,15.28,8.4,0.382
2187,FC_PAR1,IXD_PAR,1DC_CDG,SKU_0070,2024-10-25,59,forecast,6.8,False,44.55,47,reorder_point,0.7,False,35.48,7.4,0.755
2188,FC_PAR1,IXD_PAR,1DC_CDG,SKU_0071,2024-10-25,187,forecast,5.4,False,135.39,119,reorder_point,1.8,False,86.16,10.4,0.724
2189,FC_PAR2,IXD_PAR,1DC_MAD,SKU_0237,2024-10-25,17,forecast,13.2,False,18.05,12,reorder_point,1.7,False,12.74,8.0,1.062
2190,FC_PAR2,IXD_PAR,1DC_MAD,SKU_0156,2024-10-25,51,forecast,12.8,False,40.49,49,reorder_point,1.5,False,38.91,8.4,0.794
2191,FC_BER1,IXD_BER,1DC_BCN,SKU_0180,2024-10-25,143,forecast,4.0,False,95.67,141,reorder_point,1.6,False,94.33,9.4,0.669
2192,FC_BER1,IXD_BER,1DC_BCN,SKU_0121,2024-10-25,82,forecast,7.2,False,21.32,50,reorder_point,1.8,False,13.0,8.4,0.26
2193,FC_BER1,IXD_BER,1DC_BCN,SKU_0017,2024-10-25,18,forecast,3.5,False,13.39,10,reorder_point,2.9,False,7.44,7.5,0.744
2194,FC_BER1,IXD_BER,1DC_BCN,SKU_0018,2024-10-25,73,forecast,7.6,False,24.75,42,reorder_point,1.4,False,14.24,9.5,0.339
2195,FC_BER1,IXD_BER,1DC_BCN,SKU_0064,2024-10-25,19,forecast,9.5,False,16.66,11,reorder_point,0.9,False,9.65,9.8,0.877
2196,FC_MUN1,IXD_BER,1DC_CDG,SKU_0012,2024-10-25,52,forecast,6.6,False,50.39,53,reorder_point,1.6,False,51.36,10.1,0.969
2197,FC_MUN1,IXD_BER,1DC_CDG,SKU_0002,2024-10-25,82,forecast,11.5,True,70.03,51,reorder_point,1.4,False,43.55,9.0,0.854
2198,FC_MUN1,IXD_BER,1DC_CDG,SKU_0111,2024-10-25,195,forecast,11.9,False,157.95,119,reorder_point,2.1,False,96.39,7.5,0.81
2199,FC_MUN1,IXD_BER,1DC_CDG,SKU_0043,2024-10-25,16,forecast,12.6,False,4.64,11,reorder_point,0.8,False,3.19,9.2,0.29
2200,FC_MUN1,IXD_BER,1DC_CDG,SKU_0235,2024-10-25,49,forecast,13.1,False,27.29,42,reorder_point,2.3,True,23.39,6.6,0.557
2201,FC_MUN1,IXD_BER,1DC_CDG,SKU_0213,2024-10-25,15,forecast,12.5,False,3.24,14,reorder_point,2.5,False,3.02,12.4,0.216
2202,FC_BCN1,IXD_BCN,1DC_BCN,SKU_0129,2024-10-26,61,forecast,6.5,False,6.16,46,reorder_point,1.8,False,4.65,6.4,0.101
2203,FC_BCN1,IXD_BCN,1DC_BCN,SKU_0155,2024-10-26,51,forecast,7.9,False,39.52,41,reorder_point,2.6,False,31.78,8.3,0.775
2204,FC_BCN1,IXD_BCN,1DC_BCN,SKU_0126,2024-10-26,155,forecast,10.5,True,118.11,134,reorder_point,1.7,False,102.11,9.7,0.762
2205,FC_BCN1,IXD_BCN,1DC_BCN,SKU_0121,2024-10-26,53,forecast,9.8,False,11.02,50,reorder_point,1.6,False,10.4,6.3,0.208
2206,FC_BCN1,IXD_BCN,1DC_BCN,SKU_0094,2024-10-26,78,forecast,7.8,False,55.15,45,reorder_point,1.6,False,31.81,7.3,0.707
2207,FC_BCN1,IXD_BCN,1DC_BCN,SKU_0186,2024-10-26,77,forecast,8.8,False,79.77,44,reorder_point,1.2,True,45.58,8.3,1.036
2208,FC_BCN1,IXD_BCN,1DC_BCN,SKU_0215,2024-10-26,60,forecast,4.5,False,43.44,49,reorder_point,1.4,False,35.48,7.5,0.724
2209,FC_BCN1,IXD_BCN,1DC_BCN,SKU_0246,2024-10-26,207,forecast,4.4,False,95.63,110,reorder_point,1.1,False,50.82,7.9,0.462
2210,FC_BCN2,IXD_BCN,1DC_BCN,SKU_0123,2024-10-26,204,forecast,7.6,False,37.33,120,reorder_point,2.5,False,21.96,6.6,0.183
2211,FC_BCN2,IXD_BCN,1DC_BCN,SKU_0242,2024-10-26,167,forecast,11.2,False,22.21,110,reorder_point,2.3,False,14.63,8.1,0.133
2212,FC_BCN2,IXD_BCN,1DC_BCN,SKU_0103,2024-10-26,63,forecast,9.3,False,35.03,44,reorder_point,1.7,False,24.46,8.7,0.556
2213,FC_BCN2,IXD_BCN,1DC_BCN,SKU_0143,2024-10-26,23,forecast,5.2,False,4.78,12,reorder_point,2.3,False,2.5,10.4,0.208
2214,FC_MAD1,IXD_MAD,1DC_MAD,SKU_0104,2024-10-26,182,forecast,4.0,False,93.37,116,reorder_point,2.7,False,59.51,7.0,0.513
2215,FC_MAD1,IXD_MAD,1DC_MAD,SKU_0163,2024-10-26,65,forecast,6.1,False,51.55,51,reorder_point,0.6,False,40.44,12.6,0.793
2216,FC_MAD1,IXD_MAD,1DC_MAD,SKU_0210,2024-10-26,76,forecast,7.7,False,27.66,47,reorder_point,1.3,False,17.11,6.9,0.364
2217,FC_MAD1,IXD_MAD,1DC_MAD,SKU_0228,2024-10-26,73,forecast,4.8,False,56.58,49,reorder_point,1.2,True,37.98,12.1,0.775
2218,FC_MAD1,IXD_MAD,1DC_MAD,SKU_0037,2024-10-26,50,forecast,7.3,True,21.0,44,reorder_point,2.4,False,18.48,9.3,0.42
2219,FC_MAD1,IXD_MAD,1DC_MAD,SKU_0151,2024-10-26,50,forecast,11.4,False,7.85,51,reorder_point,1.7,False,8.01,9.7,0.157
2220,FC_MAD2,IXD_MAD,1DC_MAD,SKU_0179,2024-10-26,21,forecast,13.9,False,14.66,12,reorder_point,2.1,False,8.38,8.2,0.698
2221,FC_MAD2,IXD_MAD,1DC_MAD,SKU_0196,2024-10-26,221,forecast,5.2,True,152.27,140,reorder_point,0.6,True,96.46,11.7,0.689
2222,FC_MAD2,IXD_MAD,1DC_MAD,SKU_0017,2024-10-26,19,forecast,8.7,False,20.27,13,reorder_point,1.3,False,13.87,9.6,1.067
2223,FC_MAD2,IXD_MAD,1DC_MAD,SKU_0045,2024-10-26,188,forecast,13.8,False,52.64,133,reorder_point,1.2,False,37.24,10.3,0.28
2224,FC_MAD2,IXD_MAD,1DC_MAD,SKU_0175,2024-10-26,137,forecast,11.1,True,71.92,117,reorder_point,1.1,False,61.43,6.8,0.525
2225,FC_MAD2,IXD_MAD,1DC_MAD,SKU_0063,2024-10-26,80,forecast,7.3,False,58.8,49,reorder_point,1.8,False,36.02,9.1,0.735
2226,FC_MAD2,IXD_MAD,1DC_MAD,SKU_0134,2024-10-26,52,forecast,12.4,False,56.21,48,reorder_point,2.4,False,51.89,9.3,1.081
2227,FC_PAR1,IXD_PAR,1DC_AMS,SKU_0001,2024-10-26,226,forecast,13.0,False,236.62,143,reorder_point,2.7,False,149.72,11.2,1.047
2228,FC_PAR1,IXD_PAR,1DC_AMS,SKU_0173,2024-10-26,21,forecast,5.7,False,15.1,12,reorder_point,2.8,False,8.63,8.2,0.719
2229,FC_PAR1,IXD_PAR,1DC_AMS,SKU_0075,2024-10-26,89,forecast,4.0,False,45.21,42,reorder_point,1.3,False,21.34,6.9,0.508
2230,FC_PAR1,IXD_PAR,1DC_AMS,SKU_0222,2024-10-26,63,forecast,3.3,False,60.92,45,reorder_point,1.7,False,43.52,7.2,0.967
2231,FC_PAR1,IXD_PAR,1DC_AMS,SKU_0131,2024-10-26,69,forecast,7.4,False,44.51,49,reorder_point,1.9,False,31.61,7.4,0.645
2232,FC_PAR1,IXD_PAR,1DC_AMS,SKU_0232,2024-10-26,20,forecast,6.9,False,5.22,13,reorder_point,2.7,False,3.39,9.2,0.261
2233,FC_PAR1,IXD_PAR,1DC_AMS,SKU_0237,2024-10-26,17,forecast,9.5,False,13.4,12,reorder_point,1.6,False,9.46,6.2,0.788
2234,FC_PAR1,IXD_PAR,1DC_AMS,SKU_0115,2024-10-26,75,forecast,3.9,False,55.58,51,reorder_point,0.9,False,37.79,8.3,0.741
2235,FC_PAR2,IXD_PAR,1DC_MUC,SKU_0001,2024-10-26,182,forecast,9.4,False,102.83,119,reorder_point,1.8,False,67.23,7.4,0.565
2236,FC_PAR2,IXD_PAR,1DC_MUC,SKU_0112,2024-10-26,16,forecast,9.6,False,10.51,11,reorder_point,1.9,False,7.23,10.2,0.657
2237,FC_PAR2,IXD_PAR,1DC_MUC,SKU_0246,2024-10-26,212,forecast,3.3,True,210.3,110,reorder_point,2.3,False,109.12,9.9,0.992
2238,FC_PAR2,IXD_PAR,1DC_MUC,SKU_0200,2024-10-26,173,forecast,8.3,False,182.86,128,reorder_point,2.9,False,135.3,9.9,1.057
2239,FC_PAR2,IXD_PAR,1DC_MUC,SKU_0221,2024-10-26,17,forecast,7.4,False,8.99,12,reorder_point,1.6,False,6.35,9.3,0.529
2240,FC_PAR2,IXD_PAR,1DC_MUC,SKU_0015,2024-10-26,84,forecast,7.0,True,67.54,50,reorder_point,1.0,False,40.2,7.2,0.804
2241,FC_BER1,IXD_BER,1DC_BCN,SKU_0243,2024-10-26,67,forecast,12.2,False,46.23,49,reorder_point,3.0,False,33.81,6.6,0.69
2242,FC_BER1,IXD_BER,1DC_BCN,SKU_0005,2024-10-26,145,forecast,11.0,False,135.72,130,reorder_point,0.7,False,121.68,6.1,0.936
2243,FC_BER1,IXD_BER,1DC_BCN,SKU_0010,2024-10-26,69,forecast,4.9,False,22.56,40,reorder_point,2.2,False,13.08,9.2,0.327
2244,FC_BER1,IXD_BER,1DC_BCN,SKU_0049,2024-10-26,66,forecast,5.3,False,7.52,48,reorder_point,1.5,False,5.47,9.4,0.114
2245,FC_BER1,IXD_BER,1DC_BCN,SKU_0244,2024-10-26,69,forecast,5.2,False,24.84,51,reorder_point,2.5,False,18.36,7.4,0.36
2246,FC_BER1,IXD_BER,1DC_BCN,SKU_0207,2024-10-26,72,forecast,7.0,False,57.38,51,reorder_point,2.1,False,40.65,7.0,0.797
2247,FC_MUN1,IXD_PAR,1DC_AMS,SKU_0177,2024-10-26,14,forecast,10.1,False,14.11,12,reorder_point,2.2,False,12.1,10.7,1.008
2248,FC_MUN1,IXD_PAR,1DC_AMS,SKU_0066,2024-10-26,51,forecast,7.2,False,53.04,51,reorder_point,1.4,False,53.04,6.9,1.04
2249,FC_MUN1,IXD_PAR,1DC_AMS,SKU_0057,2024-10-26,59,forecast,11.0,False,60.59,49,reorder_point,2.7,False,50.32,7.5,1.027
2250,FC_MUN1,IXD_PAR,1DC_AMS,SKU_0132,2024-10-26,57,forecast,11.2,False,18.75,43,reorder_point,1.2,False,14.15,6.9,0.329
2251,FC_MUN1,IXD_PAR,1DC_AMS,SKU_0241,2024-10-26,23,forecast,10.2,False,21.39,13,reorder_point,2.6,False,12.09,9.6,0.93
2252,FC_MUN1,IXD_PAR,1DC_AMS,SKU_0133,2024-10-26,62,forecast,4.7,False,6.51,51,reorder_point,1.7,False,5.35,13.4,0.105
2253,FC_MUN1,IXD_PAR,1DC_AMS,SKU_0131,2024-10-26,85,forecast,6.2,False,63.66,52,reorder_point,1.5,False,38.95,6.1,0.749
2254,FC_MUN1,IXD_PAR,1DC_AMS,SKU_0077,2024-10-26,158,forecast,13.7,False,72.05,129,reorder_point,1.3,False,58.82,7.5,0.456
2255,FC_BCN1,IXD_BCN,1DC_BCN,SKU_0186,2024-10-27,81,forecast,6.5,True,67.47,53,reorder_point,0.6,False,44.15,8.3,0.833
2256,FC_BCN1,IXD_BCN,1DC_BCN,SKU_0003,2024-10-27,51,forecast,5.2,False,7.45,53,reorder_point,2.0,False,7.74,10.5,0.146
2257,FC_BCN1,IXD_BCN,1DC_BCN,SKU_0120,2024-10-27,67,forecast,13.1,False,51.39,42,reorder_point,2.9,False,32.21,5.8,0.767
2258,FC_BCN1,IXD_BCN,1DC_BCN,SKU_0249,2024-10-27,77,forecast,5.7,False,34.73,41,reorder_point,0.8,False,18.49,5.5,0.451
2259,FC_BCN1,IXD_BCN,1DC_BCN,SKU_0091,2024-10-27,136,forecast,4.5,False,56.03,108,reorder_point,3.0,True,44.5,9.4,0.412
2260,FC_BCN1,IXD_BCN,1DC_BCN,SKU_0088,2024-10-27,58,forecast,3.7,False,45.53,48,reorder_point,2.4,False,37.68,10.6,0.785
2261,FC_BCN1,IXD_BCN,1DC_BCN,SKU_0212,2024-10-27,156,forecast,8.4,False,37.75,135,reorder_point,1.0,False,32.67,8.4,0.242
2262,FC_BCN1,IXD_BCN,1DC_BCN,SKU_0169,2024-10-27,63,forecast,3.3,False,57.77,42,reorder_point,1.4,False,38.51,7.7,0.917
2263,FC_BCN2,IXD_BCN,1DC_BCN,SKU_0142,2024-10-27,67,forecast,10.4,False,42.14,51,reorder_point,1.4,False,32.08,6.4,0.629
2264,FC_BCN2,IXD_BCN,1DC_BCN,SKU_0142,2024-10-27,78,forecast,6.9,False,84.01,53,reorder_point,1.1,False,57.08,8.2,1.077
2265,FC_BCN2,IXD_BCN,1DC_BCN,SKU_0205,2024-10-27,197,forecast,13.0,False,183.01,116,reorder_point,0.7,False,107.76,9.8,0.929
2266,FC_MAD1,IXD_MAD,1DC_MAD,SKU_0194,2024-10-27,205,forecast,10.6,False,132.02,141,reorder_point,1.5,False,90.8,7.6,0.644
2267,FC_MAD1,IXD_MAD,1DC_MAD,SKU_0028,2024-10-27,176,forecast,5.2,False,101.38,121,reorder_point,3.0,False,69.7,9.8,0.576
2268,FC_MAD1,IXD_MAD,1DC_MAD,SKU_0247,2024-10-27,177,forecast,10.9,False,48.5,114,reorder_point,1.6,False,31.24,9.3,0.274
2269,FC_MAD1,IXD_MAD,1DC_MAD,SKU_0109,2024-10-27,50,forecast,5.8,False,7.95,53,reorder_point,2.1,False,8.43,11.0,0.159
2270,FC_MAD2,IXD_MAD,1DC_MAD,SKU_0060,2024-10-27,141,forecast,12.2,False,61.48,136,reorder_point,1.1,False,59.3,8.7,0.436
2271,FC_MAD2,IXD_MAD,1DC_MAD,SKU_0019,2024-10-27,67,forecast,8.4,True,68.21,45,reorder_point,2.3,False,45.81,9.5,1.018
2272,FC_MAD2,IXD_MAD,1DC_MAD,SKU_0033,2024-10-27,23,forecast,10.7,False,24.2,11,reorder_point,2.5,False,11.57,6.5,1.052
2273,FC_MAD2,IXD_MAD,1DC_MAD,SKU_0056,2024-10-27,60,forecast,5.5,False,11.4,52,reorder_point,1.8,True,9.88,5.0,0.19
2274,FC_MAD2,IXD_MAD,1DC_MAD,SKU_0075,2024-10-27,75,forecast,3.6,False,71.92,51,reorder_point,1.5,False,48.91,8.5,0.959
2275,FC_MAD2,IXD_MAD,1DC_MAD,SKU_0038,2024-10-27,191,forecast,11.6,False,54.43,116,reorder_point,0.8,False,33.06,7.3,0.285
2276,FC_PAR1,IXD_PAR,1DC_MUC,SKU_0029,2024-10-27,209,forecast,6.2,True,129.79,118,reorder_point,1.1,False,73.28,9.8,0.621
2277,FC_PAR1,IXD_PAR,1DC_MUC,SKU_0182,2024-10-27,57,forecast,6.3,False,54.49,48,reorder_point,1.1,False,45.89,10.6,0.956
2278,FC_PAR2,IXD_PAR,1DC_MUC,SKU_0124,2024-10-27,54,forecast,10.1,False,41.74,46,reorder_point,2.2,False,35.56,6.7,0.773
2279,FC_PAR2,IXD_PAR,1DC_MUC,SKU_0120,2024-10-27,74,forecast,7.3,False,69.71,45,reorder_point,0.7,False,42.39,9.8,0.942
2280,FC_PAR2,IXD_PAR,1DC_MUC,SKU_0037,2024-10-27,77,forecast,3.9,True,19.79,47,reorder_point,1.1,False,12.08,6.8,0.257
2281,FC_PAR2,IXD_PAR,1DC_MUC,SKU_0152,2024-10-27,71,forecast,7.4,False,61.98,51,reorder_point,1.6,False,44.52,6.6,0.873
2282,FC_PAR2,IXD_PAR,1DC_MUC,SKU_0092,2024-10-27,55,forecast,8.7,False,38.22,40,reorder_point,2.1,False,27.8,9.3,0.695
2283,FC_BER1,IXD_BER,1DC_MUC,SKU_0187,2024-10-27,52,forecast,12.5,True,38.79,44,reorder_point,0.6,False,32.82,8.9,0.746
2284,FC_BER1,IXD_BER,1DC_MUC,SKU_0191,2024-10-27,219,forecast,5.7,False,89.79,130,reorder_point,2.7,False,53.3,9.4,0.41
2285,FC_BER1,IXD_BER,1DC_MUC,SKU_0089,2024-10-27,227,forecast,4.9,False,24.74,122,reorder_point,2.4,False,13.3,8.2,0.109
2286,FC_BER1,IXD_BER,1DC_MUC,SKU_0200,2024-10-27,209,forecast,5.3,False,35.32,132,reorder_point,2.2,False,22.31,8.0,0.169
2287,FC_BER1,IXD_BER,1DC_MUC,SKU_0183,2024-10-27,21,forecast,5.6,False,11.47,12,reorder_point,0.6,False,6.55,9.8,0.546
2288,FC_BER1,IXD_BER,1DC_MUC,SKU_0019,2024-10-27,51,forecast,11.3,False,20.96,43,reorder_point,1.4,False,17.67,6.2,0.411
2289,FC_BER1,IXD_BER,1DC_MUC,SKU_0039,2024-10-27,49,forecast,5.6,False,38.47,42,reorder_point,2.5,False,32.97,8.9,0.785
2290,FC_BER1,IXD_BER,1DC_MUC,SKU_0020,2024-10-27,227,forecast,10.4,False,213.61,134,reorder_point,2.1,False,126.09,5.6,0.941
2291,FC_MUN1,IXD_MAD,1DC_MUC,SKU_0174,2024-10-27,20,forecast,3.9,False,13.86,12,reorder_point,1.1,False,8.32,11.5,0.693
2292,FC_MUN1,IXD_MAD,1DC_MUC,SKU_0079,2024-10-27,20,forecast,7.7,False,15.98,10,reorder_point,1.4,False,7.99,8.7,0.799
2293,FC_MUN1,IXD_MAD,1DC_MUC,SKU_0026,2024-10-27,21,forecast,13.6,False,18.77,12,reorder_point,1.6,False,10.73,6.4,0.894
2294,FC_MUN1,IXD_MAD,1DC_MUC,SKU_0172,2024-10-27,71,forecast,9.7,False,61.41,43,reorder_point,0.5,False,37.2,10.9,0.865
2295,FC_MUN1,IXD_MAD,1DC_MUC,SKU_0226,2024-10-27,216,forecast,11.3,False,52.27,136,reorder_point,1.3,False,32.91,6.9,0.242
2296,FC_MUN1,IXD_MAD,1DC_MUC,SKU_0102,2024-10-27,16,forecast,7.3,False,8.62,11,reorder_point,1.6,False,5.93,10.4,0.539
2297,FC_BCN1,IXD_BCN,1DC_BCN,SKU_0176,2024-10-28,82,forecast,10.6,False,16.97,47,reorder_point,2.4,False,9.73,8.6,0.207
2298,FC_BCN1,IXD_BCN,1DC_BCN,SKU_0190,2024-10-28,65,forecast,12.1,False,30.1,46,reorder_point,1.0,True,21.3,10.2,0.463
2299,FC_BCN1,IXD_BCN,1DC_BCN,SKU_0054,2024-10-28,68,forecast,5.2,False,21.56,47,reorder_point,2.4,False,14.9,11.3,0.317
2300,FC_BCN1,IXD_BCN,1DC_BCN,SKU_0168,2024-10-28,87,forecast,11.4,False,42.72,45,reorder_point,0.7,False,22.09,9.3,0.491
2301,FC_BCN1,IXD_BCN,1DC_BCN,SKU_0098,2024-10-28,56,forecast,7.7,False,11.03,40,reorder_point,2.9,False,7.88,9.1,0.197
2302,FC_BCN1,IXD_BCN,1DC_BCN,SKU_0077,2024-10-28,150,forecast,10.4,False,163.5,118,reorder_point,1.1,False,128.62,6.7,1.09
2303,FC_BCN1,IXD_BCN,1DC_BCN,SKU_0189,2024-10-28,66,forecast,12.8,False,32.14,46,reorder_point,2.6,False,22.4,5.0,0.487
2304,FC_BCN2,IXD_BCN,1DC_BCN,SKU_0232,2024-10-28,18,forecast,3.2,False,6.8,12,reorder_point,2.9,True,4.54,11.9,0.378
2305,FC_BCN2,IXD_BCN,1DC_BCN,SKU_0057,2024-10-28,69,forecast,9.6,False,19.39,45,reorder_point,1.1,False,12.65,8.7,0.281
2306,FC_BCN2,IXD_BCN,1DC_BCN,SKU_0244,2024-10-28,55,forecast,13.5,False,56.92,48,reorder_point,2.2,False,49.68,6.2,1.035
2307,FC_BCN2,IXD_BCN,1DC_BCN,SKU_0099,2024-10-28,16,forecast,5.5,True,2.91,14,reorder_point,0.6,False,2.55,7.6,0.182
2308,FC_BCN2,IXD_BCN,1DC_BCN,SKU_0116,2024-10-28,150,forecast,8.6,False,32.1,112,reorder_point,1.0,False,23.97,6.3,0.214
2309,FC_BCN2,IXD_BCN,1DC_BCN,SKU_0179,2024-10-28,19,forecast,13.9,False,16.91,10,reorder_point,2.6,False,8.9,6.2,0.89
2310,FC_MAD1,IXD_MAD,1DC_MAD,SKU_0134,2024-10-28,76,forecast,12.2,False,11.93,44,reorder_point,2.0,False,6.91,9.3,0.157
2311,FC_MAD1,IXD_MAD,1DC_MAD,SKU_0042,2024-10-28,23,forecast,4.5,False,14.19,11,reorder_point,1.9,False,6.79,7.5,0.617
2312,FC_MAD1,IXD_MAD,1DC_MAD,SKU_0025,2024-10-28,191,forecast,8.9,False,113.26,141,reorder_point,2.9,False,83.61,10.1,0.593
2313,FC_MAD1,IXD_MAD,1DC_MAD,SKU_0162,2024-10-28,81,forecast,12.4,False,21.71,44,reorder_point,2.7,False,11.79,5.7,0.268
2314,FC_MAD1,IXD_MAD,1DC_MAD,SKU_0119,2024-10-28,237,forecast,7.0,False,48.11,137,reorder_point,2.4,False,27.81,10.3,0.203
2315,FC_MAD1,IXD_MAD,1DC_MAD,SKU_0153,2024-10-28,164,forecast,7.5,False,129.56,128,reorder_point,0.7,False,101.12,10.2,0.79
2316,FC_MAD1,IXD_MAD,1DC_MAD,SKU_0152,2024-10-28,75,forecast,12.8,True,16.05,47,reorder_point,2.9,False,10.06,7.1,0.214
2317,FC_MAD2,IXD_MAD,1DC_MAD,SKU_0165,2024-10-28,22,forecast,8.5,False,19.84,12,reorder_point,1.0,False,10.82,9.3,0.902
2318,FC_MAD2,IXD_MAD,1DC_MAD,SKU_0177,2024-10-28,15,forecast,13.1,False,6.43,11,reorder_point,1.7,False,4.72,10.1,0.429
2319,FC_MAD2,IXD_MAD,1DC_MAD,SKU_0149,2024-10-28,50,forecast,12.3,False,19.8,48,reorder_point,0.6,False,19.01,9.4,0.396
2320,FC_PAR1,IXD_PAR,1DC_MUC,SKU_0086,2024-10-28,18,forecast,6.8,False,18.31,14,reorder_point,2.7,False,14.24,9.9,1.017
2321,FC_PAR1,IXD_PAR,1DC_MUC,SKU_0141,2024-10-28,80,forecast,4.4,False,70.16,44,reorder_point,2.3,False,38.59,10.7,0.877
2322,FC_PAR1,IXD_PAR,1DC_MUC,SKU_0229,2024-10-28,168,forecast,7.8,False,110.54,138,reorder_point,2.3,False,90.8,11.8,0.658
2323,FC_PAR1,IXD_PAR,1DC_MUC,SKU_0225,2024-10-28,52,forecast,11.1,False,53.82,53,reorder_point,1.1,False,54.85,7.5,1.035
2324,FC_PAR1,IXD_PAR,1DC_MUC,SKU_0210,2024-10-28,77,forecast,5.0,False,25.64,51,reorder_point,0.8,False,16.98,9.0,0.333
2325,FC_PAR1,IXD_PAR,1DC_MUC,SKU_0154,2024-10-28,160,forecast,5.8,False,140.16,134,reorder_point,1.9,False,117.38,10.0,0.876
2326,FC_PAR1,IXD_PAR,1DC_MUC,SKU_0155,2024-10-28,59,forecast,12.8,False,51.62,48,reorder_point,1.8,False,42.0,9.5,0.875
2327,FC_PAR1,IXD_PAR,1DC_MUC,SKU_0160,2024-10-28,13,forecast,9.5,False,13.19,11,reorder_point,2.7,False,11.16,6.0,1.015
2328,FC_PAR2,IXD_PAR,1DC_MAD,SKU_0192,2024-10-28,74,forecast,12.5,False,31.75,46,reorder_point,2.1,False,19.73,9.1,0.429
2329,FC_PAR2,IXD_PAR,1DC_MAD,SKU_0243,2024-10-28,80,forecast,4.0,False,42.32,41,reorder_point,2.7,False,21.69,7.7,0.529
2330,FC_PAR2,IXD_PAR,1DC_MAD,SKU_0008,2024-10-28,68,forecast,4.5,False,69.36,43,reorder_point,1.2,True,43.86,7.7,1.02
2331,FC_PAR2,IXD_PAR,1DC_MAD,SKU_0079,2024-10-28,14,forecast,4.9,False,11.51,13,reorder_point,1.2,False,10.69,5.4,0.822
2332,FC_PAR2,IXD_PAR,1DC_MAD,SKU_0208,2024-10-28,21,forecast,7.5,False,21.04,11,reorder_point,1.1,False,11.02,8.0,1.002
2333,FC_PAR2,IXD_PAR,1DC_MAD,SKU_0025,2024-10-28,228,forecast,4.1,False,58.14,118,reorder_point,0.9,False,30.09,5.2,0.255
2334,FC_BER1,IXD_BER,1DC_MAD,SKU_0178,2024-10-28,16,forecast,11.9,False,7.22,10,reorder_point,2.0,False,4.51,7.4,0.451
2335,FC_BER1,IXD_BER,1DC_MAD,SKU_0229,2024-10-28,233,forecast,4.3,False,210.4,123,reorder_point,0.7,False,111.07,8.7,0.903
2336,FC_BER1,IXD_BER,1DC_MAD,SKU_0073,2024-10-28,53,forecast,8.4,False,30.05,47,reorder_point,2.3,False,26.65,8.5,0.567
2337,FC_MUN1,IXD_PAR,1DC_CDG,SKU_0163,2024-10-28,54,forecast,12.2,False,9.5,49,reorder_point,2.1,False,8.62,9.3,0.176
2338,FC_MUN1,IXD_PAR,1DC_CDG,SKU_0231,2024-10-28,22,forecast,3.8,False,18.68,11,reorder_point,1.3,False,9.34,6.9,0.849
2339,FC_MUN1,IXD_PAR,1DC_CDG,SKU_0152,2024-10-28,89,forecast,3.4,False,46.55,43,reorder_point,1.5,False,22.49,4.8,0.523
2340,FC_MUN1,IXD_PAR,1DC_CDG,SKU_0045,2024-10-28,215,forecast,9.3,False,201.03,127,reorder_point,0.7,False,118.75,6.4,0.935
2341,FC_MUN1,IXD_PAR,1DC_CDG,SKU_0161,2024-10-28,220,forecast,11.6,False,83.6,132,reorder_point,2.6,False,50.16,8.8,0.38
2342,FC_MUN1,IXD_PAR,1DC_CDG,SKU_0162,2024-10-28,84,forecast,6.2,False,42.84,49,reorder_point,1.8,False,24.99,7.0,0.51
2343,FC_MUN1,IXD_PAR,1DC_CDG,SKU_0052,2024-10-28,219,forecast,10.4,False,183.52,116,reorder_point,1.1,False,97.21,5.6,0.838
2344,FC_MUN1,IXD_PAR,1DC_CDG,SKU_0098,2024-10-28,67,forecast,9.7,False,26.0,47,reorder_point,2.4,False,18.24,11.6,0.388
2345,FC_BCN1,IXD_BCN,1DC_BCN,SKU_0064,2024-10-29,21,forecast,4.9,False,19.34,14,reorder_point,1.9,False,12.89,7.3,0.921
2346,FC_BCN1,IXD_BCN,1DC_BCN,SKU_0006,2024-10-29,194,forecast,6.8,False,175.96,138,reorder_point,2.1,False,125.17,8.9,0.907
2347,FC_BCN1,IXD_BCN,1DC_BCN,SKU_0096,2024-10-29,197,forecast,12.7,False,191.88,138,reorder_point,2.7,False,134.41,5.0,0.974
2348,FC_BCN1,IXD_BCN,1DC_BCN,SKU_0109,2024-10-29,60,forecast,5.3,False,21.54,51,reorder_point,1.7,False,18.31,10.2,0.359
2349,FC_BCN2,IXD_BCN,1DC_BCN,SKU_0206,2024-10-29,19,forecast,5.2,True,5.93,12,reorder_point,2.0,False,3.74,4.3,0.312
2350,FC_BCN2,IXD_BCN,1DC_BCN,SKU_0071,2024-10-29,238,forecast,11.1,False,126.14,122,reorder_point,1.4,False,64.66,7.1,0.53
2351,FC_MAD1,IXD_MAD,1DC_MAD,SKU_0138,2024-10-29,74,forecast,5.8,True,71.56,49,reorder_point,1.6,False,47.38,6.2,0.967
2352,FC_MAD1,IXD_MAD,1DC_MAD,SKU_0111,2024-10-29,195,forecast,3.9,False,167.5,123,reorder_point,0.7,True,105.66,5.7,0.859
2353,FC_MAD1,IXD_MAD,1DC_MAD,SKU_0205,2024-10-29,188,forecast,11.8,False,100.02,141,reorder_point,1.6,False,75.01,6.8,0.532
2354,FC_MAD1,IXD_MAD,1DC_MAD,SKU_0084,2024-10-29,49,forecast,6.7,False,23.72,47,reorder_point,2.9,False,22.75,8.7,0.484
2355,FC_MAD1,IXD_MAD,1DC_MAD,SKU_0170,2024-10-29,163,forecast,9.2,False,120.62,114,reorder_point,1.2,False,84.36,10.9,0.74
2356,FC_MAD1,IXD_MAD,1DC_MAD,SKU_0112,2024-10-29,19,forecast,6.6,False,2.22,14,reorder_point,1.2,False,1.64,8.0,0.117
2357,FC_MAD2,IXD_MAD,1DC_MAD,SKU_0201,2024-10-29,66,forecast,12.4,False,66.07,53,reorder_point,1.7,False,53.05,10.4,1.001
2358,FC_MAD2,IXD_MAD,1DC_MAD,SKU_0231,2024-10-29,15,forecast,9.2,True,6.46,13,reorder_point,1.8,False,5.6,10.6,0.431
2359,FC_MAD2,IXD_MAD,1DC_MAD,SKU_0115,2024-10-29,54,forecast,13.5,False,43.52,44,reorder_point,3.0,False,35.46,8.6,0.806
2360,FC_MAD2,IXD_MAD,1DC_MAD,SKU_0126,2024-10-29,178,forecast,4.9,False,129.76,137,reorder_point,1.8,False,99.87,10.1,0.729
2361,FC_PAR1,IXD_PAR,1DC_BCN,SKU_0166,2024-10-29,163,forecast,5.7,False,52.32,138,reorder_point,2.7,False,44.3,9.2,0.321
2362,FC_PAR1,IXD_PAR,1DC_BCN,SKU_0185,2024-10-29,222,forecast,3.2,True,155.62,135,reorder_point,1.6,False,94.63,10.5,0.701
2363,FC_PAR1,IXD_PAR,1DC_BCN,SKU_0022,2024-10-29,23,forecast,9.7,False,23.09,13,reorder_point,2.1,False,13.05,5.8,1.004
2364,FC_PAR1,IXD_PAR,1DC_BCN,SKU_0126,2024-10-29,181,forecast,8.8,False,44.71,109,reorder_point,1.0,False,26.92,11.4,0.247
2365,FC_PAR1,IXD_PAR,1DC_BCN,SKU_0243,2024-10-29,57,forecast,7.6,False,27.25,49,reorder_point,1.0,False,23.42,5.9,0.478
2366,FC_PAR1,IXD_PAR,1DC_BCN,SKU_0190,2024-10-29,78,forecast,5.6,False,42.12,49,reorder_point,0.9,False,26.46,10.3,0.54
2367,FC_PAR2,IXD_PAR,1DC_AMS,SKU_0123,2024-10-29,209,forecast,11.2,True,117.25,139,reorder_point,2.6,False,77.98,7.4,0.561
2368,FC_PAR2,IXD_PAR,1DC_AMS,SKU_0227,2024-10-29,178,forecast,10.4,False,73.51,121,reorder_point,2.9,False,49.97,11.9,0.413
2369,FC_BER1,IXD_BER,1DC_MAD,SKU_0158,2024-10-29,22,forecast,9.1,False,15.69,12,reorder_point,1.7,False,8.56,12.0,0.713
2370,FC_BER1,IXD_BER,1DC_MAD,SKU_0176,2024-10-29,61,forecast,5.6,False,57.83,47,reorder_point,1.3,False,44.56,7.7,0.948
2371,FC_BER1,IXD_BER,1DC_MAD,SKU_0115,2024-10-29,79,forecast,11.7,False,51.98,52,reorder_point,2.9,False,34.22,6.5,0.658
2372,FC_BER1,IXD_BER,1DC_MAD,SKU_0073,2024-10-29,50,forecast,12.6,True,20.4,52,reorder_point,1.6,False,21.22,8.8,0.408
2373,FC_BER1,IXD_BER,1DC_MAD,SKU_0114,2024-10-29,16,forecast,6.3,True,2.53,13,reorder_point,2.4,False,2.05,9.2,0.158
2374,FC_BER1,IXD_BER,1DC_MAD,SKU_0009,2024-10-29,20,forecast,3.5,False,9.14,13,reorder_point,2.5,False,5.94,10.9,0.457
2375,FC_MUN1,IXD_MAD,1DC_BCN,SKU_0075,2024-10-29,78,forecast,6.8,False,21.84,53,reorder_point,1.3,False,14.84,7.4,0.28
2376,FC_MUN1,IXD_MAD,1DC_BCN,SKU_0052,2024-10-29,225,forecast,4.4,False,173.47,143,reorder_point,2.1,False,110.25,9.7,0.771
2377,FC_MUN1,IXD_MAD,1DC_BCN,SKU_0004,2024-10-29,84,forecast,3.4,False,34.27,52,reorder_point,1.9,False,21.22,9.8,0.408
2378,FC_MUN1,IXD_MAD,1DC_BCN,SKU_0193,2024-10-29,76,forecast,12.1,True,52.59,48,reorder_point,2.4,False,33.22,9.0,0.692
2379,FC_MUN1,IXD_MAD,1DC_BCN,SKU_0103,2024-10-29,83,forecast,13.9,False,85.41,41,reorder_point,2.7,False,42.19,8.5,1.029
2380,FC_MUN1,IXD_MAD,1DC_BCN,SKU_0103,2024-10-29,66,forecast,6.4,False,57.02,46,reorder_point,2.8,False,39.74,6.5,0.864
2381,FC_MUN1,IXD_MAD,1DC_BCN,SKU_0105,2024-10-29,187,forecast,10.4,False,90.32,124,reorder_point,2.0,False,59.89,6.7,0.483
2382,FC_BCN1,IXD_BCN,1DC_BCN,SKU_0182,2024-10-30,74,forecast,11.1,False,35.15,45,reorder_point,1.4,False,21.38,5.9,0.475
2383,FC_BCN1,IXD_BCN,1DC_BCN,SKU_0135,2024-10-30,20,forecast,3.7,False,11.92,13,reorder_point,2.2,True,7.75,9.7,0.596
2384,FC_BCN1,IXD_BCN,1DC_BCN,SKU_0233,2024-10-30,16,forecast,3.2,False,4.4,12,reorder_point,1.1,False,3.3,11.0,0.275
2385,FC_BCN2,IXD_BCN,1DC_BCN,SKU_0018,2024-10-30,59,forecast,6.9,False,20.3,41,reorder_point,1.5,True,14.1,6.5,0.344
2386,FC_BCN2,IXD_BCN,1DC_BCN,SKU_0142,2024-10-30,73,forecast,4.0,False,29.13,50,reorder_point,1.3,False,19.95,8.7,0.399
2387,FC_BCN2,IXD_BCN,1DC_BCN,SKU_0078,2024-10-30,22,forecast,3.0,False,22.35,11,reorder_point,0.8,False,11.18,8.4,1.016
2388,FC_MAD1,IXD_MAD,1DC_MAD,SKU_0201,2024-10-30,69,forecast,10.1,False,55.2,53,reorder_point,1.8,False,42.4,5.8,0.8
2389,FC_MAD1,IXD_MAD,1DC_MAD,SKU_0221,2024-10-30,17,forecast,6.4,False,2.99,12,reorder_point,1.3,False,2.11,12.5,0.176
2390,FC_MAD1,IXD_MAD,1DC_MAD,SKU_0173,2024-10-30,15,forecast,4.6,False,13.08,11,reorder_point,2.8,False,9.59,7.7,0.872
2391,FC_MAD2,IXD_MAD,1DC_MAD,SKU_0209,2024-10-30,52,forecast,5.3,False,36.5,47,reorder_point,1.8,False,32.99,7.8,0.702
2392,FC_MAD2,IXD_MAD,1DC_MAD,SKU_0088,2024-10-30,85,forecast,11.9,True,75.99,48,reorder_point,1.3,False,42.91,6.5,0.894
2393,FC_MAD2,IXD_MAD,1DC_MAD,SKU_0020,2024-10-30,231,forecast,13.7,False,110.19,121,reorder_point,1.4,False,57.72,11.2,0.477
2394,FC_MAD2,IXD_MAD,1DC_MAD,SKU_0089,2024-10-30,213,forecast,5.0,False,134.62,141,reorder_point,0.7,False,89.11,6.2,0.632
2395,FC_MAD2,IXD_MAD,1DC_MAD,SKU_0245,2024-10-30,72,forecast,9.0,False,69.55,41,reorder_point,0.6,False,39.61,5.2,0.966
2396,FC_MAD2,IXD_MAD,1DC_MAD,SKU_0049,2024-10-30,59,forecast,10.7,False,41.77,42,reorder_point,2.8,False,29.74,7.8,0.708
2397,FC_PAR1,IXD_PAR,1DC_CDG,SKU_0119,2024-10-30,212,forecast,5.7,False,54.06,109,reorder_point,2.0,False,27.8,9.5,0.255
2398,FC_PAR1,IXD_PAR,1DC_CDG,SKU_0232,2024-10-30,15,forecast,4.0,False,6.48,13,reorder_point,0.7,False,5.62,10.4,0.432
2399,FC_PAR1,IXD_PAR,1DC_CDG,SKU_0165,2024-10-30,17,forecast,5.2,True,9.35,11,reorder_point,1.1,False,6.05,9.0,0.55
2400,FC_PAR1,IXD_PAR,1DC_CDG,SKU_0137,2024-10-30,53,forecast,10.8,False,37.84,48,reorder_point,2.7,False,34.27,7.1,0.714
2401,FC_PAR1,IXD_PAR,1DC_CDG,SKU_0078,2024-10-30,20,forecast,6.4,False,19.72,13,reorder_point,2.3,False,12.82,9.0,0.986
2402,FC_PAR1,IXD_PAR,1DC_CDG,SKU_0031,2024-10-30,81,forecast,11.2,False,77.6,48,reorder_point,0.9,False,45.98,7.0,0.958
2403,FC_PAR2,IXD_PAR,1DC_MUC,SKU_0088,2024-10-30,55,forecast,7.6,False,55.99,53,reorder_point,2.8,False,53.95,13.3,1.018
2404,FC_PAR2,IXD_PAR,1DC_MUC,SKU_0192,2024-10-30,64,forecast,10.0,False,60.16,41,reorder_point,0.6,False,38.54,9.2,0.94
2405,FC_PAR2,IXD_PAR,1DC_MUC,SKU_0180,2024-10-30,210,forecast,10.0,False,126.63,117,reorder_point,2.5,False,70.55,6.7,0.603
2406,FC_PAR2,IXD_PAR,1DC_MUC,SKU_0033,2024-10-30,14,forecast,3.9,False,12.35,12,reorder_point,2.1,False,10.58,8.1,0.882
2407,FC_BER1,IXD_BER,1DC_MUC,SKU_0200,2024-10-30,173,forecast,4.6,False,19.2,130,reorder_point,1.7,False,14.43,7.7,0.111
2408,FC_BER1,IXD_BER,1DC_MUC,SKU_0146,2024-10-30,156,forecast,10.3,False,35.88,141,reorder_point,2.9,False,32.43,5.6,0.23
2409,FC_BER1,IXD_BER,1DC_MUC,SKU_0034,2024-10-30,71,forecast,8.0,False,26.06,42,reorder_point,0.6,False,15.41,6.4,0.367
2410,FC_BER1,IXD_BER,1DC_MUC,SKU_0087,2024-10-30,74,forecast,11.1,False,52.54,43,reorder_point,1.7,False,30.53,5.1,0.71
2411,FC_BER1,IXD_BER,1DC_MUC,SKU_0023,2024-10-30,61,forecast,5.0,False,49.17,41,reorder_point,2.2,False,33.05,10.8,0.806
2412,FC_BER1,IXD_BER,1DC_MUC,SKU_0038,2024-10-30,230,forecast,13.4,False,63.02,137,reorder_point,0.6,False,37.54,7.3,0.274
2413,FC_MUN1,IXD_MAD,1DC_CDG,SKU_0108,2024-10-30,81,forecast,12.3,False,11.5,44,reorder_point,2.9,False,6.25,13.1,0.142
2414,FC_MUN1,IXD_MAD,1DC_CDG,SKU_0149,2024-10-30,50,forecast,12.6,False,24.6,53,reorder_point,2.0,False,26.08,7.9,0.492
2415,FC_BCN1,IXD_BCN,1DC_BCN,SKU_0067,2024-10-31,57,forecast,4.0,False,35.97,48,reorder_point,1.4,False,30.29,8.9,0.631
2416,FC_BCN1,IXD_BCN,1DC_BCN,SKU_0238,2024-10-31,187,forecast,11.0,False,135.2,123,reorder_point,3.0,False,88.93,10.8,0.723
2417,FC_BCN1,IXD_BCN,1DC_BCN,SKU_0061,2024-10-31,139,forecast,7.3,False,26.13,123,reorder_point,0.8,False,23.12,8.7,0.188
2418,FC_BCN1,IXD_BCN,1DC_BCN,SKU_0026,2024-10-31,21,forecast,12.5,False,7.92,10,reorder_point,1.2,False,3.77,8.2,0.377
2419,FC_BCN1,IXD_BCN,1DC_BCN,SKU_0193,2024-10-31,67,forecast,12.7,False,55.61,48,reorder_point,1.0,True,39.84,7.0,0.83
2420,FC_BCN1,IXD_BCN,1DC_BCN,SKU_0220,2024-10-31,239,forecast,9.5,False,195.5,119,reorder_point,1.1,False,97.34,11.2,0.818
2421,FC_BCN1,IXD_BCN,1DC_BCN,SKU_0075,2024-10-31,61,forecast,9.5,False,32.94,44,reorder_point,2.5,False,23.76,9.8,0.54
2422,FC_BCN2,IXD_BCN,1DC_BCN,SKU_0062,2024-10-31,73,forecast,12.7,False,48.47,46,reorder_point,1.0,False,30.54,8.2,0.664
2423,FC_BCN2,IXD_BCN,1DC_BCN,SKU_0187,2024-10-31,58,forecast,10.2,False,42.17,40,reorder_point,1.9,False,29.08,8.6,0.727
2424,FC_BCN2,IXD_BCN,1DC_BCN,SKU_0192,2024-10-31,80,forecast,12.2,False,37.44,49,reorder_point,0.9,False,22.93,6.7,0.468
2425,FC_BCN2,IXD_BCN,1DC_BCN,SKU_0170,2024-10-31,233,forecast,8.9,False,201.31,139,reorder_point,1.8,False,120.1,8.4,0.864
2426,FC_BCN2,IXD_BCN,1DC_BCN,SKU_0135,2024-10-31,15,forecast,5.7,False,9.53,12,reorder_point,1.8,False,7.62,8.5,0.635
2427,FC_BCN2,IXD_BCN,1DC_BCN,SKU_0077,2024-10-31,205,forecast,12.1,False,184.91,122,reorder_point,1.7,True,110.04,9.9,0.902
2428,FC_MAD1,IXD_MAD,1DC_MAD,SKU_0123,2024-10-31,237,forecast,11.1,False,78.45,137,reorder_point,1.7,False,45.35,8.0,0.331
2429,FC_MAD1,IXD_MAD,1DC_MAD,SKU_0163,2024-10-31,57,forecast,13.3,False,45.6,45,reorder_point,2.5,False,36.0,5.7,0.8
2430,FC_MAD1,IXD_MAD,1DC_MAD,SKU_0126,2024-10-31,161,forecast,10.8,False,62.95,111,reorder_point,2.2,False,43.4,5.5,0.391
2431,FC_MAD2,IXD_MAD,1DC_MAD,SKU_0099,2024-10-31,20,forecast,13.8,False,14.38,12,reorder_point,2.4,False,8.63,6.7,0.719
2432,FC_MAD2,IXD_MAD,1DC_MAD,SKU_0109,2024-10-31,59,forecast,5.5,False,51.86,45,reorder_point,1.3,False,39.55,5.9,0.879
2433,FC_MAD2,IXD_MAD,1DC_MAD,SKU_0112,2024-10-31,16,forecast,4.2,False,10.66,12,reorder_point,1.6,False,7.99,11.8,0.666
2434,FC_MAD2,IXD_MAD,1DC_MAD,SKU_0053,2024-10-31,169,forecast,8.5,False,23.32,138,reorder_point,1.5,False,19.04,8.7,0.138
2435,FC_MAD2,IXD_MAD,1DC_MAD,SKU_0195,2024-10-31,79,forecast,9.3,False,70.47,42,reorder_point,2.8,False,37.46,5.5,0.892
2436,FC_MAD2,IXD_MAD,1DC_MAD,SKU_0056,2024-10-31,61,forecast,10.3,False,37.82,45,reorder_point,1.9,False,27.9,8.0,0.62
2437,FC_PAR1,IXD_PAR,1DC_CDG,SKU_0168,2024-10-31,77,forecast,13.5,False,30.8,52,reorder_point,2.9,False,20.8,8.8,0.4
2438,FC_PAR1,IXD_PAR,1DC_CDG,SKU_0002,2024-10-31,52,forecast,12.4,False,32.6,46,reorder_point,1.1,False,28.84,7.4,0.627
2439,FC_PAR1,IXD_PAR,1DC_CDG,SKU_0103,2024-10-31,89,forecast,8.3,False,88.29,44,reorder_point,1.2,False,43.65,7.2,0.992
2440,FC_PAR1,IXD_PAR,1DC_CDG,SKU_0011,2024-10-31,74,forecast,7.8,False,59.27,53,reorder_point,2.6,False,42.45,10.5,0.801
2441,FC_PAR1,IXD_PAR,1DC_CDG,SKU_0127,2024-10-31,14,forecast,9.9,False,9.79,12,reorder_point,2.2,False,8.39,8.0,0.699
2442,FC_PAR2,IXD_PAR,1DC_BCN,SKU_0136,2024-10-31,82,forecast,6.8,False,38.05,48,reorder_point,2.2,False,22.27,8.0,0.464
2443,FC_PAR2,IXD_PAR,1DC_BCN,SKU_0011,2024-10-31,56,forecast,3.9,False,17.81,45,reorder_point,1.3,False,14.31,9.2,0.318
2444,FC_PAR2,IXD_PAR,1DC_BCN,SKU_0063,2024-10-31,84,forecast,10.4,False,21.76,52,reorder_point,1.9,False,13.47,5.1,0.259
2445,FC_PAR2,IXD_PAR,1DC_BCN,SKU_0047,2024-10-31,66,forecast,5.4,False,43.63,45,reorder_point,2.1,False,29.75,8.5,0.661
2446,FC_PAR2,IXD_PAR,1DC_BCN,SKU_0199,2024-10-31,83,forecast,12.1,False,55.61,41,reorder_point,2.5,False,27.47,8.4,0.67
2447,FC_PAR2,IXD_PAR,1DC_BCN,SKU_0026,2024-10-31,19,forecast,3.7,False,7.73,12,reorder_point,0.9,False,4.88,8.4,0.407
2448,FC_PAR2,IXD_PAR,1DC_BCN,SKU_0200,2024-10-31,149,forecast,5.3,False,127.99,141,reorder_point,2.0,False,121.12,9.3,0.859
2449,FC_BER1,IXD_BER,1DC_BCN,SKU_0200,2024-10-31,201,forecast,10.3,False,116.78,123,reorder_point,1.6,False,71.46,6.9,0.581
2450,FC_BER1,IXD_BER,1DC_BCN,SKU_0093,2024-10-31,16,forecast,11.0,False,5.17,13,reorder_point,1.0,False,4.2,12.0,0.323
2451,FC_BER1,IXD_BER,1DC_BCN,SKU_0197,2024-10-31,178,forecast,8.2,False,165.54,120,reorder_point,1.5,False,111.6,11.3,0.93
2452,FC_BER1,IXD_BER,1DC_BCN,SKU_0069,2024-10-31,80,forecast,12.4,True,77.2,45,reorder_point,2.9,False,43.42,7.6,0.965
2453,FC_BER1,IXD_BER,1DC_BCN,SKU_0089,2024-10-31,154,forecast,9.5,False,86.55,143,reorder_point,2.2,False,80.37,11.0,0.562
2454,FC_BER1,IXD_BER,1DC_BCN,SKU_0220,2024-10-31,156,forecast,6.2,False,56.47,116,reorder_point,0.7,False,41.99,7.7,0.362
2455,FC_MUN1,IXD_BER,1DC_BCN,SKU_0091,2024-10-31,233,forecast,8.2,False,137.0,122,reorder_point,0.8,False,71.74,6.8,0.588
2456,FC_MUN1,IXD_BER,1DC_BCN,SKU_0025,2024-10-31,174,forecast,6.6,False,58.81,124,reorder_point,2.0,False,41.91,6.2,0.338
2457,FC_MUN1,IXD_BER,1DC_BCN,SKU_0038,2024-10-31,189,forecast,13.6,False,110.75,108,reorder_point,2.4,False,63.29,9.3,0.586
2458,FC_BCN1,IXD_BCN,1DC_BCN,SKU_0078,2024-11-01,22,forecast,7.0,False,21.96,13,reorder_point,1.5,False,12.97,5.2,0.998
2459,FC_BCN1,IXD_BCN,1DC_BCN,SKU_0136,2024-11-01,80,forecast,5.9,False,84.96,50,reorder_point,1.5,False,53.1,8.4,1.062
2460,FC_BCN1,IXD_BCN,1DC_BCN,SKU_0078,2024-11-01,17,forecast,6.3,False,9.27,11,reorder_point,2.5,False,6.0,5.9,0.545
2461,FC_BCN1,IXD_BCN,1DC_BCN,SKU_0184,2024-11-01,142,forecast,11.0,False,31.81,129,reorder_point,2.3,False,28.9,6.8,0.224
2462,FC_BCN1,IXD_BCN,1DC_BCN,SKU_0090,2024-11-01,78,forecast,9.3,False,36.89,47,reorder_point,1.0,False,22.23,3.9,0.473
2463,FC_BCN1,IXD_BCN,1DC_BCN,SKU_0197,2024-11-01,175,forecast,4.3,True,22.93,129,reorder_point,1.5,True,16.9,6.1,0.131
2464,FC_BCN2,IXD_BCN,1DC_BCN,SKU_0011,2024-11-01,80,forecast,7.8,True,54.0,45,reorder_point,1.9,False,30.38,9.1,0.675
2465,FC_BCN2,IXD_BCN,1DC_BCN,SKU_0126,2024-11-01,190,forecast,10.7,False,161.31,127,reorder_point,1.3,False,107.82,9.4,0.849
2466,FC_BCN2,IXD_BCN,1DC_BCN,SKU_0094,2024-11-01,72,forecast,11.6,False,36.14,50,reorder_point,2.8,False,25.1,7.9,0.502
2467,FC_BCN2,IXD_BCN,1DC_BCN,SKU_0064,2024-11-01,17,forecast,5.2,False,8.64,14,reorder_point,1.4,False,7.11,7.1,0.508
2468,FC_BCN2,IXD_BCN,1DC_BCN,SKU_0126,2024-11-01,138,forecast,4.4,False,45.54,115,reorder_point,2.4,False,37.95,10.2,0.33
2469,FC_BCN2,IXD_BCN,1DC_BCN,SKU_0089,2024-11-01,220,forecast,11.3,False,130.24,110,reorder_point,1.0,False,65.12,9.8,0.592
2470,FC_BCN2,IXD_BCN,1DC_BCN,SKU_0080,2024-11-01,23,forecast,5.5,False,20.06,13,reorder_point,1.1,False,11.34,7.7,0.872
2471,FC_BCN2,IXD_BCN,1DC_BCN,SKU_0146,2024-11-01,176,forecast,11.5,False,188.85,142,reorder_point,1.2,False,152.37,9.5,1.073
2472,FC_MAD1,IXD_MAD,1DC_MAD,SKU_0003,2024-11-01,76,forecast,13.1,False,71.67,43,reorder_point,1.4,False,40.55,11.4,0.943
2473,FC_MAD1,IXD_MAD,1DC_MAD,SKU_0144,2024-11-01,219,forecast,7.3,True,218.34,114,reorder_point,2.6,False,113.66,10.4,0.997
2474,FC_MAD1,IXD_MAD,1DC_MAD,SKU_0121,2024-11-01,82,forecast,13.4,False,70.85,51,reorder_point,0.9,False,44.06,8.4,0.864
2475,FC_MAD1,IXD_MAD,1DC_MAD,SKU_0100,2024-11-01,66,forecast,9.4,False,47.98,42,reorder_point,0.8,False,30.53,8.7,0.727
2476,FC_MAD1,IXD_MAD,1DC_MAD,SKU_0043,2024-11-01,16,forecast,4.7,False,10.35,14,reorder_point,2.0,False,9.06,7.8,0.647
2477,FC_MAD1,IXD_MAD,1DC_MAD,SKU_0207,2024-11-01,89,forecast,12.3,False,64.88,52,reorder_point,1.5,False,37.91,6.6,0.729
2478,FC_MAD1,IXD_MAD,1DC_MAD,SKU_0070,2024-11-01,64,forecast,7.1,False,65.6,45,reorder_point,2.5,False,46.12,12.7,1.025
2479,FC_MAD2,IXD_MAD,1DC_MAD,SKU_0134,2024-11-01,53,forecast,11.5,False,15.26,51,reorder_point,2.8,False,14.69,9.4,0.288
2480,FC_MAD2,IXD_MAD,1DC_MAD,SKU_0248,2024-11-01,50,forecast,6.7,True,39.5,47,reorder_point,2.1,False,37.13,12.5,0.79
2481,FC_PAR1,IXD_PAR,1DC_BCN,SKU_0215,2024-11-01,88,forecast,7.7,False,42.42,41,reorder_point,2.4,False,19.76,7.8,0.482
2482,FC_PAR1,IXD_PAR,1DC_BCN,SKU_0035,2024-11-01,149,forecast,13.4,False,160.17,126,reorder_point,1.0,False,135.45,8.5,1.075
2483,FC_PAR1,IXD_PAR,1DC_BCN,SKU_0231,2024-11-01,14,forecast,5.0,False,6.93,11,reorder_point,1.5,False,5.45,4.8,0.495
2484,FC_PAR1,IXD_PAR,1DC_BCN,SKU_0075,2024-11-01,68,forecast,8.3,False,36.38,40,reorder_point,1.6,False,21.4,8.3,0.535
2485,FC_PAR1,IXD_PAR,1DC_BCN,SKU_0249,2024-11-01,71,forecast,11.5,False,11.79,50,reorder_point,1.4,False,8.3,6.9,0.166
2486,FC_PAR2,IXD_PAR,1DC_AMS,SKU_0246,2024-11-01,142,forecast,4.6,False,107.49,126,reorder_point,1.8,False,95.38,6.2,0.757
2487,FC_PAR2,IXD_PAR,1DC_AMS,SKU_0027,2024-11-01,18,forecast,12.0,False,16.13,11,reorder_point,2.6,False,9.86,10.0,0.896
2488,FC_PAR2,IXD_PAR,1DC_AMS,SKU_0066,2024-11-01,74,forecast,8.1,False,74.44,48,reorder_point,1.5,False,48.29,6.3,1.006
2489,FC_BER1,IXD_BER,1DC_BCN,SKU_0175,2024-11-01,134,forecast,11.6,False,15.41,136,reorder_point,0.6,False,15.64,8.0,0.115
2490,FC_BER1,IXD_BER,1DC_BCN,SKU_0077,2024-11-01,146,forecast,12.0,False,32.56,133,reorder_point,2.0,False,29.66,6.5,0.223
2491,FC_BER1,IXD_BER,1DC_BCN,SKU_0018,2024-11-01,79,forecast,7.1,False,44.4,43,reorder_point,3.0,False,24.17,5.0,0.562
2492,FC_BER1,IXD_BER,1DC_BCN,SKU_0045,2024-11-01,144,forecast,6.7,False,34.42,129,reorder_point,2.1,False,30.83,11.3,0.239
2493,FC_BER1,IXD_BER,1DC_BCN,SKU_0224,2024-11-01,168,forecast,4.9,False,135.74,113,reorder_point,0.8,False,91.3,8.9,0.808
2494,FC_BER1,IXD_BER,1DC_BCN,SKU_0117,2024-11-01,17,forecast,6.0,True,14.84,13,reorder_point,2.8,False,11.35,8.3,0.873
2495,FC_MUN1,IXD_PAR,1DC_MUC,SKU_0194,2024-11-01,186,forecast,6.3,False,79.24,130,reorder_point,0.7,False,55.38,4.9,0.426
2496,FC_MUN1,IXD_PAR,1DC_MUC,SKU_0022,2024-11-01,18,forecast,6.7,False,4.0,12,reorder_point,2.4,False,2.66,9.7,0.222
2497,FC_MUN1,IXD_PAR,1DC_MUC,SKU_0225,2024-11-01,56,forecast,3.9,True,24.08,51,reorder_point,0.7,False,21.93,8.5,0.43
2498,FC_BCN1,IXD_BCN,1DC_BCN,SKU_0244,2024-11-02,75,forecast,10.8,False,72.15,40,reorder_point,1.1,False,38.48,9.3,0.962
2499,FC_BCN1,IXD_BCN,1DC_BCN,SKU_0117,2024-11-02,14,forecast,13.2,False,2.2,12,reorder_point,0.6,True,1.88,6.8,0.157
2500,FC_BCN1,IXD_BCN,1DC_BCN,SKU_0147,2024-11-02,164,forecast,4.4,False,80.69,133,reorder_point,0.5,False,65.44,9.5,0.492
2501,FC_BCN1,IXD_BCN,1DC_BCN,SKU_0139,2024-11-02,82,forecast,11.4,False,53.87,48,reorder_point,1.0,False,31.54,7.7,0.657
2502,FC_BCN1,IXD_BCN,1DC_BCN,SKU_0196,2024-11-02,221,forecast,8.0,False,71.6,123,reorder_point,0.7,False,39.85,8.2,0.324
2503,FC_BCN1,IXD_BCN,1DC_BCN,SKU_0084,2024-11-02,87,forecast,10.2,False,15.66,48,reorder_point,2.3,False,8.64,7.9,0.18
2504,FC_BCN2,IXD_BCN,1DC_BCN,SKU_0121,2024-11-02,80,forecast,3.5,False,65.84,44,reorder_point,2.5,False,36.21,7.4,0.823
2505,FC_BCN2,IXD_BCN,1DC_BCN,SKU_0116,2024-11-02,167,forecast,11.3,False,63.63,143,reorder_point,3.0,False,54.48,8.8,0.381
2506,FC_BCN2,IXD_BCN,1DC_BCN,SKU_0137,2024-11-02,84,forecast,9.5,False,18.23,53,reorder_point,2.3,False,11.5,7.0,0.217
2507,FC_BCN2,IXD_BCN,1DC_BCN,SKU_0024,2024-11-02,239,forecast,7.3,False,236.85,138,reorder_point,0.9,False,136.76,5.6,0.991
2508,FC_BCN2,IXD_BCN,1DC_BCN,SKU_0093,2024-11-02,22,forecast,10.9,False,3.32,12,reorder_point,2.6,False,1.81,6.5,0.151
2509,FC_BCN2,IXD_BCN,1DC_BCN,SKU_0245,2024-11-02,89,forecast,8.2,False,54.47,46,reorder_point,1.2,False,28.15,6.8,0.612
2510,FC_BCN2,IXD_BCN,1DC_BCN,SKU_0203,2024-11-02,67,forecast,4.8,False,72.96,43,reorder_point,1.8,False,46.83,9.5,1.089
2511,FC_BCN2,IXD_BCN,1DC_BCN,SKU_0007,2024-11-02,21,forecast,9.4,False,19.8,11,reorder_point,2.2,False,10.37,7.4,0.943
2512,FC_MAD1,IXD_MAD,1DC_MAD,SKU_0186,2024-11-02,73,forecast,9.6,False,23.21,53,reorder_point,2.3,False,16.85,10.0,0.318
2513,FC_MAD1,IXD_MAD,1DC_MAD,SKU_0034,2024-11-02,87,forecast,11.6,False,41.32,48,reorder_point,2.7,False,22.8,10.0,0.475
2514,FC_MAD1,IXD_MAD,1DC_MAD,SKU_0011,2024-11-02,80,forecast,5.3,False,45.44,51,reorder_point,0.9,False,28.97,7.3,0.568
2515,FC_MAD1,IXD_MAD,1DC_MAD,SKU_0048,2024-11-02,226,forecast,11.9,False,103.51,110,reorder_point,2.5,False,50.38,7.3,0.458
2516,FC_MAD1,IXD_MAD,1DC_MAD,SKU_0034,2024-11-02,71,forecast,7.6,False,53.46,51,reorder_point,1.5,False,38.4,9.0,0.753
2517,FC_MAD2,IXD_MAD,1DC_MAD,SKU_0074,2024-11-02,15,forecast,5.6,False,5.28,13,reorder_point,0.6,False,4.58,5.4,0.352
2518,FC_MAD2,IXD_MAD,1DC_MAD,SKU_0098,2024-11-02,50,forecast,7.4,False,33.3,40,reorder_point,2.6,False,26.64,5.7,0.666
2519,FC_MAD2,IXD_MAD,1DC_MAD,SKU_0250,2024-11-02,15,forecast,5.5,False,7.38,12,reorder_point,1.4,False,5.9,7.3,0.492
2520,FC_PAR1,IXD_PAR,1DC_BCN,SKU_0079,2024-11-02,14,forecast,8.6,False,13.45,13,reorder_point,0.6,False,12.49,10.4,0.961
2521,FC_PAR1,IXD_PAR,1DC_BCN,SKU_0068,2024-11-02,59,forecast,12.7,False,40.06,44,reorder_point,1.7,False,29.88,8.5,0.679
2522,FC_PAR1,IXD_PAR,1DC_BCN,SKU_0193,2024-11-02,80,forecast,8.7,True,19.44,42,reorder_point,1.4,False,10.21,9.4,0.243
2523,FC_PAR1,IXD_PAR,1DC_BCN,SKU_0206,2024-11-02,13,forecast,5.7,False,8.54,13,reorder_point,1.3,False,8.54,8.3,0.657
2524,FC_PAR1,IXD_PAR,1DC_BCN,SKU_0249,2024-11-02,88,forecast,9.1,False,12.5,46,reorder_point,1.5,False,6.53,8.9,0.142
2525,FC_PAR1,IXD_PAR,1DC_BCN,SKU_0185,2024-11-02,195,forecast,4.4,False,159.31,139,reorder_point,2.8,True,113.56,10.5,0.817
2526,FC_PAR2,IXD_PAR,1DC_CDG,SKU_0103,2024-11-02,88,forecast,13.1,False,50.34,50,reorder_point,2.2,False,28.6,7.0,0.572
2527,FC_PAR2,IXD_PAR,1DC_CDG,SKU_0135,2024-11-02,21,forecast,4.8,False,8.61,12,reorder_point,2.6,False,4.92,8.5,0.41
2528,FC_PAR2,IXD_PAR,1DC_CDG,SKU_0093,2024-11-02,21,forecast,4.9,False,8.4,12,reorder_point,2.2,False,4.8,9.6,0.4
2529,FC_PAR2,IXD_PAR,1DC_CDG,SKU_0110,2024-11-02,49,forecast,5.1,False,13.67,48,reorder_point,0.5,True,13.39,7.2,0.279
2530,FC_PAR2,IXD_PAR,1DC_CDG,SKU_0125,2024-11-02,62,forecast,10.5,False,46.87,40,reorder_point,2.2,False,30.24,11.0,0.756
2531,FC_PAR2,IXD_PAR,1DC_CDG,SKU_0001,2024-11-02,140,forecast,12.8,False,106.26,121,reorder_point,1.2,False,91.84,6.0,0.759
2532,FC_BER1,IXD_BER,1DC_MAD,SKU_0223,2024-11-02,85,forecast,7.5,False,16.83,46,reorder_point,2.1,True,9.11,8.0,0.198
2533,FC_BER1,IXD_BER,1DC_MAD,SKU_0044,2024-11-02,65,forecast,10.5,False,41.27,44,reorder_point,2.6,False,27.94,8.4,0.635
2534,FC_MUN1,IXD_PAR,1DC_CDG,SKU_0139,2024-11-02,87,forecast,11.9,False,21.05,48,reorder_point,1.4,False,11.62,7.9,0.242
2535,FC_MUN1,IXD_PAR,1DC_CDG,SKU_0061,2024-11-02,206,forecast,5.4,False,222.07,131,reorder_point,1.6,False,141.22,9.6,1.078
2536,FC_MUN1,IXD_PAR,1DC_CDG,SKU_0040,2024-11-02,156,forecast,7.4,True,31.2,134,reorder_point,1.8,False,26.8,7.3,0.2
2537,FC_MUN1,IXD_PAR,1DC_CDG,SKU_0163,2024-11-02,68,forecast,4.1,True,15.78,41,reorder_point,1.6,False,9.51,9.7,0.232
2538,FC_MUN1,IXD_PAR,1DC_CDG,SKU_0159,2024-11-02,54,forecast,3.8,False,44.33,42,reorder_point,1.9,False,34.48,6.8,0.821
2539,FC_MUN1,IXD_PAR,1DC_CDG,SKU_0033,2024-11-02,15,forecast,10.8,False,8.65,12,reorder_point,0.5,False,6.92,7.8,0.577
2540,FC_MUN1,IXD_PAR,1DC_CDG,SKU_0088,2024-11-02,69,forecast,9.5,False,69.97,47,reorder_point,2.8,False,47.66,7.5,1.014
2541,FC_BCN1,IXD_BCN,1DC_BCN,SKU_0032,2024-11-03,140,forecast,12.3,False,79.38,131,reorder_point,0.7,False,74.28,12.3,0.567
2542,FC_BCN1,IXD_BCN,1DC_BCN,SKU_0213,2024-11-03,23,forecast,6.3,False,9.18,14,reorder_point,2.9,False,5.59,7.9,0.399
2543,FC_BCN1,IXD_BCN,1DC_BCN,SKU_0208,2024-11-03,18,forecast,5.6,False,3.06,12,reorder_point,1.4,False,2.04,9.7,0.17
2544,FC_BCN1,IXD_BCN,1DC_BCN,SKU_0077,2024-11-03,202,forecast,13.5,False,206.85,140,reorder_point,2.3,False,143.36,7.9,1.024
2545,FC_BCN1,IXD_BCN,1DC_BCN,SKU_0112,2024-11-03,20,forecast,8.1,False,19.2,13,reorder_point,1.2,False,12.48,9.7,0.96
2546,FC_BCN1,IXD_BCN,1DC_BCN,SKU_0160,2024-11-03,22,forecast,8.7,False,9.64,14,reorder_point,1.4,False,6.13,12.0,0.438
2547,FC_BCN1,IXD_BCN,1DC_BCN,SKU_0104,2024-11-03,213,forecast,12.4,False,31.31,126,reorder_point,2.2,False,18.52,10.7,0.147
2548,FC_BCN1,IXD_BCN,1DC_BCN,SKU_0207,2024-11-03,58,forecast,13.2,False,55.91,49,reorder_point,0.8,False,47.24,11.8,0.964
2549,FC_BCN2,IXD_BCN,1DC_BCN,SKU_0161,2024-11-03,135,forecast,3.5,False,52.38,129,reorder_point,1.5,False,50.05,8.8,0.388
2550,FC_BCN2,IXD_BCN,1DC_BCN,SKU_0043,2024-11-03,17,forecast,10.6,False,4.32,13,reorder_point,0.8,False,3.3,10.3,0.254
2551,FC_MAD1,IXD_MAD,1DC_MAD,SKU_0057,2024-11-03,66,forecast,9.6,True,66.79,50,reorder_point,2.3,False,50.6,10.9,1.012
2552,FC_MAD1,IXD_MAD,1DC_MAD,SKU_0174,2024-11-03,16,forecast,8.1,False,4.51,13,reorder_point,2.4,False,3.67,4.2,0.282
2553,FC_MAD2,IXD_MAD,1DC_MAD,SKU_0234,2024-11-03,13,forecast,8.4,False,4.76,12,reorder_point,2.9,True,4.39,9.2,0.366
2554,FC_MAD2,IXD_MAD,1DC_MAD,SKU_0236,2024-11-03,74,forecast,5.5,False,66.67,48,reorder_point,3.0,False,43.25,8.5,0.901
2555,FC_MAD2,IXD_MAD,1DC_MAD,SKU_0042,2024-11-03,14,forecast,8.9,False,14.17,13,reorder_point,2.4,False,13.16,6.5,1.012
2556,FC_MAD2,IXD_MAD,1DC_MAD,SKU_0124,2024-11-03,81,forecast,11.8,False,21.79,45,reorder_point,2.7,True,12.11,6.7,0.269
2557,FC_PAR1,IXD_PAR,1DC_AMS,SKU_0234,2024-11-03,14,forecast,6.3,False,1.62,11,reorder_point,1.3,False,1.28,9.2,0.116
2558,FC_PAR1,IXD_PAR,1DC_AMS,SKU_0010,2024-11-03,77,forecast,10.0,False,57.37,51,reorder_point,1.5,False,37.99,10.8,0.745
2559,FC_PAR1,IXD_PAR,1DC_AMS,SKU_0078,2024-11-03,14,forecast,8.5,False,5.38,13,reorder_point,1.3,False,4.99,11.1,0.384
2560,FC_PAR1,IXD_PAR,1DC_AMS,SKU_0165,2024-11-03,15,forecast,7.4,False,8.0,11,reorder_point,2.3,False,5.86,7.4,0.533
2561,FC_PAR1,IXD_PAR,1DC_AMS,SKU_0244,2024-11-03,64,forecast,12.5,False,7.62,43,reorder_point,1.0,False,5.12,7.8,0.119
2562,FC_PAR1,IXD_PAR,1DC_AMS,SKU_0082,2024-11-03,84,forecast,11.1,False,23.1,52,reorder_point,2.5,False,14.3,6.8,0.275
2563,FC_PAR1,IXD_PAR,1DC_AMS,SKU_0121,2024-11-03,72,forecast,5.4,False,74.45,43,reorder_point,2.5,False,44.46,9.6,1.034
2564,FC_PAR1,IXD_PAR,1DC_AMS,SKU_0060,2024-11-03,161,forecast,5.7,False,84.2,132,reorder_point,0.6,False,69.04,7.6,0.523
2565,FC_PAR2,IXD_PAR,1DC_MAD,SKU_0046,2024-11-03,14,forecast,11.3,False,2.17,10,reorder_point,1.9,False,1.55,8.1,0.155
2566,FC_PAR2,IXD_PAR,1DC_MAD,SKU_0059,2024-11-03,169,forecast,6.6,True,33.12,109,reorder_point,1.1,False,21.36,6.6,0.196
2567,FC_PAR2,IXD_PAR,1DC_MAD,SKU_0008,2024-11-03,69,forecast,4.0,False,50.65,44,reorder_point,2.6,False,32.3,4.5,0.734
2568,FC_PAR2,IXD_PAR,1DC_MAD,SKU_0179,2024-11-03,13,forecast,4.7,False,6.41,13,reorder_point,2.2,False,6.41,6.0,0.493
2569,FC_PAR2,IXD_PAR,1DC_MAD,SKU_0019,2024-11-03,52,forecast,9.8,False,54.13,45,reorder_point,0.7,False,46.84,5.2,1.041
2570,FC_PAR2,IXD_PAR,1DC_MAD,SKU_0198,2024-11-03,187,forecast,9.5,False,187.56,137,reorder_point,2.3,False,137.41,8.3,1.003
2571,FC_PAR2,IXD_PAR,1DC_MAD,SKU_0090,2024-11-03,78,forecast,5.5,False,44.46,48,reorder_point,1.1,False,27.36,11.1,0.57
2572,FC_PAR2,IXD_PAR,1DC_MAD,SKU_0086,2024-11-03,20,forecast,12.4,False,10.64,12,reorder_point,0.8,False,6.38,9.7,0.532
2573,FC_BER1,IXD_BER,1DC_BCN,SKU_0246,2024-11-03,187,forecast,10.1,False,176.72,122,reorder_point,0.5,False,115.29,9.8,0.945
2574,FC_BER1,IXD_BER,1DC_BCN,SKU_0020,2024-11-03,204,forecast,12.6,False,47.12,140,reorder_point,2.3,False,32.34,9.8,0.231
2575,FC_BER1,IXD_BER,1DC_BCN,SKU_0224,2024-11-03,216,forecast,8.0,False,129.82,119,reorder_point,1.2,False,71.52,6.4,0.601
2576,FC_MUN1,IXD_PAR,1DC_AMS,SKU_0115,2024-11-03,68,forecast,3.9,False,70.24,43,reorder_point,2.9,True,44.42,6.9,1.033
2577,FC_MUN1,IXD_PAR,1DC_AMS,SKU_0011,2024-11-03,79,forecast,9.5,False,65.81,41,reorder_point,1.2,False,34.15,8.1,0.833
2578,FC_MUN1,IXD_PAR,1DC_AMS,SKU_0154,2024-11-03,148,forecast,12.1,False,56.39,128,reorder_point,1.8,False,48.77,5.0,0.381
2579,FC_MUN1,IXD_PAR,1DC_AMS,SKU_0250,2024-11-03,22,forecast,10.2,False,18.35,11,reorder_point,1.8,False,9.17,5.7,0.834
2580,FC_MUN1,IXD_PAR,1DC_AMS,SKU_0023,2024-11-03,70,forecast,10.5,False,9.45,53,reorder_point,0.6,False,7.16,8.4,0.135
2581,FC_MUN1,IXD_PAR,1DC_AMS,SKU_0152,2024-11-03,64,forecast,13.9,False,67.14,47,reorder_point,0.9,False,49.3,8.2,1.049
2582,FC_BCN1,IXD_BCN,1DC_BCN,SKU_0125,2024-11-04,55,forecast,3.0,False,21.45,47,reorder_point,2.2,False,18.33,8.5,0.39
2583,FC_BCN1,IXD_BCN,1DC_BCN,SKU_0040,2024-11-04,200,forecast,8.0,False,211.8,118,reorder_point,1.7,False,124.96,8.0,1.059
2584,FC_BCN1,IXD_BCN,1DC_BCN,SKU_0057,2024-11-04,51,forecast,7.4,False,55.54,52,reorder_point,2.4,False,56.63,5.4,1.089
2585,FC_BCN1,IXD_BCN,1DC_BCN,SKU_0096,2024-11-04,143,forecast,5.8,False,51.91,129,reorder_point,1.0,False,46.83,10.1,0.363
2586,FC_BCN1,IXD_BCN,1DC_BCN,SKU_0010,2024-11-04,87,forecast,7.2,False,38.11,46,reorder_point,1.4,False,20.15,9.4,0.438
2587,FC_BCN1,IXD_BCN,1DC_BCN,SKU_0126,2024-11-04,228,forecast,3.9,False,250.12,123,reorder_point,1.4,False,134.93,7.3,1.097
2588,FC_BCN1,IXD_BCN,1DC_BCN,SKU_0064,2024-11-04,23,forecast,4.0,True,5.68,13,reorder_point,1.6,False,3.21,9.9,0.247
2589,FC_BCN2,IXD_BCN,1DC_BCN,SKU_0009,2024-11-04,14,forecast,8.8,False,8.15,12,reorder_point,2.4,False,6.98,8.9,0.582
2590,FC_BCN2,IXD_BCN,1DC_BCN,SKU_0062,2024-11-04,50,forecast,5.2,False,13.05,49,reorder_point,1.7,False,12.79,5.7,0.261
2591,FC_BCN2,IXD_BCN,1DC_BCN,SKU_0107,2024-11-04,53,forecast,6.1,False,25.17,42,reorder_point,2.6,False,19.95,8.0,0.475
2592,FC_BCN2,IXD_BCN,1DC_BCN,SKU_0210,2024-11-04,61,forecast,6.5,False,37.03,53,reorder_point,1.2,False,32.17,7.7,0.607
2593,FC_BCN2,IXD_BCN,1DC_BCN,SKU_0191,2024-11-04,209,forecast,10.3,False,129.58,127,reorder_point,1.0,False,78.74,6.9,0.62
2594,FC_BCN2,IXD_BCN,1DC_BCN,SKU_0123,2024-11-04,146,forecast,7.2,False,50.95,108,reorder_point,2.5,False,37.69,9.7,0.349
2595,FC_BCN2,IXD_BCN,1DC_BCN,SKU_0057,2024-11-04,80,forecast,3.7,True,86.88,41,reorder_point,1.1,False,44.53,7.0,1.086
2596,FC_MAD1,IXD_MAD,1DC_MAD,SKU_0178,2024-11-04,23,forecast,6.1,False,25.07,12,reorder_point,2.9,False,13.08,12.5,1.09
2597,FC_MAD1,IXD_MAD,1DC_MAD,SKU_0106,2024-11-04,80,forecast,4.7,False,34.96,49,reorder_point,1.4,False,21.41,8.8,0.437
2598,FC_MAD1,IXD_MAD,1DC_MAD,SKU_0116,2024-11-04,216,forecast,10.0,True,215.35,113,reorder_point,1.1,False,112.66,7.5,0.997
2599,FC_MAD1,IXD_MAD,1DC_MAD,SKU_0074,2024-11-04,13,forecast,7.2,False,8.05,13,reorder_point,2.9,False,8.05,6.8,0.619
2600,FC_MAD1,IXD_MAD,1DC_MAD,SKU_0189,2024-11-04,51,forecast,5.9,False,50.13,51,reorder_point,0.9,False,50.13,10.5,0.983
2601,FC_MAD2,IXD_MAD,1DC_MAD,SKU_0087,2024-11-04,52,forecast,7.4,True,33.96,47,reorder_point,0.8,False,30.69,6.7,0.653
2602,FC_MAD2,IXD_MAD,1DC_MAD,SKU_0198,2024-11-04,161,forecast,10.0,True,68.59,128,reorder_point,2.5,False,54.53,7.5,0.426
2603,FC_PAR1,IXD_PAR,1DC_AMS,SKU_0157,2024-11-04,16,forecast,9.1,False,5.76,13,reorder_point,1.3,False,4.68,10.5,0.36
2604,FC_PAR1,IXD_PAR,1DC_AMS,SKU_0143,2024-11-04,14,forecast,8.9,False,4.69,11,reorder_point,0.7,False,3.69,11.0,0.335
2605,FC_PAR1,IXD_PAR,1DC_AMS,SKU_0020,2024-11-04,164,forecast,3.5,False,127.76,138,reorder_point,2.7,False,107.5,9.5,0.779
2606,FC_PAR1,IXD_PAR,1DC_AMS,SKU_0162,2024-11-04,73,forecast,4.3,False,37.16,42,reorder_point,2.4,False,21.38,8.7,0.509
2607,FC_PAR1,IXD_PAR,1DC_AMS,SKU_0099,2024-11-04,14,forecast,5.9,False,12.81,13,reorder_point,2.7,False,11.89,8.4,0.915
2608,FC_PAR2,IXD_PAR,1DC_MUC,SKU_0188,2024-11-04,62,forecast,13.4,False,36.33,49,reorder_point,0.9,False,28.71,5.1,0.586
2609,FC_PAR2,IXD_PAR,1DC_MUC,SKU_0144,2024-11-04,191,forecast,11.5,False,117.66,142,reorder_point,1.1,False,87.47,11.0,0.616
2610,FC_PAR2,IXD_PAR,1DC_MUC,SKU_0029,2024-11-04,233,forecast,14.0,False,238.13,111,reorder_point,0.5,False,113.44,10.2,1.022
2611,FC_BER1,IXD_BER,1DC_BCN,SKU_0081,2024-11-04,20,forecast,7.9,False,16.9,10,reorder_point,1.3,True,8.45,8.4,0.845
2612,FC_BER1,IXD_BER,1DC_BCN,SKU_0203,2024-11-04,51,forecast,14.0,False,31.98,41,reorder_point,2.2,False,25.71,8.6,0.627
2613,FC_BER1,IXD_BER,1DC_BCN,SKU_0018,2024-11-04,50,forecast,4.2,False,12.6,45,reorder_point,2.8,False,11.34,4.2,0.252
2614,FC_MUN1,IXD_PAR,1DC_AMS,SKU_0069,2024-11-04,81,forecast,8.0,False,29.65,43,reorder_point,2.6,False,15.74,9.2,0.366
2615,FC_MUN1,IXD_PAR,1DC_AMS,SKU_0159,2024-11-04,74,forecast,9.7,False,36.48,46,reorder_point,2.0,False,22.68,6.3,0.493
2616,FC_MUN1,IXD_PAR,1DC_AMS,SKU_0249,2024-11-04,89,forecast,6.2,False,83.04,49,reorder_point,2.9,False,45.72,6.7,0.933
2617,FC_MUN1,IXD_PAR,1DC_AMS,SKU_0005,2024-11-04,156,forecast,7.7,False,159.9,120,reorder_point,2.9,False,123.0,6.9,1.025
2618,FC_MUN1,IXD_PAR,1DC_AMS,SKU_0102,2024-11-04,15,forecast,10.5,True,6.48,10,reorder_point,1.8,False,4.32,7.9,0.432
2619,FC_MUN1,IXD_PAR,1DC_AMS,SKU_0105,2024-11-04,216,forecast,4.8,False,134.14,109,reorder_point,2.8,True,67.69,8.2,0.621
2620,FC_BCN1,IXD_BCN,1DC_BCN,SKU_0154,2024-11-05,164,forecast,9.2,False,99.88,130,reorder_point,2.5,False,79.17,10.0,0.609
2621,FC_BCN1,IXD_BCN,1DC_BCN,SKU_0133,2024-11-05,52,forecast,3.1,False,29.59,45,reorder_point,0.8,False,25.6,10.2,0.569
2622,FC_BCN1,IXD_BCN,1DC_BCN,SKU_0193,2024-11-05,52,forecast,8.3,False,52.36,52,reorder_point,2.1,False,52.36,7.6,1.007
2623,FC_BCN1,IXD_BCN,1DC_BCN,SKU_0153,2024-11-05,153,forecast,5.2,False,103.12,109,reorder_point,1.8,False,73.47,10.0,0.674
2624,FC_BCN1,IXD_BCN,1DC_BCN,SKU_0195,2024-11-05,66,forecast,3.6,True,25.54,48,reorder_point,0.9,False,18.58,7.2,0.387
2625,FC_BCN2,IXD_BCN,1DC_BCN,SKU_0242,2024-11-05,236,forecast,6.9,False,180.3,123,reorder_point,1.2,False,93.97,7.4,0.764
2626,FC_BCN2,IXD_BCN,1DC_BCN,SKU_0187,2024-11-05,65,forecast,10.7,False,37.7,53,reorder_point,1.1,False,30.74,6.6,0.58
2627,FC_MAD1,IXD_MAD,1DC_MAD,SKU_0007,2024-11-05,22,forecast,11.0,False,15.09,14,reorder_point,2.7,False,9.6,7.5,0.686
2628,FC_MAD1,IXD_MAD,1DC_MAD,SKU_0047,2024-11-05,65,forecast,7.4,False,46.34,50,reorder_point,2.3,False,35.65,11.1,0.713
2629,FC_MAD1,IXD_MAD,1DC_MAD,SKU_0166,2024-11-05,221,forecast,5.6,False,82.43,115,reorder_point,1.9,False,42.9,4.9,0.373
2630,FC_MAD1,IXD_MAD,1DC_MAD,SKU_0127,2024-11-05,20,forecast,4.7,False,18.92,13,reorder_point,2.5,False,12.3,10.2,0.946
2631,FC_MAD1,IXD_MAD,1DC_MAD,SKU_0097,2024-11-05,22,forecast,13.7,False,4.22,13,reorder_point,2.7,False,2.5,7.0,0.192
2632,FC_MAD1,IXD_MAD,1DC_MAD,SKU_0180,2024-11-05,140,forecast,13.2,False,81.48,128,reorder_point,2.5,False,74.5,9.8,0.582
2633,FC_MAD1,IXD_MAD,1DC_MAD,SKU_0156,2024-11-05,65,forecast,13.3,False,36.59,45,reorder_point,1.9,False,25.33,10.8,0.563
2634,FC_MAD2,IXD_MAD,1DC_MAD,SKU_0031,2024-11-05,85,forecast,4.3,False,60.52,40,reorder_point,2.2,False,28.48,6.1,0.712
2635,FC_MAD2,IXD_MAD,1DC_MAD,SKU_0240,2024-11-05,22,forecast,11.3,False,22.86,12,reorder_point,2.5,False,12.47,8.2,1.039
2636,FC_MAD2,IXD_MAD,1DC_MAD,SKU_0170,2024-11-05,237,forecast,10.1,False,79.87,108,reorder_point,2.7,False,36.4,8.3,0.337
2637,FC_PAR1,IXD_PAR,1DC_BCN,SKU_0179,2024-11-05,22,forecast,4.1,False,15.49,12,reorder_point,2.9,False,8.45,9.4,0.704
2638,FC_PAR1,IXD_PAR,1DC_BCN,SKU_0219,2024-11-05,20,forecast,6.6,False,15.34,11,reorder_point,3.0,True,8.44,9.8,0.767
2639,FC_PAR1,IXD_PAR,1DC_BCN,SKU_0201,2024-11-05,88,forecast,12.0,False,60.28,50,reorder_point,0.7,False,34.25,9.1,0.685
2640,FC_PAR1,IXD_PAR,1DC_BCN,SKU_0050,2024-11-05,192,forecast,11.7,False,201.22,134,reorder_point,2.1,False,140.43,8.8,1.048
2641,FC_PAR1,IXD_PAR,1DC_BCN,SKU_0219,2024-11-05,15,forecast,3.5,False,7.12,12,reorder_point,2.1,False,5.7,10.1,0.475
2642,FC_PAR2,IXD_PAR,1DC_MUC,SKU_0014,2024-11-05,80,forecast,10.6,False,18.24,50,reorder_point,1.9,False,11.4,6.4,0.228
2643,FC_PAR2,IXD_PAR,1DC_MUC,SKU_0173,2024-11-05,23,forecast,3.8,False,16.74,11,reorder_point,0.8,False,8.01,10.4,0.728
2644,FC_PAR2,IXD_PAR,1DC_MUC,SKU_0161,2024-11-05,239,forecast,12.4,False,57.12,142,reorder_point,2.3,False,33.94,7.8,0.239
2645,FC_PAR2,IXD_PAR,1DC_MUC,SKU_0019,2024-11-05,80,forecast,8.8,False,73.76,42,reorder_point,1.5,False,38.72,3.4,0.922
2646,FC_PAR2,IXD_PAR,1DC_MUC,SKU_0032,2024-11-05,183,forecast,3.7,False,53.07,143,reorder_point,1.1,True,41.47,7.6,0.29
2647,FC_PAR2,IXD_PAR,1DC_MUC,SKU_0068,2024-11-05,80,forecast,10.6,False,41.12,43,reorder_point,1.8,False,22.1,6.8,0.514
2648,FC_BER1,IXD_BER,1DC_AMS,SKU_0071,2024-11-05,133,forecast,5.7,False,43.62,128,reorder_point,0.7,False,41.98,6.8,0.328
2649,FC_BER1,IXD_BER,1DC_AMS,SKU_0046,2024-11-05,23,forecast,4.5,False,6.33,11,reorder_point,2.7,False,3.03,9.8,0.275
2650,FC_BER1,IXD_BER,1DC_AMS,SKU_0228,2024-11-05,73,forecast,8.1,False,19.35,51,reorder_point,1.9,False,13.52,4.8,0.265
2651,FC_BER1,IXD_BER,1DC_AMS,SKU_0048,2024-11-05,165,forecast,13.0,False,168.63,117,reorder_point,1.3,False,119.57,8.6,1.022
2652,FC_BER1,IXD_BER,1DC_AMS,SKU_0162,2024-11-05,66,forecast,10.7,False,11.48,47,reorder_point,2.7,False,8.18,7.1,0.174
2653,FC_MUN1,IXD_MAD,1DC_BCN,SKU_0110,2024-11-05,59,forecast,9.7,False,40.95,44,reorder_point,1.7,False,30.54,7.1,0.694
2654,FC_MUN1,IXD_MAD,1DC_BCN,SKU_0169,2024-11-05,81,forecast,3.6,False,51.11,45,reorder_point,2.7,False,28.39,10.9,0.631
2655,FC_BCN1,IXD_BCN,1DC_BCN,SKU_0014,2024-11-06,56,forecast,6.9,False,15.01,42,reorder_point,2.3,False,11.26,7.5,0.268
2656,FC_BCN1,IXD_BCN,1DC_BCN,SKU_0106,2024-11-06,56,forecast,11.0,False,34.1,50,reorder_point,1.0,False,30.45,9.3,0.609
2657,FC_BCN1,IXD_BCN,1DC_BCN,SKU_0019,2024-11-06,71,forecast,3.1,False,58.29,45,reorder_point,2.0,False,36.95,5.4,0.821
2658,FC_BCN1,IXD_BCN,1DC_BCN,SKU_0249,2024-11-06,86,forecast,9.3,False,74.3,45,reorder_point,1.7,False,38.88,8.7,0.864
2659,FC_BCN1,IXD_BCN,1DC_BCN,SKU_0018,2024-11-06,72,forecast,10.1,False,78.34,50,reorder_point,1.2,False,54.4,11.0,1.088
2660,FC_BCN1,IXD_BCN,1DC_BCN,SKU_0247,2024-11-06,231,forecast,3.1,False,173.94,123,reorder_point,2.9,False,92.62,9.6,0.753
2661,FC_BCN2,IXD_BCN,1DC_BCN,SKU_0111,2024-11-06,143,forecast,4.8,False,20.45,118,reorder_point,2.6,False,16.87,8.8,0.143
2662,FC_BCN2,IXD_BCN,1DC_BCN,SKU_0102,2024-11-06,23,forecast,3.4,False,8.12,13,reorder_point,1.9,False,4.59,8.6,0.353
2663,FC_BCN2,IXD_BCN,1DC_BCN,SKU_0164,2024-11-06,19,forecast,8.6,False,15.5,14,reorder_point,2.7,False,11.42,10.5,0.816
2664,FC_BCN2,IXD_BCN,1DC_BCN,SKU_0135,2024-11-06,15,forecast,4.9,False,5.87,13,reorder_point,3.0,False,5.08,9.0,0.391
2665,FC_BCN2,IXD_BCN,1DC_BCN,SKU_0090,2024-11-06,55,forecast,3.0,False,19.41,41,reorder_point,1.6,True,14.47,7.9,0.353
2666,FC_BCN2,IXD_BCN,1DC_BCN,SKU_0173,2024-11-06,13,forecast,10.5,False,9.48,13,reorder_point,1.6,False,9.48,10.7,0.729
2667,FC_BCN2,IXD_BCN,1DC_BCN,SKU_0084,2024-11-06,52,forecast,9.9,False,9.41,45,reorder_point,0.7,False,8.14,10.2,0.181
2668,FC_BCN2,IXD_BCN,1DC_BCN,SKU_0132,2024-11-06,54,forecast,6.3,False,14.74,43,reorder_point,0.8,False,11.74,8.7,0.273
2669,FC_MAD1,IXD_MAD,1DC_MAD,SKU_0013,2024-11-06,50,forecast,7.6,False,5.15,42,reorder_point,1.1,True,4.33,8.4,0.103
2670,FC_MAD1,IXD_MAD,1DC_MAD,SKU_0232,2024-11-06,15,forecast,6.0,False,6.46,13,reorder_point,1.2,False,5.6,6.3,0.431
2671,FC_MAD1,IXD_MAD,1DC_MAD,SKU_0053,2024-11-06,194,forecast,13.8,False,156.95,113,reorder_point,2.9,True,91.42,5.6,0.809
2672,FC_MAD1,IXD_MAD,1DC_MAD,SKU_0057,2024-11-06,54,forecast,12.2,False,41.9,48,reorder_point,2.6,False,37.25,6.2,0.776
2673,FC_MAD1,IXD_MAD,1DC_MAD,SKU_0003,2024-11-06,59,forecast,12.4,False,21.48,44,reorder_point,1.1,False,16.02,7.0,0.364
2674,FC_MAD1,IXD_MAD,1DC_MAD,SKU_0119,2024-11-06,132,forecast,10.5,False,56.63,136,reorder_point,1.3,True,58.34,9.7,0.429
2675,FC_MAD1,IXD_MAD,1DC_MAD,SKU_0168,2024-11-06,53,forecast,7.5,False,10.39,53,reorder_point,2.6,False,10.39,9.4,0.196
2676,FC_MAD2,IXD_MAD,1DC_MAD,SKU_0002,2024-11-06,62,forecast,3.2,False,31.99,51,reorder_point,2.0,False,26.32,8.5,0.516
2677,FC_MAD2,IXD_MAD,1DC_MAD,SKU_0188,2024-11-06,78,forecast,5.1,False,59.36,42,reorder_point,1.3,False,31.96,8.5,0.761
2678,FC_MAD2,IXD_MAD,1DC_MAD,SKU_0142,2024-11-06,87,forecast,6.6,False,35.15,43,reorder_point,1.6,False,17.37,9.6,0.404
2679,FC_MAD2,IXD_MAD,1DC_MAD,SKU_0090,2024-11-06,86,forecast,11.1,False,83.42,51,reorder_point,1.3,False,49.47,9.3,0.97
2680,FC_PAR1,IXD_PAR,1DC_BCN,SKU_0094,2024-11-06,51,forecast,4.2,False,30.96,44,reorder_point,0.9,False,26.71,10.0,0.607
2681,FC_PAR1,IXD_PAR,1DC_BCN,SKU_0112,2024-11-06,22,forecast,8.1,False,13.9,12,reorder_point,0.9,False,7.58,10.2,0.632
2682,FC_PAR1,IXD_PAR,1DC_BCN,SKU_0005,2024-11-06,236,forecast,3.2,False,143.25,120,reorder_point,2.8,False,72.84,9.5,0.607
2683,FC_PAR1,IXD_PAR,1DC_BCN,SKU_0181,2024-11-06,213,forecast,8.2,False,59.21,123,reorder_point,2.5,False,34.19,7.1,0.278
2684,FC_PAR1,IXD_PAR,1DC_BCN,SKU_0229,2024-11-06,155,forecast,13.5,False,107.88,132,reorder_point,1.2,False,91.87,12.1,0.696
2685,FC_PAR1,IXD_PAR,1DC_BCN,SKU_0047,2024-11-06,51,forecast,11.1,False,10.56,45,reorder_point,1.3,False,9.31,5.7,0.207
2686,FC_PAR2,IXD_PAR,1DC_BCN,SKU_0115,2024-11-06,89,forecast,11.8,False,95.41,50,reorder_point,2.4,False,53.6,6.3,1.072
2687,FC_PAR2,IXD_PAR,1DC_BCN,SKU_0114,2024-11-06,22,forecast,6.6,False,10.05,11,reorder_point,3.0,True,5.03,5.1,0.457
2688,FC_PAR2,IXD_PAR,1DC_BCN,SKU_0136,2024-11-06,72,forecast,13.0,True,76.61,50,reorder_point,2.7,False,53.2,6.9,1.064
2689,FC_PAR2,IXD_PAR,1DC_BCN,SKU_0047,2024-11-06,54,forecast,5.3,False,30.19,47,reorder_point,2.4,False,26.27,9.5,0.559
2690,FC_PAR2,IXD_PAR,1DC_BCN,SKU_0175,2024-11-06,212,forecast,4.4,False,69.32,128,reorder_point,1.8,False,41.86,7.9,0.327
2691,FC_PAR2,IXD_PAR,1DC_BCN,SKU_0176,2024-11-06,89,forecast,8.5,False,65.77,41,reorder_point,0.8,False,30.3,9.8,0.739
2692,FC_PAR2,IXD_PAR,1DC_BCN,SKU_0148,2024-11-06,22,forecast,12.3,False,10.87,11,reorder_point,2.8,False,5.43,6.4,0.494
2693,FC_PAR2,IXD_PAR,1DC_BCN,SKU_0013,2024-11-06,86,forecast,12.4,False,79.89,47,reorder_point,1.7,False,43.66,6.8,0.929
2694,FC_BER1,IXD_BER,1DC_MUC,SKU_0188,2024-11-06,75,forecast,13.4,False,65.47,47,reorder_point,1.8,False,41.03,8.3,0.873
2695,FC_BER1,IXD_BER,1DC_MUC,SKU_0067,2024-11-06,80,forecast,13.7,False,45.6,49,reorder_point,0.6,False,27.93,6.1,0.57
2696,FC_BER1,IXD_BER,1DC_MUC,SKU_0128,2024-11-06,19,forecast,9.8,False,7.54,13,reorder_point,2.9,False,5.16,7.4,0.397
2697,FC_BER1,IXD_BER,1DC_MUC,SKU_0071,2024-11-06,165,forecast,10.5,False,83.0,117,reorder_point,2.5,False,58.85,8.8,0.503
2698,FC_MUN1,IXD_MAD,1DC_AMS,SKU_0099,2024-11-06,20,forecast,13.2,False,21.88,11,reorder_point,2.4,False,12.03,8.1,1.094
2699,FC_MUN1,IXD_MAD,1DC_AMS,SKU_0028,2024-11-06,206,forecast,3.3,False,126.9,117,reorder_point,1.4,False,72.07,4.5,0.616
2700,FC_MUN1,IXD_MAD,1DC_AMS,SKU_0245,2024-11-06,74,forecast,10.8,False,49.73,41,reorder_point,2.5,False,27.55,8.1,0.672
2701,FC_BCN1,IXD_BCN,1DC_BCN,SKU_0094,2024-11-07,70,forecast,6.5,False,12.04,43,reorder_point,2.2,False,7.4,6.9,0.172
2702,FC_BCN1,IXD_BCN,1DC_BCN,SKU_0123,2024-11-07,188,forecast,14.0,False,149.08,119,reorder_point,0.6,False,94.37,5.7,0.793
2703,FC_BCN1,IXD_BCN,1DC_BCN,SKU_0015,2024-11-07,89,forecast,10.2,False,65.59,49,reorder_point,1.7,False,36.11,11.9,0.737
2704,FC_BCN1,IXD_BCN,1DC_BCN,SKU_0050,2024-11-07,166,forecast,3.3,False,42.66,125,reorder_point,1.8,False,32.12,10.8,0.257
2705,FC_BCN1,IXD_BCN,1DC_BCN,SKU_0049,2024-11-07,57,forecast,10.8,False,60.08,40,reorder_point,2.8,False,42.16,7.1,1.054
2706,FC_BCN2,IXD_BCN,1DC_BCN,SKU_0175,2024-11-07,214,forecast,11.0,False,167.56,135,reorder_point,2.9,False,105.7,7.6,0.783
2707,FC_BCN2,IXD_BCN,1DC_BCN,SKU_0101,2024-11-07,16,forecast,4.7,False,5.79,13,reorder_point,2.3,False,4.71,8.1,0.362
2708,FC_BCN2,IXD_BCN,1DC_BCN,SKU_0177,2024-11-07,13,forecast,4.5,False,11.6,11,reorder_point,1.7,False,9.81,10.4,0.892
2709,FC_BCN2,IXD_BCN,1DC_BCN,SKU_0085,2024-11-07,22,forecast,9.4,False,5.48,11,reorder_point,1.4,False,2.74,12.5,0.249
2710,FC_MAD1,IXD_MAD,1DC_MAD,SKU_0106,2024-11-07,54,forecast,5.8,False,24.84,53,reorder_point,1.2,False,24.38,8.2,0.46
2711,FC_MAD1,IXD_MAD,1DC_MAD,SKU_0071,2024-11-07,218,forecast,11.8,False,160.23,113,reorder_point,1.9,False,83.05,8.1,0.735
2712,FC_MAD2,IXD_MAD,1DC_MAD,SKU_0174,2024-11-07,21,forecast,11.6,False,21.13,11,reorder_point,1.6,False,11.07,7.8,1.006
2713,FC_MAD2,IXD_MAD,1DC_MAD,SKU_0044,2024-11-07,84,forecast,13.0,False,55.19,43,reorder_point,2.3,True,28.25,7.4,0.657
2714,FC_MAD2,IXD_MAD,1DC_MAD,SKU_0091,2024-11-07,158,forecast,3.0,False,68.41,121,reorder_point,2.5,False,52.39,9.5,0.433
2715,FC_MAD2,IXD_MAD,1DC_MAD,SKU_0033,2024-11-07,23,forecast,5.3,False,23.53,10,reorder_point,1.7,False,10.23,6.4,1.023
2716,FC_MAD2,IXD_MAD,1DC_MAD,SKU_0056,2024-11-07,58,forecast,4.5,False,21.05,53,reorder_point,1.9,False,19.24,6.8,0.363
2717,FC_PAR1,IXD_PAR,1DC_AMS,SKU_0008,2024-11-07,70,forecast,10.6,False,74.2,45,reorder_point,1.4,False,47.7,8.9,1.06
2718,FC_PAR1,IXD_PAR,1DC_AMS,SKU_0228,2024-11-07,87,forecast,3.2,False,91.26,42,reorder_point,0.7,False,44.06,7.6,1.049
2719,FC_PAR2,IXD_PAR,1DC_MAD,SKU_0027,2024-11-07,18,forecast,9.7,False,3.74,14,reorder_point,1.7,False,2.91,10.0,0.208
2720,FC_PAR2,IXD_PAR,1DC_MAD,SKU_0010,2024-11-07,51,forecast,9.4,False,29.38,44,reorder_point,0.6,False,25.34,9.2,0.576
2721,FC_PAR2,IXD_PAR,1DC_MAD,SKU_0042,2024-11-07,23,forecast,7.2,False,19.2,12,reorder_point,1.0,False,10.02,8.0,0.835
2722,FC_PAR2,IXD_PAR,1DC_MAD,SKU_0219,2024-11-07,22,forecast,11.1,False,4.66,14,reorder_point,2.5,False,2.97,7.3,0.212
2723,FC_PAR2,IXD_PAR,1DC_MAD,SKU_0218,2024-11-07,63,forecast,3.3,False,15.44,42,reorder_point,1.5,False,10.29,9.2,0.245
2724,FC_BER1,IXD_BER,1DC_BCN,SKU_0119,2024-11-07,180,forecast,6.1,False,106.38,109,reorder_point,1.2,False,64.42,7.9,0.591
2725,FC_BER1,IXD_BER,1DC_BCN,SKU_0139,2024-11-07,71,forecast,7.9,False,43.95,47,reorder_point,0.9,False,29.09,10.1,0.619
2726,FC_BER1,IXD_BER,1DC_BCN,SKU_0178,2024-11-07,21,forecast,3.3,True,3.21,14,reorder_point,1.6,False,2.14,10.7,0.153
2727,FC_BER1,IXD_BER,1DC_BCN,SKU_0075,2024-11-07,59,forecast,10.7,False,39.41,48,reorder_point,0.8,False,32.06,8.2,0.668
2728,FC_BER1,IXD_BER,1DC_BCN,SKU_0210,2024-11-07,77,forecast,3.2,False,56.06,51,reorder_point,1.2,False,37.13,8.5,0.728
2729,FC_BER1,IXD_BER,1DC_BCN,SKU_0235,2024-11-07,82,forecast,6.8,False,52.15,43,reorder_point,1.9,False,27.35,6.3,0.636
2730,FC_BER1,IXD_BER,1DC_BCN,SKU_0004,2024-11-07,67,forecast,11.9,False,58.62,44,reorder_point,1.3,False,38.5,8.9,0.875
2731,FC_MUN1,IXD_BCN,1DC_AMS,SKU_0037,2024-11-07,86,forecast,8.7,False,60.11,53,reorder_point,0.9,False,37.05,8.0,0.699
2732,FC_MUN1,IXD_BCN,1DC_AMS,SKU_0132,2024-11-07,81,forecast,4.6,False,28.92,50,reorder_point,2.3,False,17.85,8.9,0.357
2733,FC_BCN1,IXD_BCN,1DC_BCN,SKU_0007,2024-11-08,13,forecast,5.2,False,8.36,13,reorder_point,2.9,True,8.36,6.3,0.643
2734,FC_BCN1,IXD_BCN,1DC_BCN,SKU_0003,2024-11-08,81,forecast,3.8,False,86.59,49,reorder_point,1.4,False,52.38,10.4,1.069
2735,FC_BCN1,IXD_BCN,1DC_BCN,SKU_0148,2024-11-08,22,forecast,10.0,False,7.99,12,reorder_point,1.0,False,4.36,9.9,0.363
2736,FC_BCN1,IXD_BCN,1DC_BCN,SKU_0143,2024-11-08,20,forecast,5.6,False,2.36,13,reorder_point,0.7,False,1.53,11.2,0.118
2737,FC_BCN1,IXD_BCN,1DC_BCN,SKU_0148,2024-11-08,19,forecast,13.7,False,1.92,11,reorder_point,0.5,False,1.11,9.3,0.101
2738,FC_BCN2,IXD_BCN,1DC_BCN,SKU_0200,2024-11-08,210,forecast,7.4,False,157.29,111,reorder_point,0.9,False,83.14,8.1,0.749
2739,FC_BCN2,IXD_BCN,1DC_BCN,SKU_0186,2024-11-08,87,forecast,8.2,False,60.64,44,reorder_point,1.1,False,30.67,5.9,0.697
2740,FC_BCN2,IXD_BCN,1DC_BCN,SKU_0116,2024-11-08,207,forecast,10.1,False,39.74,110,reorder_point,0.6,False,21.12,7.1,0.192
2741,FC_BCN2,IXD_BCN,1DC_BCN,SKU_0238,2024-11-08,221,forecast,13.2,True,61.22,124,reorder_point,2.5,False,34.35,8.5,0.277
2742,FC_BCN2,IXD_BCN,1DC_BCN,SKU_0096,2024-11-08,137,forecast,6.8,False,45.21,125,reorder_point,2.2,False,41.25,8.1,0.33
2743,FC_BCN2,IXD_BCN,1DC_BCN,SKU_0175,2024-11-08,198,forecast,3.4,True,139.19,132,reorder_point,2.1,False,92.8,6.8,0.703
2744,FC_MAD1,IXD_MAD,1DC_MAD,SKU_0166,2024-11-08,181,forecast,10.6,False,94.48,141,reorder_point,2.1,False,73.6,10.4,0.522
2745,FC_MAD1,IXD_MAD,1DC_MAD,SKU_0153,2024-11-08,225,forecast,13.9,False,161.1,117,reorder_point,2.4,False,83.77,6.5,0.716
2746,FC_MAD1,IXD_MAD,1DC_MAD,SKU_0190,2024-11-08,59,forecast,10.1,True,48.32,41,reorder_point,1.2,False,33.58,10.3,0.819
2747,FC_MAD1,IXD_MAD,1DC_MAD,SKU_0113,2024-11-08,16,forecast,13.4,False,14.1,13,reorder_point,0.7,False,11.45,9.3,0.881
2748,FC_MAD2,IXD_MAD,1DC_MAD,SKU_0197,2024-11-08,156,forecast,7.9,False,122.77,135,reorder_point,2.4,False,106.25,10.3,0.787
2749,FC_MAD2,IXD_MAD,1DC_MAD,SKU_0115,2024-11-08,64,forecast,4.3,False,12.03,45,reorder_point,2.8,False,8.46,7.6,0.188
2750,FC_MAD2,IXD_MAD,1DC_MAD,SKU_0204,2024-11-08,18,forecast,9.6,True,11.09,12,reorder_point,1.2,False,7.39,10.4,0.616
2751,FC_MAD2,IXD_MAD,1DC_MAD,SKU_0021,2024-11-08,60,forecast,9.5,True,50.04,41,reorder_point,2.9,False,34.19,7.4,0.834
2752,FC_MAD2,IXD_MAD,1DC_MAD,SKU_0173,2024-11-08,17,forecast,5.8,False,4.81,12,reorder_point,1.9,False,3.4,8.5,0.283
2753,FC_MAD2,IXD_MAD,1DC_MAD,SKU_0096,2024-11-08,214,forecast,6.5,False,216.35,134,reorder_point,0.8,False,135.47,12.4,1.011
2754,FC_PAR1,IXD_PAR,1DC_MUC,SKU_0205,2024-11-08,206,forecast,3.8,False,134.72,122,reorder_point,1.6,False,79.79,11.0,0.654
2755,FC_PAR1,IXD_PAR,1DC_MUC,SKU_0187,2024-11-08,62,forecast,5.4,False,56.98,43,reorder_point,2.6,False,39.52,7.3,0.919
2756,FC_PAR1,IXD_PAR,1DC_MUC,SKU_0117,2024-11-08,21,forecast,5.2,False,2.94,14,reorder_point,1.8,False,1.96,8.5,0.14
2757,FC_PAR1,IXD_PAR,1DC_MUC,SKU_0040,2024-11-08,147,forecast,12.4,False,139.94,120,reorder_point,2.9,False,114.24,8.7,0.952
2758,FC_PAR2,IXD_PAR,1DC_CDG,SKU_0212,2024-11-08,149,forecast,9.3,False,30.1,141,reorder_point,2.8,False,28.48,8.4,0.202
2759,FC_PAR2,IXD_PAR,1DC_CDG,SKU_0157,2024-11-08,14,forecast,3.7,False,5.67,11,reorder_point,2.9,False,4.46,8.3,0.405
2760,FC_PAR2,IXD_PAR,1DC_CDG,SKU_0002,2024-11-08,61,forecast,9.4,False,21.47,53,reorder_point,1.7,False,18.66,7.1,0.352
2761,FC_PAR2,IXD_PAR,1DC_CDG,SKU_0122,2024-11-08,89,forecast,12.7,False,39.52,46,reorder_point,1.6,False,20.42,5.3,0.444
2762,FC_PAR2,IXD_PAR,1DC_CDG,SKU_0037,2024-11-08,74,forecast,12.9,False,44.62,52,reorder_point,2.6,False,31.36,7.8,0.603
2763,FC_PAR2,IXD_PAR,1DC_CDG,SKU_0167,2024-11-08,74,forecast,9.5,False,40.85,46,reorder_point,1.7,False,25.39,7.8,0.552
2764,FC_BER1,IXD_BER,1DC_CDG,SKU_0061,2024-11-08,161,forecast,4.3,False,127.51,143,reorder_point,2.3,False,113.26,9.7,0.792
2765,FC_BER1,IXD_BER,1DC_CDG,SKU_0055,2024-11-08,17,forecast,12.8,True,2.79,11,reorder_point,2.0,False,1.8,6.0,0.164
2766,FC_MUN1,IXD_MAD,1DC_CDG,SKU_0230,2024-11-08,59,forecast,9.6,False,52.39,51,reorder_point,2.6,False,45.29,9.3,0.888
2767,FC_MUN1,IXD_MAD,1DC_CDG,SKU_0123,2024-11-08,197,forecast,7.6,False,177.89,120,reorder_point,0.8,False,108.36,10.3,0.903
2768,FC_MUN1,IXD_MAD,1DC_CDG,SKU_0035,2024-11-08,208,forecast,10.7,False,26.62,140,reorder_point,2.9,False,17.92,8.3,0.128
2769,FC_MUN1,IXD_MAD,1DC_CDG,SKU_0108,2024-11-08,63,forecast,5.8,True,46.37,44,reorder_point,1.1,False,32.38,9.1,0.736
2770,FC_MUN1,IXD_MAD,1DC_CDG,SKU_0077,2024-11-08,158,forecast,3.6,False,118.66,142,reorder_point,0.9,False,106.64,9.2,0.751
2771,FC_BCN1,IXD_BCN,1DC_BCN,SKU_0233,2024-11-09,18,forecast,8.9,False,2.93,11,reorder_point,1.2,False,1.79,7.8,0.163
2772,FC_BCN1,IXD_BCN,1DC_BCN,SKU_0207,2024-11-09,53,forecast,9.9,False,34.87,49,reorder_point,1.7,False,32.24,9.4,0.658
2773,FC_BCN1,IXD_BCN,1DC_BCN,SKU_0125,2024-11-09,71,forecast,11.8,False,30.6,46,reorder_point,1.3,False,19.83,6.5,0.431
2774,FC_BCN1,IXD_BCN,1DC_BCN,SKU_0103,2024-11-09,64,forecast,6.9,False,16.96,51,reorder_point,0.7,False,13.52,11.4,0.265
2775,FC_BCN1,IXD_BCN,1DC_BCN,SKU_0219,2024-11-09,19,forecast,8.7,False,13.0,11,reorder_point,0.9,False,7.52,8.0,0.684
2776,FC_BCN1,IXD_BCN,1DC_BCN,SKU_0234,2024-11-09,23,forecast,12.2,False,19.8,12,reorder_point,2.8,False,10.33,6.8,0.861
2777,FC_BCN1,IXD_BCN,1DC_BCN,SKU_0045,2024-11-09,189,forecast,12.8,False,64.83,138,reorder_point,3.0,False,47.33,9.5,0.343
2778,FC_BCN1,IXD_BCN,1DC_BCN,SKU_0172,2024-11-09,58,forecast,10.4,False,51.79,47,reorder_point,2.7,False,41.97,8.7,0.893
2779,FC_BCN2,IXD_BCN,1DC_BCN,SKU_0222,2024-11-09,56,forecast,11.2,False,49.73,43,reorder_point,1.6,False,38.18,7.1,0.888
2780,FC_BCN2,IXD_BCN,1DC_BCN,SKU_0238,2024-11-09,226,forecast,8.3,False,98.99,123,reorder_point,1.9,False,53.87,9.1,0.438
2781,FC_BCN2,IXD_BCN,1DC_BCN,SKU_0121,2024-11-09,55,forecast,8.1,False,36.36,40,reorder_point,1.1,True,26.44,10.6,0.661
2782,FC_BCN2,IXD_BCN,1DC_BCN,SKU_0213,2024-11-09,16,forecast,13.7,False,14.78,10,reorder_point,1.0,False,9.24,8.4,0.924
2783,FC_BCN2,IXD_BCN,1DC_BCN,SKU_0069,2024-11-09,75,forecast,6.8,False,39.38,50,reorder_point,2.9,False,26.25,6.9,0.525
2784,FC_BCN2,IXD_BCN,1DC_BCN,SKU_0050,2024-11-09,235,forecast,4.4,False,32.2,138,reorder_point,1.7,False,18.91,8.7,0.137
2785,FC_BCN2,IXD_BCN,1DC_BCN,SKU_0066,2024-11-09,62,forecast,6.7,False,45.63,48,reorder_point,1.0,False,35.33,8.7,0.736
2786,FC_BCN2,IXD_BCN,1DC_BCN,SKU_0212,2024-11-09,145,forecast,9.1,False,117.31,137,reorder_point,2.8,True,110.83,7.2,0.809
2787,FC_MAD1,IXD_MAD,1DC_MAD,SKU_0066,2024-11-09,51,forecast,11.0,False,39.98,45,reorder_point,1.2,False,35.28,6.0,0.784
2788,FC_MAD1,IXD_MAD,1DC_MAD,SKU_0149,2024-11-09,81,forecast,12.8,False,46.74,49,reorder_point,1.2,False,28.27,6.6,0.577
2789,FC_MAD1,IXD_MAD,1DC_MAD,SKU_0143,2024-11-09,19,forecast,13.5,False,6.33,12,reorder_point,2.1,False,4.0,6.4,0.333
2790,FC_MAD1,IXD_MAD,1DC_MAD,SKU_0101,2024-11-09,22,forecast,13.9,False,13.53,12,reorder_point,1.2,False,7.38,10.0,0.615
2791,FC_MAD1,IXD_MAD,1DC_MAD,SKU_0238,2024-11-09,228,forecast,11.2,False,180.12,134,reorder_point,1.0,False,105.86,8.0,0.79
2792,FC_MAD1,IXD_MAD,1DC_MAD,SKU_0073,2024-11-09,71,forecast,6.6,False,67.38,52,reorder_point,1.6,True,49.35,8.0,0.949
2793,FC_MAD1,IXD_MAD,1DC_MAD,SKU_0229,2024-11-09,149,forecast,10.5,False,55.88,119,reorder_point,2.6,False,44.62,8.3,0.375
2794,FC_MAD1,IXD_MAD,1DC_MAD,SKU_0125,2024-11-09,66,forecast,10.0,False,9.7,43,reorder_point,0.7,False,6.32,9.5,0.147
2795,FC_MAD2,IXD_MAD,1DC_MAD,SKU_0245,2024-11-09,59,forecast,8.6,False,38.0,43,reorder_point,2.9,False,27.69,9.7,0.644
2796,FC_MAD2,IXD_MAD,1DC_MAD,SKU_0064,2024-11-09,17,forecast,9.0,True,2.35,14,reorder_point,1.9,False,1.93,7.2,0.138
2797,FC_MAD2,IXD_MAD,1DC_MAD,SKU_0173,2024-11-09,13,forecast,4.3,False,2.98,11,reorder_point,1.2,False,2.52,7.6,0.229
2798,FC_MAD2,IXD_MAD,1DC_MAD,SKU_0168,2024-11-09,67,forecast,4.8,False,47.44,41,reorder_point,1.3,False,29.03,10.3,0.708
2799,FC_MAD2,IXD_MAD,1DC_MAD,SKU_0169,2024-11-09,74,forecast,8.1,False,49.58,49,reorder_point,1.2,False,32.83,7.6,0.67
2800,FC_MAD2,IXD_MAD,1DC_MAD,SKU_0250,2024-11-09,17,forecast,12.8,False,11.27,13,reorder_point,2.2,False,8.62,9.9,0.663
2801,FC_MAD2,IXD_MAD,1DC_MAD,SKU_0162,2024-11-09,52,forecast,4.3,False,23.14,52,reorder_point,2.9,False,23.14,9.6,0.445
2802,FC_MAD2,IXD_MAD,1DC_MAD,SKU_0042,2024-11-09,20,forecast,4.4,False,20.84,14,reorder_point,0.9,False,14.59,9.1,1.042
2803,FC_PAR1,IXD_PAR,1DC_MUC,SKU_0250,2024-11-09,18,forecast,11.5,True,7.18,13,reorder_point,0.7,False,5.19,7.7,0.399
2804,FC_PAR1,IXD_PAR,1DC_MUC,SKU_0233,2024-11-09,17,forecast,6.2,False,15.42,11,reorder_point,2.5,False,9.98,7.7,0.907
2805,FC_PAR1,IXD_PAR,1DC_MUC,SKU_0035,2024-11-09,183,forecast,7.2,False,192.33,117,reorder_point,1.0,False,122.97,8.7,1.051
2806,FC_PAR1,IXD_PAR,1DC_MUC,SKU_0049,2024-11-09,82,forecast,7.0,False,68.72,42,reorder_point,2.8,False,35.2,7.5,0.838
2807,FC_PAR1,IXD_PAR,1DC_MUC,SKU_0073,2024-11-09,85,forecast,6.1,False,75.99,42,reorder_point,1.0,False,37.55,8.8,0.894
2808,FC_PAR1,IXD_PAR,1DC_MUC,SKU_0006,2024-11-09,194,forecast,4.0,False,158.69,111,reorder_point,1.9,True,90.8,11.1,0.818
2809,FC_PAR1,IXD_PAR,1DC_MUC,SKU_0169,2024-11-09,56,forecast,8.3,False,19.77,48,reorder_point,2.3,False,16.94,9.5,0.353
2810,FC_PAR2,IXD_PAR,1DC_BCN,SKU_0234,2024-11-09,20,forecast,12.9,False,3.74,12,reorder_point,0.7,False,2.24,6.3,0.187
2811,FC_PAR2,IXD_PAR,1DC_BCN,SKU_0248,2024-11-09,81,forecast,5.2,False,13.69,53,reorder_point,2.9,False,8.96,6.8,0.169
2812,FC_PAR2,IXD_PAR,1DC_BCN,SKU_0055,2024-11-09,19,forecast,10.5,False,3.55,11,reorder_point,1.7,False,2.06,8.5,0.187
2813,FC_PAR2,IXD_PAR,1DC_BCN,SKU_0127,2024-11-09,15,forecast,12.0,False,4.56,11,reorder_point,0.6,False,3.34,10.9,0.304
2814,FC_PAR2,IXD_PAR,1DC_BCN,SKU_0022,2024-11-09,23,forecast,3.4,False,14.4,13,reorder_point,1.9,False,8.14,9.9,0.626
2815,FC_PAR2,IXD_PAR,1DC_BCN,SKU_0155,2024-11-09,51,forecast,9.0,False,11.07,41,reorder_point,1.4,False,8.9,8.9,0.217
2816,FC_PAR2,IXD_PAR,1DC_BCN,SKU_0147,2024-11-09,143,forecast,9.3,False,60.2,126,reorder_point,0.7,False,53.05,7.5,0.421
2817,FC_PAR2,IXD_PAR,1DC_BCN,SKU_0247,2024-11-09,192,forecast,12.0,False,113.09,123,reorder_point,0.9,False,72.45,10.4,0.589
2818,FC_BER1,IXD_BER,1DC_CDG,SKU_0226,2024-11-09,207,forecast,3.8,False,207.41,108,reorder_point,2.1,False,108.22,6.8,1.002
2819,FC_BER1,IXD_BER,1DC_CDG,SKU_0024,2024-11-09,198,forecast,12.8,False,60.59,125,reorder_point,0.6,False,38.25,9.8,0.306
2820,FC_BER1,IXD_BER,1DC_CDG,SKU_0041,2024-11-09,134,forecast,12.8,False,17.15,142,reorder_point,1.2,False,18.18,8.8,0.128
2821,FC_BER1,IXD_BER,1DC_CDG,SKU_0127,2024-11-09,14,forecast,12.8,False,3.54,12,reorder_point,0.6,False,3.04,5.6,0.253
2822,FC_BER1,IXD_BER,1DC_CDG,SKU_0182,2024-11-09,84,forecast,8.1,False,41.5,51,reorder_point,2.4,False,25.19,9.4,0.494
2823,FC_BER1,IXD_BER,1DC_CDG,SKU_0214,2024-11-09,15,forecast,8.5,False,2.33,13,reorder_point,0.7,False,2.02,6.2,0.155
2824,FC_BER1,IXD_BER,1DC_CDG,SKU_0198,2024-11-09,227,forecast,11.3,False,152.77,142,reorder_point,2.9,False,95.57,4.2,0.673
2825,FC_MUN1,IXD_BER,1DC_BCN,SKU_0109,2024-11-09,65,forecast,8.1,True,32.3,48,reorder_point,1.2,False,23.86,11.6,0.497
2826,FC_MUN1,IXD_BER,1DC_BCN,SKU_0155,2024-11-09,59,forecast,10.9,False,34.99,43,reorder_point,2.2,False,25.5,4.9,0.593
2827,FC_BCN1,IXD_BCN,1DC_BCN,SKU_0175,2024-11-10,166,forecast,12.0,False,49.47,128,reorder_point,2.7,False,38.14,7.2,0.298
2828,FC_BCN1,IXD_BCN,1DC_BCN,SKU_0047,2024-11-10,58,forecast,5.4,True,34.28,50,reorder_point,1.3,False,29.55,6.6,0.591
2829,FC_BCN1,IXD_BCN,1DC_BCN,SKU_0074,2024-11-10,22,forecast,9.0,False,2.31,11,reorder_point,2.7,False,1.16,6.1,0.105
2830,FC_BCN1,IXD_BCN,1DC_BCN,SKU_0148,2024-11-10,18,forecast,4.6,False,14.15,11,reorder_point,1.9,False,8.65,9.0,0.786
2831,FC_BCN1,IXD_BCN,1DC_BCN,SKU_0141,2024-11-10,87,forecast,11.2,False,45.33,53,reorder_point,0.8,False,27.61,10.3,0.521
2832,FC_BCN1,IXD_BCN,1DC_BCN,SKU_0007,2024-11-10,23,forecast,13.1,False,14.79,11,reorder_point,2.4,False,7.07,10.1,0.643
2833,FC_BCN1,IXD_BCN,1DC_BCN,SKU_0233,2024-11-10,15,forecast,10.8,False,2.0,13,reorder_point,2.6,False,1.73,10.6,0.133
2834,FC_BCN2,IXD_BCN,1DC_BCN,SKU_0061,2024-11-10,176,forecast,7.8,False,93.46,122,reorder_point,2.7,False,64.78,7.9,0.531
2835,FC_BCN2,IXD_BCN,1DC_BCN,SKU_0123,2024-11-10,233,forecast,5.9,False,103.69,125,reorder_point,0.7,True,55.62,8.8,0.445
2836,FC_BCN2,IXD_BCN,1DC_BCN,SKU_0044,2024-11-10,72,forecast,8.3,True,14.62,44,reorder_point,1.8,True,8.93,10.5,0.203
2837,FC_BCN2,IXD_BCN,1DC_BCN,SKU_0192,2024-11-10,80,forecast,5.8,True,79.36,46,reorder_point,1.9,False,45.63,7.8,0.992
2838,FC_BCN2,IXD_BCN,1DC_BCN,SKU_0019,2024-11-10,66,forecast,7.2,False,31.35,45,reorder_point,0.6,False,21.38,5.8,0.475
2839,FC_BCN2,IXD_BCN,1DC_BCN,SKU_0023,2024-11-10,70,forecast,4.8,False,31.57,40,reorder_point,1.3,False,18.04,7.3,0.451
2840,FC_BCN2,IXD_BCN,1DC_BCN,SKU_0067,2024-11-10,56,forecast,7.4,False,58.41,45,reorder_point,2.4,False,46.93,7.2,1.043
2841,FC_MAD1,IXD_MAD,1DC_MAD,SKU_0060,2024-11-10,185,forecast,4.0,False,70.48,108,reorder_point,1.2,False,41.15,8.1,0.381
2842,FC_MAD1,IXD_MAD,1DC_MAD,SKU_0087,2024-11-10,83,forecast,6.9,False,78.93,46,reorder_point,0.5,False,43.75,11.2,0.951
2843,FC_MAD1,IXD_MAD,1DC_MAD,SKU_0024,2024-11-10,196,forecast,7.6,False,134.65,113,reorder_point,2.4,False,77.63,10.2,0.687
2844,FC_MAD1,IXD_MAD,1DC_MAD,SKU_0233,2024-11-10,16,forecast,4.4,False,15.55,13,reorder_point,2.9,False,12.64,8.2,0.972
2845,FC_MAD1,IXD_MAD,1DC_MAD,SKU_0054,2024-11-10,65,forecast,8.8,False,35.82,49,reorder_point,2.7,False,27.0,7.3,0.551
2846,FC_MAD1,IXD_MAD,1DC_MAD,SKU_0203,2024-11-10,73,forecast,5.8,False,73.51,48,reorder_point,0.7,False,48.34,10.9,1.007
2847,FC_MAD1,IXD_MAD,1DC_MAD,SKU_0009,2024-11-10,19,forecast,3.8,False,7.12,13,reorder_point,1.1,False,4.88,8.6,0.375
2848,FC_MAD1,IXD_MAD,1DC_MAD,SKU_0136,2024-11-10,74,forecast,9.2,False,8.58,50,reorder_point,1.7,False,5.8,8.1,0.116
2849,FC_MAD2,IXD_MAD,1DC_MAD,SKU_0045,2024-11-10,219,forecast,13.2,False,231.04,131,reorder_point,1.3,False,138.2,8.1,1.055
2850,FC_MAD2,IXD_MAD,1DC_MAD,SKU_0066,2024-11-10,61,forecast,11.2,False,51.36,44,reorder_point,0.8,False,37.05,9.6,0.842
2851,FC_MAD2,IXD_MAD,1DC_MAD,SKU_0179,2024-11-10,18,forecast,10.6,False,3.82,13,reorder_point,0.8,False,2.76,3.8,0.212
2852,FC_MAD2,IXD_MAD,1DC_MAD,SKU_0248,2024-11-10,87,forecast,12.8,False,26.54,50,reorder_point,0.7,False,15.25,8.5,0.305
2853,FC_MAD2,IXD_MAD,1DC_MAD,SKU_0079,2024-11-10,18,forecast,10.3,False,14.62,13,reorder_point,2.0,False,10.56,7.0,0.812
2854,FC_PAR1,IXD_PAR,1DC_MUC,SKU_0211,2024-11-10,56,forecast,6.1,False,43.9,48,reorder_point,2.3,False,37.63,5.6,0.784
2855,FC_PAR1,IXD_PAR,1DC_MUC,SKU_0012,2024-11-10,51,forecast,7.9,False,22.34,53,reorder_point,0.8,False,23.21,6.7,0.438
2856,FC_PAR1,IXD_PAR,1DC_MUC,SKU_0104,2024-11-10,234,forecast,11.1,False,243.36,138,reorder_point,2.7,False,143.52,6.7,1.04
2857,FC_PAR2,IXD_PAR,1DC_CDG,SKU_0073,2024-11-10,53,forecast,13.1,False,23.9,48,reorder_point,2.7,False,21.65,9.0,0.451
2858,FC_PAR2,IXD_PAR,1DC_CDG,SKU_0039,2024-11-10,81,forecast,12.8,False,51.44,43,reorder_point,1.0,False,27.3,7.0,0.635
2859,FC_PAR2,IXD_PAR,1DC_CDG,SKU_0121,2024-11-10,78,forecast,12.5,False,76.83,48,reorder_point,1.9,False,47.28,9.4,0.985
2860,FC_PAR2,IXD_PAR,1DC_CDG,SKU_0097,2024-11-10,16,forecast,8.0,False,3.68,11,reorder_point,0.7,False,2.53,8.8,0.23
2861,FC_PAR2,IXD_PAR,1DC_CDG,SKU_0187,2024-11-10,79,forecast,3.7,False,29.86,53,reorder_point,1.7,True,20.03,11.0,0.378
2862,FC_PAR2,IXD_PAR,1DC_CDG,SKU_0239,2024-11-10,20,forecast,3.0,False,8.02,11,reorder_point,3.0,False,4.41,6.5,0.401
2863,FC_BER1,IXD_BER,1DC_AMS,SKU_0066,2024-11-10,64,forecast,10.1,False,57.6,53,reorder_point,2.6,False,47.7,8.6,0.9
2864,FC_BER1,IXD_BER,1DC_AMS,SKU_0045,2024-11-10,210,forecast,6.3,False,129.36,115,reorder_point,2.3,False,70.84,6.5,0.616
2865,FC_BER1,IXD_BER,1DC_AMS,SKU_0140,2024-11-10,22,forecast,11.4,False,17.05,11,reorder_point,1.7,False,8.53,7.0,0.775
2866,FC_BER1,IXD_BER,1DC_AMS,SKU_0249,2024-11-10,78,forecast,8.0,True,34.4,48,reorder_point,2.7,False,21.17,8.7,0.441
2867,FC_MUN1,IXD_MAD,1DC_CDG,SKU_0041,2024-11-10,141,forecast,10.1,False,151.15,137,reorder_point,1.9,False,146.86,9.5,1.072
2868,FC_MUN1,IXD_MAD,1DC_CDG,SKU_0016,2024-11-10,74,forecast,10.3,False,60.61,40,reorder_point,1.9,False,32.76,10.3,0.819
2869,FC_BCN1,IXD_BCN,1DC_BCN,SKU_0141,2024-11-11,89,forecast,12.1,False,20.83,45,reorder_point,0.7,False,10.53,8.6,0.234
2870,FC_BCN1,IXD_BCN,1DC_BCN,SKU_0028,2024-11-11,215,forecast,3.0,True,184.25,132,reorder_point,2.4,True,113.12,5.8,0.857
2871,FC_BCN1,IXD_BCN,1DC_BCN,SKU_0152,2024-11-11,83,forecast,3.2,True,42.91,43,reorder_point,1.8,False,22.23,6.5,0.517
2872,FC_BCN2,IXD_BCN,1DC_BCN,SKU_0181,2024-11-11,214,forecast,11.3,False,191.32,116,reorder_point,0.6,False,103.7,6.3,0.894
2873,FC_BCN2,IXD_BCN,1DC_BCN,SKU_0181,2024-11-11,135,forecast,13.6,False,79.92,116,reorder_point,1.8,False,68.67,7.2,0.592
2874,FC_BCN2,IXD_BCN,1DC_BCN,SKU_0078,2024-11-11,19,forecast,12.5,False,10.92,11,reorder_point,1.5,False,6.32,6.1,0.575
2875,FC_BCN2,IXD_BCN,1DC_BCN,SKU_0074,2024-11-11,20,forecast,6.0,False,17.46,11,reorder_point,0.8,False,9.6,7.6,0.873
2876,FC_BCN2,IXD_BCN,1DC_BCN,SKU_0131,2024-11-11,55,forecast,4.1,False,52.74,44,reorder_point,1.7,False,42.2,9.6,0.959
2877,FC_BCN2,IXD_BCN,1DC_BCN,SKU_0207,2024-11-11,51,forecast,6.4,False,54.93,50,reorder_point,0.7,False,53.85,9.6,1.077
2878,FC_BCN2,IXD_BCN,1DC_BCN,SKU_0015,2024-11-11,58,forecast,12.3,False,59.51,53,reorder_point,1.1,False,54.38,10.7,1.026
2879,FC_MAD1,IXD_MAD,1DC_MAD,SKU_0058,2024-11-11,15,forecast,9.7,False,2.08,10,reorder_point,3.0,False,1.39,9.8,0.139
2880,FC_MAD1,IXD_MAD,1DC_MAD,SKU_0098,2024-11-11,58,forecast,4.0,False,49.01,42,reorder_point,0.9,False,35.49,5.7,0.845
2881,FC_MAD1,IXD_MAD,1DC_MAD,SKU_0095,2024-11-11,145,forecast,6.8,False,66.41,125,reorder_point,2.1,False,57.25,11.3,0.458
2882,FC_MAD1,IXD_MAD,1DC_MAD,SKU_0215,2024-11-11,85,forecast,7.4,False,50.41,46,reorder_point,2.8,False,27.28,8.9,0.593
2883,FC_MAD1,IXD_MAD,1DC_MAD,SKU_0060,2024-11-11,155,forecast,5.8,False,87.57,141,reorder_point,2.2,False,79.66,10.6,0.565
2884,FC_MAD2,IXD_MAD,1DC_MAD,SKU_0214,2024-11-11,22,forecast,5.4,False,2.97,11,reorder_point,2.4,False,1.49,7.8,0.135
2885,FC_MAD2,IXD_MAD,1DC_MAD,SKU_0208,2024-11-11,15,forecast,8.2,False,11.32,13,reorder_point,2.7,True,9.81,8.0,0.755
2886,FC_MAD2,IXD_MAD,1DC_MAD,SKU_0065,2024-11-11,87,forecast,3.4,False,74.99,40,reorder_point,1.0,False,34.48,7.0,0.862
2887,FC_MAD2,IXD_MAD,1DC_MAD,SKU_0175,2024-11-11,145,forecast,9.9,False,33.06,126,reorder_point,1.8,False,28.73,5.4,0.228
2888,FC_MAD2,IXD_MAD,1DC_MAD,SKU_0166,2024-11-11,184,forecast,9.0,False,114.82,117,reorder_point,1.0,False,73.01,5.0,0.624
2889,FC_MAD2,IXD_MAD,1DC_MAD,SKU_0182,2024-11-11,75,forecast,7.1,False,74.55,49,reorder_point,1.7,False,48.71,7.3,0.994
2890,FC_MAD2,IXD_MAD,1DC_MAD,SKU_0168,2024-11-11,74,forecast,6.3,False,18.06,45,reorder_point,1.3,False,10.98,6.6,0.244
2891,FC_MAD2,IXD_MAD,1DC_MAD,SKU_0095,2024-11-11,184,forecast,10.7,False,45.08,124,reorder_point,2.2,False,30.38,9.7,0.245
2892,FC_PAR1,IXD_PAR,1DC_AMS,SKU_0166,2024-11-11,236,forecast,13.7,False,250.63,127,reorder_point,2.0,False,134.87,8.7,1.062
2893,FC_PAR1,IXD_PAR,1DC_AMS,SKU_0135,2024-11-11,23,forecast,5.3,False,17.87,10,reorder_point,2.0,False,7.77,5.4,0.777
2894,FC_PAR1,IXD_PAR,1DC_AMS,SKU_0133,2024-11-11,84,forecast,10.5,False,51.24,45,reorder_point,1.1,False,27.45,6.0,0.61
2895,FC_PAR2,IXD_PAR,1DC_MUC,SKU_0173,2024-11-11,17,forecast,6.8,False,9.08,11,reorder_point,2.2,True,5.87,7.6,0.534
2896,FC_PAR2,IXD_PAR,1DC_MUC,SKU_0234,2024-11-11,21,forecast,8.8,False,22.89,13,reorder_point,1.5,False,14.17,10.1,1.09
2897,FC_PAR2,IXD_PAR,1DC_MUC,SKU_0127,2024-11-11,17,forecast,4.0,False,14.01,12,reorder_point,2.2,False,9.89,10.0,0.824
2898,FC_PAR2,IXD_PAR,1DC_MUC,SKU_0023,2024-11-11,85,forecast,3.0,False,22.87,43,reorder_point,0.9,False,11.57,10.4,0.269
2899,FC_PAR2,IXD_PAR,1DC_MUC,SKU_0027,2024-11-11,16,forecast,9.2,False,11.15,14,reorder_point,1.6,False,9.76,7.7,0.697
2900,FC_PAR2,IXD_PAR,1DC_MUC,SKU_0066,2024-11-11,74,forecast,13.1,False,62.46,43,reorder_point,1.9,False,36.29,6.8,0.844
2901,FC_PAR2,IXD_PAR,1DC_MUC,SKU_0107,2024-11-11,64,forecast,11.6,False,53.63,43,reorder_point,1.7,False,36.03,8.6,0.838
2902,FC_PAR2,IXD_PAR,1DC_MUC,SKU_0024,2024-11-11,133,forecast,4.6,False,42.69,124,reorder_point,1.0,False,39.8,9.1,0.321
2903,FC_BER1,IXD_BER,1DC_BCN,SKU_0189,2024-11-11,65,forecast,11.7,False,35.88,50,reorder_point,1.0,False,27.6,9.6,0.552
2904,FC_BER1,IXD_BER,1DC_BCN,SKU_0145,2024-11-11,58,forecast,13.8,False,7.71,45,reorder_point,2.5,False,5.99,12.4,0.133
2905,FC_BER1,IXD_BER,1DC_BCN,SKU_0003,2024-11-11,61,forecast,8.7,False,31.29,53,reorder_point,0.6,False,27.19,11.4,0.513
2906,FC_BER1,IXD_BER,1DC_BCN,SKU_0078,2024-11-11,23,forecast,7.9,False,13.09,13,reorder_point,2.1,False,7.4,8.1,0.569
2907,FC_MUN1,IXD_PAR,1DC_MUC,SKU_0162,2024-11-11,87,forecast,4.0,False,17.14,51,reorder_point,2.5,False,10.05,9.7,0.197
2908,FC_MUN1,IXD_PAR,1DC_MUC,SKU_0107,2024-11-11,61,forecast,13.3,False,6.95,49,reorder_point,2.1,False,5.59,8.7,0.114
2909,FC_MUN1,IXD_PAR,1DC_MUC,SKU_0090,2024-11-11,79,forecast,12.0,False,24.73,46,reorder_point,2.9,False,14.4,8.4,0.313
2910,FC_MUN1,IXD_PAR,1DC_MUC,SKU_0246,2024-11-11,236,forecast,8.9,False,246.62,139,reorder_point,2.4,False,145.25,10.6,1.045
2911,FC_BCN1,IXD_BCN,1DC_BCN,SKU_0034,2024-11-12,69,forecast,9.3,False,62.03,45,reorder_point,1.4,False,40.45,6.7,0.899
2912,FC_BCN1,IXD_BCN,1DC_BCN,SKU_0078,2024-11-12,21,forecast,7.9,False,11.45,14,reorder_point,1.8,False,7.63,7.9,0.545
2913,FC_BCN1,IXD_BCN,1DC_BCN,SKU_0063,2024-11-12,82,forecast,6.9,False,34.69,45,reorder_point,1.3,False,19.04,9.5,0.423
2914,FC_BCN1,IXD_BCN,1DC_BCN,SKU_0039,2024-11-12,59,forecast,8.6,False,53.22,48,reorder_point,2.2,False,43.3,8.8,0.902
2915,FC_BCN2,IXD_BCN,1DC_BCN,SKU_0043,2024-11-12,16,forecast,5.4,False,4.59,11,reorder_point,1.1,False,3.16,5.6,0.287
2916,FC_BCN2,IXD_BCN,1DC_BCN,SKU_0027,2024-11-12,20,forecast,7.3,False,2.9,12,reorder_point,0.7,False,1.74,13.8,0.145
2917,FC_BCN2,IXD_BCN,1DC_BCN,SKU_0085,2024-11-12,22,forecast,7.6,False,7.92,12,reorder_point,2.8,False,4.32,10.4,0.36
2918,FC_BCN2,IXD_BCN,1DC_BCN,SKU_0071,2024-11-12,181,forecast,11.1,False,51.77,131,reorder_point,2.7,False,37.47,9.2,0.286
2919,FC_BCN2,IXD_BCN,1DC_BCN,SKU_0030,2024-11-12,219,forecast,3.5,False,194.69,134,reorder_point,2.5,False,119.13,7.9,0.889
2920,FC_BCN2,IXD_BCN,1DC_BCN,SKU_0182,2024-11-12,69,forecast,13.2,True,64.1,48,reorder_point,2.1,False,44.59,10.0,0.929
2921,FC_BCN2,IXD_BCN,1DC_BCN,SKU_0032,2024-11-12,165,forecast,9.6,False,33.0,121,reorder_point,2.6,False,24.2,8.1,0.2
2922,FC_MAD1,IXD_MAD,1DC_MAD,SKU_0132,2024-11-12,62,forecast,11.2,False,36.08,40,reorder_point,2.0,False,23.28,6.7,0.582
2923,FC_MAD1,IXD_MAD,1DC_MAD,SKU_0203,2024-11-12,70,forecast,4.2,False,74.41,40,reorder_point,1.0,False,42.52,7.3,1.063
2924,FC_MAD1,IXD_MAD,1DC_MAD,SKU_0024,2024-11-12,230,forecast,9.1,False,162.84,140,reorder_point,2.5,False,99.12,10.1,0.708
2925,FC_MAD2,IXD_MAD,1DC_MAD,SKU_0149,2024-11-12,54,forecast,13.0,False,49.3,50,reorder_point,0.6,False,45.65,9.1,0.913
2926,FC_MAD2,IXD_MAD,1DC_MAD,SKU_0208,2024-11-12,19,forecast,12.2,False,14.44,12,reorder_point,0.7,False,9.12,9.1,0.76
2927,FC_MAD2,IXD_MAD,1DC_MAD,SKU_0020,2024-11-12,184,forecast,8.9,False,192.83,129,reorder_point,0.9,False,135.19,7.7,1.048
2928,FC_MAD2,IXD_MAD,1DC_MAD,SKU_0218,2024-11-12,72,forecast,10.9,False,72.86,53,reorder_point,1.4,False,53.64,5.6,1.012
2929,FC_MAD2,IXD_MAD,1DC_MAD,SKU_0026,2024-11-12,19,forecast,3.9,False,5.0,11,reorder_point,2.5,False,2.89,9.3,0.263
2930,FC_MAD2,IXD_MAD,1DC_MAD,SKU_0035,2024-11-12,136,forecast,12.6,False,148.51,137,reorder_point,0.6,False,149.6,10.7,1.092
2931,FC_MAD2,IXD_MAD,1DC_MAD,SKU_0055,2024-11-12,18,forecast,10.4,False,6.39,12,reorder_point,1.4,False,4.26,6.4,0.355
2932,FC_MAD2,IXD_MAD,1DC_MAD,SKU_0002,2024-11-12,65,forecast,4.2,False,57.79,52,reorder_point,3.0,False,46.23,10.4,0.889
2933,FC_PAR1,IXD_PAR,1DC_BCN,SKU_0009,2024-11-12,20,forecast,13.1,False,3.86,12,reorder_point,2.6,False,2.32,6.6,0.193
2934,FC_PAR1,IXD_PAR,1DC_BCN,SKU_0029,2024-11-12,144,forecast,7.7,False,119.52,110,reorder_point,0.7,False,91.3,9.4,0.83
2935,FC_PAR1,IXD_PAR,1DC_BCN,SKU_0222,2024-11-12,76,forecast,10.1,False,34.73,49,reorder_point,2.6,False,22.39,8.9,0.457
2936,FC_PAR1,IXD_PAR,1DC_BCN,SKU_0224,2024-11-12,212,forecast,11.5,False,68.05,140,reorder_point,0.6,False,44.94,9.6,0.321
2937,FC_PAR1,IXD_PAR,1DC_BCN,SKU_0203,2024-11-12,61,forecast,10.3,False,57.71,47,reorder_point,2.2,False,44.46,11.8,0.946
2938,FC_PAR1,IXD_PAR,1DC_BCN,SKU_0226,2024-11-12,194,forecast,7.3,False,75.27,135,reorder_point,2.7,False,52.38,8.4,0.388
2939,FC_PAR1,IXD_PAR,1DC_BCN,SKU_0008,2024-11-12,63,forecast,4.0,False,23.56,41,reorder_point,1.0,False,15.33,6.7,0.374
2940,FC_PAR2,IXD_PAR,1DC_MAD,SKU_0228,2024-11-12,72,forecast,3.1,False,46.15,51,reorder_point,1.5,False,32.69,8.3,0.641
2941,FC_PAR2,IXD_PAR,1DC_MAD,SKU_0020,2024-11-12,206,forecast,8.5,False,74.98,109,reorder_point,2.4,False,39.68,8.2,0.364
2942,FC_PAR2,IXD_PAR,1DC_MAD,SKU_0145,2024-11-12,84,forecast,3.3,False,78.04,48,reorder_point,2.5,False,44.59,10.8,0.929
2943,FC_PAR2,IXD_PAR,1DC_MAD,SKU_0234,2024-11-12,18,forecast,7.6,False,12.92,14,reorder_point,1.2,False,10.05,7.4,0.718
2944,FC_PAR2,IXD_PAR,1DC_MAD,SKU_0140,2024-11-12,23,forecast,6.8,False,4.09,12,reorder_point,0.9,False,2.14,7.8,0.178
2945,FC_PAR2,IXD_PAR,1DC_MAD,SKU_0037,2024-11-12,76,forecast,10.2,False,31.62,45,reorder_point,2.8,False,18.72,6.7,0.416
2946,FC_PAR2,IXD_PAR,1DC_MAD,SKU_0049,2024-11-12,76,forecast,9.9,False,53.28,45,reorder_point,1.5,False,31.54,9.2,0.701
2947,FC_BER1,IXD_BER,1DC_CDG,SKU_0012,2024-11-12,53,forecast,13.3,False,40.92,47,reorder_point,1.8,False,36.28,12.4,0.772
2948,FC_BER1,IXD_BER,1DC_CDG,SKU_0097,2024-11-12,22,forecast,6.5,False,5.04,11,reorder_point,2.5,False,2.52,12.3,0.229
2949,FC_BER1,IXD_BER,1DC_CDG,SKU_0207,2024-11-12,67,forecast,7.3,False,19.43,45,reorder_point,0.8,False,13.05,8.3,0.29
2950,FC_MUN1,IXD_MAD,1DC_CDG,SKU_0241,2024-11-12,17,forecast,9.0,False,2.48,14,reorder_point,2.2,False,2.04,8.6,0.146
2951,FC_MUN1,IXD_MAD,1DC_CDG,SKU_0102,2024-11-12,17,forecast,4.7,False,17.59,12,reorder_point,2.2,False,12.42,10.1,1.035
2952,FC_MUN1,IXD_MAD,1DC_CDG,SKU_0244,2024-11-12,54,forecast,4.0,False,23.76,44,reorder_point,1.2,False,19.36,9.2,0.44
2953,FC_MUN1,IXD_MAD,1DC_CDG,SKU_0088,2024-11-12,83,forecast,7.3,True,81.26,47,reorder_point,2.4,False,46.01,6.7,0.979
2954,FC_MUN1,IXD_MAD,1DC_CDG,SKU_0116,2024-11-12,151,forecast,7.0,False,152.21,120,reorder_point,0.9,False,120.96,6.8,1.008
2955,FC_MUN1,IXD_MAD,1DC_CDG,SKU_0230,2024-11-12,58,forecast,5.2,False,61.54,50,reorder_point,1.8,False,53.05,7.1,1.061
2956,FC_MUN1,IXD_MAD,1DC_CDG,SKU_0160,2024-11-12,15,forecast,10.3,False,10.57,11,reorder_point,2.3,False,7.75,9.3,0.705
2957,FC_MUN1,IXD_MAD,1DC_CDG,SKU_0227,2024-11-12,147,forecast,12.7,False,117.31,117,reorder_point,2.4,False,93.37,8.9,0.798
2958,FC_BCN1,IXD_BCN,1DC_BCN,SKU_0020,2024-11-13,162,forecast,3.3,False,128.79,141,reorder_point,1.7,False,112.09,7.1,0.795
2959,FC_BCN1,IXD_BCN,1DC_BCN,SKU_0205,2024-11-13,224,forecast,10.5,False,32.48,139,reorder_point,1.7,False,20.15,10.6,0.145
2960,FC_BCN1,IXD_BCN,1DC_BCN,SKU_0039,2024-11-13,53,forecast,4.3,False,55.12,42,reorder_point,0.7,False,43.68,11.5,1.04
2961,FC_BCN1,IXD_BCN,1DC_BCN,SKU_0222,2024-11-13,77,forecast,11.2,False,74.07,41,reorder_point,0.5,False,39.44,7.8,0.962
2962,FC_BCN1,IXD_BCN,1DC_BCN,SKU_0042,2024-11-13,23,forecast,6.8,False,7.29,13,reorder_point,2.4,False,4.12,6.9,0.317
2963,FC_BCN1,IXD_BCN,1DC_BCN,SKU_0086,2024-11-13,17,forecast,8.2,False,6.82,13,reorder_point,2.7,False,5.21,5.8,0.401
2964,FC_BCN1,IXD_BCN,1DC_BCN,SKU_0134,2024-11-13,87,forecast,4.6,False,35.76,53,reorder_point,2.6,False,21.78,10.0,0.411
2965,FC_BCN1,IXD_BCN,1DC_BCN,SKU_0192,2024-11-13,57,forecast,10.0,False,37.28,42,reorder_point,2.7,False,27.47,7.2,0.654
2966,FC_BCN2,IXD_BCN,1DC_BCN,SKU_0012,2024-11-13,89,forecast,5.8,False,50.91,47,reorder_point,1.8,False,26.88,5.8,0.572
2967,FC_BCN2,IXD_BCN,1DC_BCN,SKU_0002,2024-11-13,89,forecast,7.9,False,52.95,45,reorder_point,1.4,False,26.77,10.1,0.595
2968,FC_BCN2,IXD_BCN,1DC_BCN,SKU_0083,2024-11-13,208,forecast,12.1,False,85.9,134,reorder_point,0.8,False,55.34,10.1,0.413
2969,FC_BCN2,IXD_BCN,1DC_BCN,SKU_0019,2024-11-13,77,forecast,12.0,False,18.17,45,reorder_point,1.4,False,10.62,6.4,0.236
2970,FC_MAD1,IXD_MAD,1DC_MAD,SKU_0025,2024-11-13,202,forecast,3.4,False,213.11,133,reorder_point,2.9,False,140.31,10.7,1.055
2971,FC_MAD1,IXD_MAD,1DC_MAD,SKU_0057,2024-11-13,49,forecast,12.0,True,34.2,45,reorder_point,1.2,False,31.41,10.5,0.698
2972,FC_MAD1,IXD_MAD,1DC_MAD,SKU_0239,2024-11-13,16,forecast,10.8,False,11.39,14,reorder_point,1.0,False,9.97,11.0,0.712
2973,FC_MAD2,IXD_MAD,1DC_MAD,SKU_0025,2024-11-13,219,forecast,10.5,False,158.12,116,reorder_point,1.1,False,83.75,6.8,0.722
2974,FC_MAD2,IXD_MAD,1DC_MAD,SKU_0216,2024-11-13,74,forecast,3.3,True,24.12,41,reorder_point,1.0,False,13.37,7.5,0.326
2975,FC_MAD2,IXD_MAD,1DC_MAD,SKU_0078,2024-11-13,19,forecast,8.5,False,11.99,12,reorder_point,1.4,False,7.57,7.9,0.631
2976,FC_MAD2,IXD_MAD,1DC_MAD,SKU_0130,2024-11-13,53,forecast,13.3,False,52.1,41,reorder_point,2.3,False,40.3,8.9,0.983
2977,FC_MAD2,IXD_MAD,1DC_MAD,SKU_0030,2024-11-13,171,forecast,9.5,False,171.51,117,reorder_point,1.6,False,117.35,8.7,1.003
2978,FC_PAR1,IXD_PAR,1DC_MUC,SKU_0012,2024-11-13,88,forecast,5.3,False,32.03,42,reorder_point,1.1,False,15.29,9.4,0.364
2979,FC_PAR1,IXD_PAR,1DC_MUC,SKU_0011,2024-11-13,87,forecast,7.8,False,87.26,43,reorder_point,0.8,False,43.13,11.3,1.003
2980,FC_PAR1,IXD_PAR,1DC_MUC,SKU_0056,2024-11-13,81,forecast,9.1,False,45.28,46,reorder_point,2.6,False,25.71,7.4,0.559
2981,FC_PAR1,IXD_PAR,1DC_MUC,SKU_0057,2024-11-13,65,forecast,7.5,False,53.1,50,reorder_point,1.5,True,40.85,10.2,0.817
2982,FC_PAR1,IXD_PAR,1DC_MUC,SKU_0042,2024-11-13,22,forecast,9.0,False,14.06,13,reorder_point,1.0,False,8.31,8.1,0.639
2983,FC_PAR1,IXD_PAR,1DC_MUC,SKU_0031,2024-11-13,73,forecast,13.2,False,63.0,47,reorder_point,2.7,False,40.56,5.3,0.863
2984,FC_PAR1,IXD_PAR,1DC_MUC,SKU_0035,2024-11-13,178,forecast,10.8,False,146.32,115,reorder_point,2.6,False,94.53,8.9,0.822
2985,FC_PAR1,IXD_PAR,1DC_MUC,SKU_0093,2024-11-13,20,forecast,14.0,False,2.64,11,reorder_point,2.4,False,1.45,4.7,0.132
2986,FC_PAR2,IXD_PAR,1DC_CDG,SKU_0091,2024-11-13,238,forecast,4.0,False,147.8,131,reorder_point,1.2,False,81.35,11.2,0.621
2987,FC_PAR2,IXD_PAR,1DC_CDG,SKU_0187,2024-11-13,60,forecast,12.7,False,11.88,42,reorder_point,1.8,False,8.32,9.7,0.198
2988,FC_PAR2,IXD_PAR,1DC_CDG,SKU_0248,2024-11-13,60,forecast,4.3,False,34.44,50,reorder_point,1.7,False,28.7,7.0,0.574
2989,FC_PAR2,IXD_PAR,1DC_CDG,SKU_0182,2024-11-13,50,forecast,9.2,False,25.55,43,reorder_point,1.4,False,21.97,7.8,0.511
2990,FC_PAR2,IXD_PAR,1DC_CDG,SKU_0087,2024-11-13,72,forecast,13.2,False,48.46,51,reorder_point,2.5,False,34.32,8.4,0.673
2991,FC_PAR2,IXD_PAR,1DC_CDG,SKU_0067,2024-11-13,56,forecast,9.8,False,44.18,50,reorder_point,2.8,False,39.45,9.2,0.789
2992,FC_BER1,IXD_BER,1DC_CDG,SKU_0128,2024-11-13,15,forecast,7.4,False,6.92,12,reorder_point,1.7,False,5.53,7.6,0.461
2993,FC_BER1,IXD_BER,1DC_CDG,SKU_0144,2024-11-13,177,forecast,5.3,False,161.78,111,reorder_point,1.1,False,101.45,7.4,0.914
2994,FC_BER1,IXD_BER,1DC_CDG,SKU_0143,2024-11-13,13,forecast,9.0,False,2.99,11,reorder_point,1.6,False,2.53,7.9,0.23
2995,FC_BER1,IXD_BER,1DC_CDG,SKU_0052,2024-11-13,197,forecast,3.1,False,63.83,138,reorder_point,0.8,False,44.71,9.2,0.324
2996,FC_BER1,IXD_BER,1DC_CDG,SKU_0028,2024-11-13,168,forecast,8.8,True,58.97,118,reorder_point,2.4,False,41.42,8.6,0.351
2997,FC_BER1,IXD_BER,1DC_CDG,SKU_0159,2024-11-13,55,forecast,3.8,False,49.5,48,reorder_point,0.7,False,43.2,6.7,0.9
2998,FC_MUN1,IXD_BER,1DC_CDG,SKU_0118,2024-11-13,78,forecast,3.2,False,14.82,53,reorder_point,2.1,False,10.07,8.2,0.19
2999,FC_MUN1,IXD_BER,1DC_CDG,SKU_0232,2024-11-13,18,forecast,8.8,False,9.94,12,reorder_point,2.0,False,6.62,7.2,0.552
3000,FC_MUN1,IXD_BER,1DC_CDG,SKU_0010,2024-11-13,73,forecast,7.3,True,29.64,42,reorder_point,1.0,False,17.05,8.8,0.406
3001,FC_MUN1,IXD_BER,1DC_CDG,SKU_0173,2024-11-13,15,forecast,7.0,False,16.26,12,reorder_point,1.6,False,13.01,8.3,1.084
3002,FC_MUN1,IXD_BER,1DC_CDG,SKU_0027,2024-11-13,20,forecast,11.3,False,17.36,14,reorder_point,1.6,False,12.15,10.2,0.868
3003,FC_MUN1,IXD_BER,1DC_CDG,SKU_0126,2024-11-13,182,forecast,4.3,False,131.95,119,reorder_point,2.0,False,86.27,6.4,0.725
3004,FC_MUN1,IXD_BER,1DC_CDG,SKU_0047,2024-11-13,79,forecast,12.4,True,48.03,53,reorder_point,1.6,False,32.22,8.9,0.608
3005,FC_MUN1,IXD_BER,1DC_CDG,SKU_0177,2024-11-13,18,forecast,10.0,False,5.4,13,reorder_point,0.6,False,3.9,7.1,0.3
3006,FC_BCN1,IXD_BCN,1DC_BCN,SKU_0129,2024-11-14,64,forecast,13.7,False,20.03,51,reorder_point,2.6,False,15.96,10.5,0.313
3007,FC_BCN1,IXD_BCN,1DC_BCN,SKU_0179,2024-11-14,23,forecast,13.9,False,21.62,11,reorder_point,1.7,False,10.34,9.1,0.94
3008,FC_BCN1,IXD_BCN,1DC_BCN,SKU_0169,2024-11-14,66,forecast,11.8,False,55.11,48,reorder_point,2.5,False,40.08,10.5,0.835
3009,FC_BCN1,IXD_BCN,1DC_BCN,SKU_0133,2024-11-14,67,forecast,11.2,False,30.42,44,reorder_point,2.0,False,19.98,7.8,0.454
3010,FC_BCN2,IXD_BCN,1DC_BCN,SKU_0208,2024-11-14,21,forecast,6.0,False,15.52,11,reorder_point,1.3,True,8.13,8.8,0.739
3011,FC_BCN2,IXD_BCN,1DC_BCN,SKU_0065,2024-11-14,50,forecast,7.0,False,31.2,42,reorder_point,2.1,False,26.21,8.0,0.624
3012,FC_BCN2,IXD_BCN,1DC_BCN,SKU_0102,2024-11-14,16,forecast,5.5,False,14.64,11,reorder_point,0.6,False,10.07,11.9,0.915
3013,FC_BCN2,IXD_BCN,1DC_BCN,SKU_0072,2024-11-14,71,forecast,13.4,False,33.51,47,reorder_point,0.5,False,22.18,9.1,0.472
3014,FC_BCN2,IXD_BCN,1DC_BCN,SKU_0104,2024-11-14,194,forecast,5.1,False,162.96,116,reorder_point,2.0,False,97.44,11.3,0.84
3015,FC_BCN2,IXD_BCN,1DC_BCN,SKU_0011,2024-11-14,77,forecast,6.0,False,34.8,46,reorder_point,1.6,False,20.79,9.0,0.452
3016,FC_BCN2,IXD_BCN,1DC_BCN,SKU_0185,2024-11-14,227,forecast,5.4,False,33.14,133,reorder_point,2.6,False,19.42,7.1,0.146
3017,FC_MAD1,IXD_MAD,1DC_MAD,SKU_0226,2024-11-14,147,forecast,7.0,False,72.77,127,reorder_point,2.1,False,62.87,8.9,0.495
3018,FC_MAD1,IXD_MAD,1DC_MAD,SKU_0072,2024-11-14,75,forecast,5.9,False,63.45,51,reorder_point,2.8,False,43.15,9.9,0.846
3019,FC_MAD1,IXD_MAD,1DC_MAD,SKU_0064,2024-11-14,15,forecast,12.4,False,10.42,12,reorder_point,2.6,False,8.34,7.6,0.695
3020,FC_MAD1,IXD_MAD,1DC_MAD,SKU_0201,2024-11-14,51,forecast,13.5,False,6.17,51,reorder_point,0.7,False,6.17,8.6,0.121
3021,FC_MAD1,IXD_MAD,1DC_MAD,SKU_0161,2024-11-14,184,forecast,3.5,False,66.61,111,reorder_point,2.7,False,40.18,4.7,0.362
3022,FC_MAD1,IXD_MAD,1DC_MAD,SKU_0226,2024-11-14,181,forecast,9.2,False,22.08,126,reorder_point,3.0,False,15.37,11.6,0.122
3023,FC_MAD1,IXD_MAD,1DC_MAD,SKU_0023,2024-11-14,60,forecast,5.4,False,57.3,52,reorder_point,1.4,False,49.66,6.1,0.955
3024,FC_MAD2,IXD_MAD,1DC_MAD,SKU_0243,2024-11-14,82,forecast,6.8,False,70.6,49,reorder_point,1.0,True,42.19,8.9,0.861
3025,FC_MAD2,IXD_MAD,1DC_MAD,SKU_0008,2024-11-14,78,forecast,12.5,False,50.08,46,reorder_point,1.7,False,29.53,5.9,0.642
3026,FC_PAR1,IXD_PAR,1DC_MAD,SKU_0154,2024-11-14,151,forecast,12.7,False,43.49,111,reorder_point,1.0,False,31.97,5.5,0.288
3027,FC_PAR1,IXD_PAR,1DC_MAD,SKU_0119,2024-11-14,159,forecast,9.6,False,161.07,142,reorder_point,2.9,False,143.85,8.4,1.013
3028,FC_PAR1,IXD_PAR,1DC_MAD,SKU_0128,2024-11-14,17,forecast,8.5,True,10.01,14,reorder_point,1.8,False,8.25,7.3,0.589
3029,FC_PAR2,IXD_PAR,1DC_MAD,SKU_0012,2024-11-14,74,forecast,11.3,False,78.88,45,reorder_point,2.7,False,47.97,8.3,1.066
3030,FC_PAR2,IXD_PAR,1DC_MAD,SKU_0136,2024-11-14,57,forecast,8.9,False,16.87,46,reorder_point,2.3,False,13.62,10.6,0.296
3031,FC_PAR2,IXD_PAR,1DC_MAD,SKU_0003,2024-11-14,58,forecast,8.7,False,6.21,46,reorder_point,1.6,False,4.92,7.0,0.107
3032,FC_PAR2,IXD_PAR,1DC_MAD,SKU_0075,2024-11-14,85,forecast,9.8,False,82.19,47,reorder_point,2.0,False,45.45,6.2,0.967
3033,FC_PAR2,IXD_PAR,1DC_MAD,SKU_0142,2024-11-14,84,forecast,8.6,False,49.73,51,reorder_point,2.5,False,30.19,8.5,0.592
3034,FC_PAR2,IXD_PAR,1DC_MAD,SKU_0133,2024-11-14,62,forecast,9.9,False,40.36,53,reorder_point,3.0,False,34.5,7.8,0.651
3035,FC_PAR2,IXD_PAR,1DC_MAD,SKU_0169,2024-11-14,72,forecast,6.5,False,71.06,43,reorder_point,1.0,False,42.44,7.1,0.987
3036,FC_PAR2,IXD_PAR,1DC_MAD,SKU_0112,2024-11-14,13,forecast,10.8,False,10.96,12,reorder_point,2.1,False,10.12,7.1,0.843
3037,FC_BER1,IXD_BER,1DC_BCN,SKU_0214,2024-11-14,23,forecast,3.4,False,16.1,14,reorder_point,2.1,False,9.8,8.6,0.7
3038,FC_BER1,IXD_BER,1DC_BCN,SKU_0229,2024-11-14,149,forecast,5.7,False,51.4,122,reorder_point,1.2,True,42.09,8.9,0.345
3039,FC_BER1,IXD_BER,1DC_BCN,SKU_0113,2024-11-14,19,forecast,9.5,False,19.46,11,reorder_point,2.5,False,11.26,9.4,1.024
3040,FC_MUN1,IXD_BCN,1DC_MAD,SKU_0222,2024-11-14,88,forecast,9.7,False,34.5,48,reorder_point,2.8,True,18.82,10.3,0.392
3041,FC_MUN1,IXD_BCN,1DC_MAD,SKU_0052,2024-11-14,140,forecast,13.4,False,141.26,109,reorder_point,3.0,False,109.98,9.4,1.009
3042,FC_MUN1,IXD_BCN,1DC_MAD,SKU_0078,2024-11-14,18,forecast,4.4,False,19.1,12,reorder_point,2.8,False,12.73,8.1,1.061
3043,FC_BCN1,IXD_BCN,1DC_BCN,SKU_0136,2024-11-15,61,forecast,7.9,False,55.57,45,reorder_point,2.4,False,41.0,7.3,0.911
3044,FC_BCN1,IXD_BCN,1DC_BCN,SKU_0241,2024-11-15,21,forecast,6.0,False,4.3,13,reorder_point,1.3,False,2.67,8.9,0.205
3045,FC_BCN1,IXD_BCN,1DC_BCN,SKU_0220,2024-11-15,141,forecast,4.7,False,32.71,132,reorder_point,2.4,False,30.62,7.2,0.232
3046,FC_BCN1,IXD_BCN,1DC_BCN,SKU_0091,2024-11-15,225,forecast,4.1,False,116.78,139,reorder_point,1.4,False,72.14,9.1,0.519
3047,FC_BCN2,IXD_BCN,1DC_BCN,SKU_0201,2024-11-15,70,forecast,11.0,False,57.96,45,reorder_point,0.6,False,37.26,6.2,0.828
3048,FC_BCN2,IXD_BCN,1DC_BCN,SKU_0219,2024-11-15,22,forecast,6.6,False,19.78,13,reorder_point,1.6,False,11.69,8.3,0.899
3049,FC_BCN2,IXD_BCN,1DC_BCN,SKU_0004,2024-11-15,82,forecast,11.4,False,50.02,44,reorder_point,2.3,False,26.84,10.2,0.61
3050,FC_BCN2,IXD_BCN,1DC_BCN,SKU_0035,2024-11-15,202,forecast,6.2,False,208.67,109,reorder_point,2.8,True,112.6,6.1,1.033
3051,FC_BCN2,IXD_BCN,1DC_BCN,SKU_0106,2024-11-15,73,forecast,7.0,False,44.6,48,reorder_point,2.5,False,29.33,7.4,0.611
3052,FC_BCN2,IXD_BCN,1DC_BCN,SKU_0220,2024-11-15,138,forecast,11.3,False,75.49,113,reorder_point,1.6,False,61.81,9.7,0.547
3053,FC_MAD1,IXD_MAD,1DC_MAD,SKU_0116,2024-11-15,199,forecast,13.3,False,122.19,128,reorder_point,0.9,False,78.59,8.3,0.614
3054,FC_MAD1,IXD_MAD,1DC_MAD,SKU_0038,2024-11-15,223,forecast,11.1,False,26.09,116,reorder_point,2.0,False,13.57,7.6,0.117
3055,FC_MAD1,IXD_MAD,1DC_MAD,SKU_0016,2024-11-15,78,forecast,12.6,False,43.84,48,reorder_point,1.2,False,26.98,5.8,0.562
3056,FC_MAD1,IXD_MAD,1DC_MAD,SKU_0068,2024-11-15,86,forecast,12.3,False,76.37,46,reorder_point,1.0,False,40.85,7.3,0.888
3057,FC_MAD1,IXD_MAD,1DC_MAD,SKU_0169,2024-11-15,83,forecast,4.3,False,45.4,48,reorder_point,1.4,True,26.26,9.5,0.547
3058,FC_MAD1,IXD_MAD,1DC_MAD,SKU_0160,2024-11-15,21,forecast,3.2,False,12.41,13,reorder_point,2.8,False,7.68,10.2,0.591
3059,FC_MAD1,IXD_MAD,1DC_MAD,SKU_0174,2024-11-15,18,forecast,7.0,False,3.65,14,reorder_point,2.5,False,2.84,8.1,0.203
3060,FC_MAD1,IXD_MAD,1DC_MAD,SKU_0233,2024-11-15,23,forecast,12.0,True,20.47,11,reorder_point,1.4,False,9.79,7.4,0.89
3061,FC_MAD2,IXD_MAD,1DC_MAD,SKU_0092,2024-11-15,74,forecast,6.7,False,79.18,52,reorder_point,2.5,False,55.64,6.5,1.07
3062,FC_MAD2,IXD_MAD,1DC_MAD,SKU_0055,2024-11-15,15,forecast,11.7,False,7.73,12,reorder_point,2.9,False,6.18,9.6,0.515
3063,FC_MAD2,IXD_MAD,1DC_MAD,SKU_0014,2024-11-15,72,forecast,11.6,False,61.85,40,reorder_point,3.0,False,34.36,10.3,0.859
3064,FC_MAD2,IXD_MAD,1DC_MAD,SKU_0014,2024-11-15,61,forecast,3.9,False,52.83,52,reorder_point,2.2,False,45.03,9.7,0.866
3065,FC_PAR1,IXD_PAR,1DC_MAD,SKU_0184,2024-11-15,194,forecast,9.4,False,188.18,128,reorder_point,2.7,False,124.16,5.0,0.97
3066,FC_PAR1,IXD_PAR,1DC_MAD,SKU_0172,2024-11-15,77,forecast,3.4,False,34.65,53,reorder_point,1.8,False,23.85,5.4,0.45
3067,FC_PAR1,IXD_PAR,1DC_MAD,SKU_0174,2024-11-15,13,forecast,4.0,False,3.96,13,reorder_point,1.9,False,3.96,9.9,0.305
3068,FC_PAR1,IXD_PAR,1DC_MAD,SKU_0012,2024-11-15,56,forecast,6.1,True,45.25,50,reorder_point,2.2,False,40.4,9.5,0.808
3069,FC_PAR1,IXD_PAR,1DC_MAD,SKU_0241,2024-11-15,19,forecast,5.7,False,10.41,11,reorder_point,0.5,False,6.03,8.7,0.548
3070,FC_PAR1,IXD_PAR,1DC_MAD,SKU_0044,2024-11-15,87,forecast,13.9,True,91.61,47,reorder_point,1.0,False,49.49,10.8,1.053
3071,FC_PAR1,IXD_PAR,1DC_MAD,SKU_0116,2024-11-15,188,forecast,11.3,False,44.18,124,reorder_point,1.5,False,29.14,8.0,0.235
3072,FC_PAR2,IXD_PAR,1DC_MAD,SKU_0060,2024-11-15,164,forecast,10.7,False,95.28,114,reorder_point,2.4,False,66.23,11.9,0.581
3073,FC_PAR2,IXD_PAR,1DC_MAD,SKU_0039,2024-11-15,78,forecast,7.5,False,67.24,40,reorder_point,1.7,False,34.48,8.8,0.862
3074,FC_PAR2,IXD_PAR,1DC_MAD,SKU_0154,2024-11-15,220,forecast,7.5,False,174.46,136,reorder_point,1.3,False,107.85,5.5,0.793
3075,FC_PAR2,IXD_PAR,1DC_MAD,SKU_0122,2024-11-15,67,forecast,12.4,False,70.35,48,reorder_point,1.3,False,50.4,7.7,1.05
3076,FC_PAR2,IXD_PAR,1DC_MAD,SKU_0099,2024-11-15,22,forecast,5.4,False,9.39,13,reorder_point,1.3,False,5.55,7.2,0.427
3077,FC_PAR2,IXD_PAR,1DC_MAD,SKU_0207,2024-11-15,67,forecast,6.4,False,57.55,48,reorder_point,0.5,False,41.23,6.2,0.859
3078,FC_BER1,IXD_BER,1DC_MUC,SKU_0207,2024-11-15,64,forecast,11.4,False,10.5,45,reorder_point,2.2,False,7.38,10.7,0.164
3079,FC_BER1,IXD_BER,1DC_MUC,SKU_0230,2024-11-15,54,forecast,13.8,False,58.05,42,reorder_point,2.5,False,45.15,7.2,1.075
3080,FC_BER1,IXD_BER,1DC_MUC,SKU_0166,2024-11-15,146,forecast,7.2,False,48.18,114,reorder_point,0.6,False,37.62,6.3,0.33
3081,FC_BER1,IXD_BER,1DC_MUC,SKU_0181,2024-11-15,192,forecast,6.0,False,188.74,132,reorder_point,0.7,False,129.76,7.0,0.983
3082,FC_BER1,IXD_BER,1DC_MUC,SKU_0134,2024-11-15,88,forecast,8.5,False,42.68,53,reorder_point,2.5,False,25.7,8.6,0.485
3083,FC_BER1,IXD_BER,1DC_MUC,SKU_0205,2024-11-15,230,forecast,6.6,False,207.23,131,reorder_point,2.1,False,118.03,8.9,0.901
3084,FC_MUN1,IXD_BER,1DC_MUC,SKU_0001,2024-11-15,137,forecast,6.9,True,79.32,134,reorder_point,2.8,False,77.59,6.8,0.579
3085,FC_MUN1,IXD_BER,1DC_MUC,SKU_0109,2024-11-15,60,forecast,5.8,False,12.42,43,reorder_point,1.5,False,8.9,6.8,0.207
3086,FC_MUN1,IXD_BER,1DC_MUC,SKU_0247,2024-11-15,178,forecast,5.1,False,33.46,117,reorder_point,0.6,False,22.0,8.9,0.188
3087,FC_MUN1,IXD_BER,1DC_MUC,SKU_0176,2024-11-15,70,forecast,7.9,False,13.51,41,reorder_point,1.4,False,7.91,7.3,0.193
3088,FC_MUN1,IXD_BER,1DC_MUC,SKU_0249,2024-11-15,70,forecast,10.4,False,23.45,51,reorder_point,1.5,False,17.09,10.8,0.335
3089,FC_MUN1,IXD_BER,1DC_MUC,SKU_0082,2024-11-15,85,forecast,9.0,True,56.36,41,reorder_point,1.2,False,27.18,9.0,0.663
3090,FC_MUN1,IXD_BER,1DC_MUC,SKU_0223,2024-11-15,87,forecast,12.9,False,60.12,53,reorder_point,1.0,False,36.62,9.6,0.691
3091,FC_BCN1,IXD_BCN,1DC_BCN,SKU_0013,2024-11-16,81,forecast,4.4,False,86.75,41,reorder_point,1.5,False,43.91,8.4,1.071
3092,FC_BCN1,IXD_BCN,1DC_BCN,SKU_0189,2024-11-16,82,forecast,3.5,False,45.84,42,reorder_point,0.7,False,23.48,6.4,0.559
3093,FC_BCN1,IXD_BCN,1DC_BCN,SKU_0215,2024-11-16,75,forecast,12.2,False,42.97,51,reorder_point,1.5,False,29.22,12.0,0.573
3094,FC_BCN1,IXD_BCN,1DC_BCN,SKU_0181,2024-11-16,151,forecast,9.8,False,151.6,142,reorder_point,2.5,False,142.57,9.0,1.004
3095,FC_BCN1,IXD_BCN,1DC_BCN,SKU_0129,2024-11-16,82,forecast,3.5,False,26.32,40,reorder_point,1.7,False,12.84,8.4,0.321
3096,FC_BCN1,IXD_BCN,1DC_BCN,SKU_0110,2024-11-16,52,forecast,9.5,False,35.78,52,reorder_point,0.8,False,35.78,6.8,0.688
3097,FC_BCN1,IXD_BCN,1DC_BCN,SKU_0074,2024-11-16,16,forecast,13.3,False,5.54,11,reorder_point,3.0,False,3.81,8.8,0.346
3098,FC_BCN2,IXD_BCN,1DC_BCN,SKU_0033,2024-11-16,17,forecast,5.7,False,2.43,12,reorder_point,1.5,False,1.72,8.0,0.143
3099,FC_BCN2,IXD_BCN,1DC_BCN,SKU_0057,2024-11-16,57,forecast,4.0,False,24.62,45,reorder_point,1.8,False,19.44,9.7,0.432
3100,FC_BCN2,IXD_BCN,1DC_BCN,SKU_0039,2024-11-16,66,forecast,13.3,False,55.9,49,reorder_point,1.5,False,41.5,10.1,0.847
3101,FC_BCN2,IXD_BCN,1DC_BCN,SKU_0037,2024-11-16,67,forecast,6.5,True,35.98,52,reorder_point,1.4,False,27.92,10.0,0.537
3102,FC_BCN2,IXD_BCN,1DC_BCN,SKU_0125,2024-11-16,51,forecast,9.4,False,9.33,53,reorder_point,2.4,False,9.7,6.2,0.183
3103,FC_BCN2,IXD_BCN,1DC_BCN,SKU_0134,2024-11-16,53,forecast,7.2,False,35.72,48,reorder_point,2.5,False,32.35,6.4,0.674
3104,FC_MAD1,IXD_MAD,1DC_MAD,SKU_0195,2024-11-16,77,forecast,5.5,False,61.68,45,reorder_point,1.8,False,36.05,10.9,0.801
3105,FC_MAD1,IXD_MAD,1DC_MAD,SKU_0248,2024-11-16,52,forecast,12.6,False,41.91,51,reorder_point,2.7,False,41.11,9.9,0.806
3106,FC_MAD1,IXD_MAD,1DC_MAD,SKU_0059,2024-11-16,135,forecast,6.0,False,98.28,117,reorder_point,2.4,False,85.18,11.8,0.728
3107,FC_MAD2,IXD_MAD,1DC_MAD,SKU_0085,2024-11-16,21,forecast,9.3,False,8.51,10,reorder_point,0.7,False,4.05,9.8,0.405
3108,FC_MAD2,IXD_MAD,1DC_MAD,SKU_0130,2024-11-16,50,forecast,6.5,True,41.15,43,reorder_point,1.2,False,35.39,7.6,0.823
3109,FC_MAD2,IXD_MAD,1DC_MAD,SKU_0058,2024-11-16,23,forecast,5.2,False,22.33,11,reorder_point,2.3,False,10.68,7.8,0.971
3110,FC_MAD2,IXD_MAD,1DC_MAD,SKU_0001,2024-11-16,194,forecast,8.9,False,199.63,122,reorder_point,3.0,False,125.54,10.4,1.029
3111,FC_MAD2,IXD_MAD,1DC_MAD,SKU_0009,2024-11-16,20,forecast,4.6,False,8.82,10,reorder_point,2.9,False,4.41,11.6,0.441
3112,FC_MAD2,IXD_MAD,1DC_MAD,SKU_0180,2024-11-16,226,forecast,4.9,False,228.49,138,reorder_point,1.1,False,139.52,9.8,1.011
3113,FC_MAD2,IXD_MAD,1DC_MAD,SKU_0210,2024-11-16,72,forecast,8.2,False,39.17,51,reorder_point,1.8,False,27.74,9.9,0.544
3114,FC_PAR1,IXD_PAR,1DC_MAD,SKU_0155,2024-11-16,53,forecast,13.5,False,42.45,49,reorder_point,1.9,True,39.25,9.6,0.801
3115,FC_PAR1,IXD_PAR,1DC_MAD,SKU_0015,2024-11-16,77,forecast,10.9,False,57.75,48,reorder_point,2.4,False,36.0,7.2,0.75
3116,FC_PAR1,IXD_PAR,1DC_MAD,SKU_0125,2024-11-16,73,forecast,13.9,False,66.94,49,reorder_point,0.6,False,44.93,8.1,0.917
3117,FC_PAR1,IXD_PAR,1DC_MAD,SKU_0186,2024-11-16,61,forecast,7.2,False,51.24,51,reorder_point,1.2,False,42.84,7.9,0.84
3118,FC_PAR2,IXD_PAR,1DC_MUC,SKU_0239,2024-11-16,22,forecast,8.1,False,2.35,13,reorder_point,3.0,False,1.39,9.3,0.107
3119,FC_PAR2,IXD_PAR,1DC_MUC,SKU_0067,2024-11-16,65,forecast,12.6,False,13.71,52,reorder_point,1.3,False,10.97,9.6,0.211
3120,FC_PAR2,IXD_PAR,1DC_MUC,SKU_0170,2024-11-16,220,forecast,7.5,False,195.36,143,reorder_point,2.6,False,126.98,8.1,0.888
3121,FC_BER1,IXD_BER,1DC_MAD,SKU_0144,2024-11-16,179,forecast,12.5,True,18.44,112,reorder_point,3.0,False,11.54,9.0,0.103
3122,FC_BER1,IXD_BER,1DC_MAD,SKU_0167,2024-11-16,52,forecast,6.1,False,7.75,51,reorder_point,0.7,False,7.6,6.6,0.149
3123,FC_MUN1,IXD_MAD,1DC_BCN,SKU_0177,2024-11-16,17,forecast,4.8,True,10.05,14,reorder_point,2.5,False,8.27,6.5,0.591
3124,FC_MUN1,IXD_MAD,1DC_BCN,SKU_0127,2024-11-16,21,forecast,3.9,False,20.6,12,reorder_point,2.2,False,11.77,8.2,0.981
3125,FC_MUN1,IXD_MAD,1DC_BCN,SKU_0026,2024-11-16,14,forecast,6.7,False,7.7,13,reorder_point,2.0,False,7.15,4.2,0.55
3126,FC_MUN1,IXD_MAD,1DC_BCN,SKU_0163,2024-11-16,62,forecast,9.5,False,56.85,51,reorder_point,2.2,False,46.77,10.4,0.917
3127,FC_MUN1,IXD_MAD,1DC_BCN,SKU_0039,2024-11-16,50,forecast,12.5,False,33.45,42,reorder_point,1.0,False,28.1,10.3,0.669
3128,FC_BCN1,IXD_BCN,1DC_BCN,SKU_0170,2024-11-17,181,forecast,6.1,False,107.88,132,reorder_point,0.9,False,78.67,6.2,0.596
3129,FC_BCN1,IXD_BCN,1DC_BCN,SKU_0028,2024-11-17,177,forecast,11.2,False,40.89,134,reorder_point,1.5,False,30.95,7.9,0.231
3130,FC_BCN1,IXD_BCN,1DC_BCN,SKU_0029,2024-11-17,184,forecast,8.5,False,62.38,141,reorder_point,1.2,False,47.8,9.2,0.339
3131,FC_BCN1,IXD_BCN,1DC_BCN,SKU_0222,2024-11-17,89,forecast,13.2,False,62.66,53,reorder_point,2.1,False,37.31,6.8,0.704
3132,FC_BCN1,IXD_BCN,1DC_BCN,SKU_0152,2024-11-17,68,forecast,4.4,False,11.02,50,reorder_point,2.6,False,8.1,8.1,0.162
3133,FC_BCN1,IXD_BCN,1DC_BCN,SKU_0098,2024-11-17,85,forecast,7.7,False,58.23,42,reorder_point,2.5,False,28.77,10.1,0.685
3134,FC_BCN1,IXD_BCN,1DC_BCN,SKU_0049,2024-11-17,58,forecast,5.6,True,38.11,48,reorder_point,1.1,False,31.54,9.5,0.657
3135,FC_BCN2,IXD_BCN,1DC_BCN,SKU_0083,2024-11-17,201,forecast,8.8,False,55.88,134,reorder_point,2.5,False,37.25,8.8,0.278
3136,FC_BCN2,IXD_BCN,1DC_BCN,SKU_0177,2024-11-17,15,forecast,4.5,False,9.06,13,reorder_point,2.9,False,7.85,11.9,0.604
3137,FC_MAD1,IXD_MAD,1DC_MAD,SKU_0048,2024-11-17,192,forecast,7.4,False,50.88,129,reorder_point,1.2,False,34.19,6.3,0.265
3138,FC_MAD1,IXD_MAD,1DC_MAD,SKU_0033,2024-11-17,14,forecast,5.4,False,1.51,12,reorder_point,1.6,False,1.3,9.2,0.108
3139,FC_MAD2,IXD_MAD,1DC_MAD,SKU_0146,2024-11-17,202,forecast,10.5,False,117.56,123,reorder_point,2.6,False,71.59,10.0,0.582
3140,FC_MAD2,IXD_MAD,1DC_MAD,SKU_0170,2024-11-17,185,forecast,8.3,False,41.81,110,reorder_point,1.3,False,24.86,9.0,0.226
3141,FC_MAD2,IXD_MAD,1DC_MAD,SKU_0078,2024-11-17,15,forecast,10.0,False,1.98,11,reorder_point,2.8,False,1.45,7.7,0.132
3142,FC_PAR1,IXD_PAR,1DC_MUC,SKU_0231,2024-11-17,23,forecast,4.7,False,15.92,12,reorder_point,2.3,False,8.3,6.5,0.692
3143,FC_PAR1,IXD_PAR,1DC_MUC,SKU_0219,2024-11-17,17,forecast,10.1,False,8.13,11,reorder_point,2.0,False,5.26,6.9,0.478
3144,FC_PAR1,IXD_PAR,1DC_MUC,SKU_0212,2024-11-17,217,forecast,13.7,False,186.4,127,reorder_point,1.3,False,109.09,7.6,0.859
3145,FC_PAR2,IXD_PAR,1DC_BCN,SKU_0237,2024-11-17,19,forecast,13.1,False,16.72,11,reorder_point,2.5,False,9.68,7.4,0.88
3146,FC_PAR2,IXD_PAR,1DC_BCN,SKU_0152,2024-11-17,68,forecast,9.8,False,6.87,51,reorder_point,0.9,False,5.15,11.9,0.101
3147,FC_PAR2,IXD_PAR,1DC_BCN,SKU_0218,2024-11-17,70,forecast,3.8,False,74.13,49,reorder_point,1.5,False,51.89,7.9,1.059
3148,FC_PAR2,IXD_PAR,1DC_BCN,SKU_0196,2024-11-17,223,forecast,9.9,False,90.76,124,reorder_point,2.9,False,50.47,7.9,0.407
3149,FC_PAR2,IXD_PAR,1DC_BCN,SKU_0129,2024-11-17,85,forecast,3.9,False,63.16,50,reorder_point,0.6,False,37.15,6.8,0.743
3150,FC_PAR2,IXD_PAR,1DC_BCN,SKU_0223,2024-11-17,89,forecast,7.5,False,82.95,52,reorder_point,0.9,False,48.46,9.0,0.932
3151,FC_PAR2,IXD_PAR,1DC_BCN,SKU_0086,2024-11-17,23,forecast,6.1,False,20.54,10,reorder_point,0.9,False,8.93,8.8,0.893
3152,FC_PAR2,IXD_PAR,1DC_BCN,SKU_0160,2024-11-17,20,forecast,4.9,False,3.66,12,reorder_point,0.5,False,2.2,11.3,0.183
3153,FC_BER1,IXD_BER,1DC_AMS,SKU_0171,2024-11-17,163,forecast,6.0,False,93.24,110,reorder_point,2.9,False,62.92,6.3,0.572
3154,FC_BER1,IXD_BER,1DC_AMS,SKU_0013,2024-11-17,78,forecast,3.6,True,84.63,51,reorder_point,2.8,False,55.34,12.0,1.085
3155,FC_BER1,IXD_BER,1DC_AMS,SKU_0014,2024-11-17,67,forecast,13.9,False,56.28,45,reorder_point,1.3,False,37.8,6.5,0.84
3156,FC_MUN1,IXD_BCN,1DC_BCN,SKU_0075,2024-11-17,75,forecast,8.4,False,40.2,45,reorder_point,0.6,False,24.12,6.3,0.536
3157,FC_MUN1,IXD_BCN,1DC_BCN,SKU_0171,2024-11-17,221,forecast,8.8,False,183.65,120,reorder_point,0.8,False,99.72,9.1,0.831
3158,FC_MUN1,IXD_BCN,1DC_BCN,SKU_0004,2024-11-17,55,forecast,6.7,False,43.84,51,reorder_point,0.7,False,40.65,10.2,0.797
3159,FC_BCN1,IXD_BCN,1DC_BCN,SKU_0142,2024-11-18,54,forecast,10.1,False,45.25,45,reorder_point,1.7,False,37.71,10.0,0.838
3160,FC_BCN1,IXD_BCN,1DC_BCN,SKU_0078,2024-11-18,19,forecast,4.9,False,7.28,13,reorder_point,2.1,False,4.98,9.1,0.383
3161,FC_BCN1,IXD_BCN,1DC_BCN,SKU_0147,2024-11-18,194,forecast,9.7,False,89.63,118,reorder_point,1.2,False,54.52,9.0,0.462
3162,FC_BCN1,IXD_BCN,1DC_BCN,SKU_0181,2024-11-18,174,forecast,9.3,False,44.2,112,reorder_point,2.6,False,28.45,10.6,0.254
3163,FC_BCN2,IXD_BCN,1DC_BCN,SKU_0213,2024-11-18,14,forecast,10.8,False,11.23,11,reorder_point,0.6,False,8.82,10.6,0.802
3164,FC_BCN2,IXD_BCN,1DC_BCN,SKU_0112,2024-11-18,19,forecast,8.5,False,3.31,12,reorder_point,1.4,False,2.09,7.0,0.174
3165,FC_MAD1,IXD_MAD,1DC_MAD,SKU_0038,2024-11-18,182,forecast,13.3,False,36.76,116,reorder_point,1.5,False,23.43,7.4,0.202
3166,FC_MAD1,IXD_MAD,1DC_MAD,SKU_0107,2024-11-18,62,forecast,6.0,False,55.55,42,reorder_point,2.8,False,37.63,10.7,0.896
3167,FC_MAD1,IXD_MAD,1DC_MAD,SKU_0185,2024-11-18,144,forecast,10.2,False,72.43,111,reorder_point,0.7,False,55.83,9.0,0.503
3168,FC_MAD1,IXD_MAD,1DC_MAD,SKU_0225,2024-11-18,71,forecast,4.9,False,76.18,44,reorder_point,1.9,False,47.21,9.1,1.073
3169,FC_MAD1,IXD_MAD,1DC_MAD,SKU_0187,2024-11-18,54,forecast,12.7,False,18.52,52,reorder_point,1.5,False,17.84,7.8,0.343
3170,FC_MAD1,IXD_MAD,1DC_MAD,SKU_0200,2024-11-18,149,forecast,13.9,False,38.59,141,reorder_point,2.9,False,36.52,8.6,0.259
3171,FC_MAD2,IXD_MAD,1DC_MAD,SKU_0109,2024-11-18,67,forecast,3.4,False,73.23,45,reorder_point,1.3,False,49.19,9.5,1.093
3172,FC_MAD2,IXD_MAD,1DC_MAD,SKU_0240,2024-11-18,20,forecast,9.5,False,9.9,13,reorder_point,2.8,False,6.43,7.9,0.495
3173,FC_MAD2,IXD_MAD,1DC_MAD,SKU_0121,2024-11-18,61,forecast,13.7,False,26.72,52,reorder_point,1.7,False,22.78,10.3,0.438
3174,FC_MAD2,IXD_MAD,1DC_MAD,SKU_0204,2024-11-18,16,forecast,10.6,True,7.52,13,reorder_point,2.2,False,6.11,9.4,0.47
3175,FC_MAD2,IXD_MAD,1DC_MAD,SKU_0019,2024-11-18,50,forecast,10.4,False,45.2,48,reorder_point,2.7,False,43.39,10.5,0.904
3176,FC_MAD2,IXD_MAD,1DC_MAD,SKU_0036,2024-11-18,169,forecast,5.0,False,184.04,139,reorder_point,1.6,False,151.37,11.0,1.089
3177,FC_PAR1,IXD_PAR,1DC_MUC,SKU_0054,2024-11-18,73,forecast,8.3,False,58.33,50,reorder_point,2.9,False,39.95,8.7,0.799
3178,FC_PAR1,IXD_PAR,1DC_MUC,SKU_0057,2024-11-18,71,forecast,4.1,False,34.15,51,reorder_point,1.8,False,24.53,10.8,0.481
3179,FC_PAR1,IXD_PAR,1DC_MUC,SKU_0050,2024-11-18,236,forecast,9.9,False,240.48,124,reorder_point,2.1,False,126.36,3.4,1.019
3180,FC_PAR1,IXD_PAR,1DC_MUC,SKU_0071,2024-11-18,151,forecast,12.6,False,93.77,140,reorder_point,2.4,False,86.94,9.2,0.621
3181,FC_PAR1,IXD_PAR,1DC_MUC,SKU_0155,2024-11-18,64,forecast,5.6,False,26.82,50,reorder_point,2.2,False,20.95,7.3,0.419
3182,FC_PAR1,IXD_PAR,1DC_MUC,SKU_0080,2024-11-18,20,forecast,10.9,False,2.06,13,reorder_point,3.0,False,1.34,6.2,0.103
3183,FC_PAR1,IXD_PAR,1DC_MUC,SKU_0123,2024-11-18,172,forecast,11.0,False,174.24,135,reorder_point,1.2,False,136.75,6.3,1.013
3184,FC_PAR2,IXD_PAR,1DC_BCN,SKU_0089,2024-11-18,181,forecast,8.6,False,187.15,122,reorder_point,2.4,False,126.15,7.3,1.034
3185,FC_PAR2,IXD_PAR,1DC_BCN,SKU_0208,2024-11-18,16,forecast,9.4,True,4.21,13,reorder_point,1.1,False,3.42,6.6,0.263
3186,FC_PAR2,IXD_PAR,1DC_BCN,SKU_0095,2024-11-18,194,forecast,6.7,False,82.84,138,reorder_point,1.0,True,58.93,10.8,0.427
3187,FC_PAR2,IXD_PAR,1DC_BCN,SKU_0018,2024-11-18,63,forecast,4.1,False,7.94,49,reorder_point,1.4,False,6.17,7.4,0.126
3188,FC_PAR2,IXD_PAR,1DC_BCN,SKU_0106,2024-11-18,69,forecast,6.8,False,34.64,53,reorder_point,2.5,False,26.61,4.7,0.502
3189,FC_PAR2,IXD_PAR,1DC_BCN,SKU_0092,2024-11-18,79,forecast,3.1,False,19.12,50,reorder_point,1.1,False,12.1,4.4,0.242
3190,FC_PAR2,IXD_PAR,1DC_BCN,SKU_0061,2024-11-18,160,forecast,7.6,False,169.76,138,reorder_point,2.5,False,146.42,8.6,1.061
3191,FC_PAR2,IXD_PAR,1DC_BCN,SKU_0011,2024-11-18,89,forecast,5.2,False,48.15,49,reorder_point,1.0,False,26.51,10.2,0.541
3192,FC_BER1,IXD_BER,1DC_MUC,SKU_0160,2024-11-18,20,forecast,9.3,False,15.64,14,reorder_point,1.3,False,10.95,9.9,0.782
3193,FC_BER1,IXD_BER,1DC_MUC,SKU_0192,2024-11-18,62,forecast,4.5,False,53.13,41,reorder_point,0.9,False,35.14,10.3,0.857
3194,FC_BER1,IXD_BER,1DC_MUC,SKU_0128,2024-11-18,22,forecast,5.4,False,23.94,12,reorder_point,2.9,False,13.06,7.9,1.088
3195,FC_BER1,IXD_BER,1DC_MUC,SKU_0230,2024-11-18,50,forecast,8.9,False,34.05,53,reorder_point,0.6,False,36.09,8.8,0.681
3196,FC_BER1,IXD_BER,1DC_MUC,SKU_0067,2024-11-18,76,forecast,3.3,False,26.07,53,reorder_point,0.7,False,18.18,5.4,0.343
3197,FC_BER1,IXD_BER,1DC_MUC,SKU_0107,2024-11-18,61,forecast,13.5,False,49.17,49,reorder_point,2.8,False,39.49,7.0,0.806
3198,FC_BER1,IXD_BER,1DC_MUC,SKU_0007,2024-11-18,19,forecast,7.9,False,12.35,11,reorder_point,1.6,False,7.15,8.5,0.65
3199,FC_BER1,IXD_BER,1DC_MUC,SKU_0137,2024-11-18,67,forecast,11.7,False,7.44,50,reorder_point,1.2,False,5.55,4.5,0.111
3200,FC_MUN1,IXD_MAD,1DC_MAD,SKU_0049,2024-11-18,75,forecast,10.3,False,10.72,50,reorder_point,1.3,False,7.15,9.0,0.143
3201,FC_MUN1,IXD_MAD,1DC_MAD,SKU_0093,2024-11-18,13,forecast,3.5,True,4.34,13,reorder_point,0.5,True,4.34,8.2,0.334
3202,FC_MUN1,IXD_MAD,1DC_MAD,SKU_0094,2024-11-18,63,forecast,11.2,False,69.24,42,reorder_point,2.3,False,46.16,9.7,1.099
3203,FC_MUN1,IXD_MAD,1DC_MAD,SKU_0176,2024-11-18,77,forecast,10.5,False,45.35,45,reorder_point,2.4,False,26.5,5.9,0.589
3204,FC_BCN1,IXD_BCN,1DC_BCN,SKU_0200,2024-11-19,140,forecast,8.8,False,83.58,140,reorder_point,1.9,False,83.58,9.1,0.597
3205,FC_BCN1,IXD_BCN,1DC_BCN,SKU_0142,2024-11-19,86,forecast,12.1,False,48.59,46,reorder_point,1.6,False,25.99,10.5,0.565
3206,FC_BCN1,IXD_BCN,1DC_BCN,SKU_0020,2024-11-19,145,forecast,5.3,False,107.73,127,reorder_point,1.9,False,94.36,9.3,0.743
3207,FC_BCN1,IXD_BCN,1DC_BCN,SKU_0205,2024-11-19,149,forecast,6.1,False,75.99,109,reorder_point,1.4,False,55.59,7.3,0.51
3208,FC_BCN1,IXD_BCN,1DC_BCN,SKU_0131,2024-11-19,82,forecast,3.9,False,52.4,46,reorder_point,2.3,False,29.39,11.2,0.639
3209,FC_BCN1,IXD_BCN,1DC_BCN,SKU_0231,2024-11-19,20,forecast,8.5,False,17.9,13,reorder_point,2.4,False,11.63,10.9,0.895
3210,FC_BCN1,IXD_BCN,1DC_BCN,SKU_0090,2024-11-19,84,forecast,11.9,False,91.06,48,reorder_point,2.8,False,52.03,9.1,1.084
3211,FC_BCN1,IXD_BCN,1DC_BCN,SKU_0164,2024-11-19,16,forecast,10.3,False,10.94,10,reorder_point,2.8,False,6.84,6.0,0.684
3212,FC_BCN2,IXD_BCN,1DC_BCN,SKU_0021,2024-11-19,76,forecast,6.5,True,75.7,46,reorder_point,1.8,False,45.82,6.7,0.996
3213,FC_BCN2,IXD_BCN,1DC_BCN,SKU_0003,2024-11-19,55,forecast,3.6,False,8.53,49,reorder_point,2.4,False,7.59,7.1,0.155
3214,FC_BCN2,IXD_BCN,1DC_BCN,SKU_0230,2024-11-19,63,forecast,10.5,False,24.07,45,reorder_point,1.0,False,17.19,8.0,0.382
3215,FC_BCN2,IXD_BCN,1DC_BCN,SKU_0195,2024-11-19,83,forecast,8.0,False,80.92,47,reorder_point,2.0,False,45.82,3.9,0.975
3216,FC_BCN2,IXD_BCN,1DC_BCN,SKU_0138,2024-11-19,88,forecast,9.5,False,94.42,49,reorder_point,2.7,False,52.58,9.4,1.073
3217,FC_MAD1,IXD_MAD,1DC_MAD,SKU_0196,2024-11-19,231,forecast,11.1,False,94.71,113,reorder_point,2.2,False,46.33,11.5,0.41
3218,FC_MAD1,IXD_MAD,1DC_MAD,SKU_0195,2024-11-19,88,forecast,13.9,False,67.67,44,reorder_point,0.8,False,33.84,8.9,0.769
3219,FC_MAD2,IXD_MAD,1DC_MAD,SKU_0178,2024-11-19,13,forecast,13.4,False,2.37,13,reorder_point,2.9,False,2.37,6.8,0.182
3220,FC_MAD2,IXD_MAD,1DC_MAD,SKU_0108,2024-11-19,59,forecast,6.0,False,62.6,42,reorder_point,1.2,False,44.56,7.9,1.061
3221,FC_MAD2,IXD_MAD,1DC_MAD,SKU_0016,2024-11-19,77,forecast,9.2,False,8.78,41,reorder_point,2.5,False,4.67,6.5,0.114
3222,FC_MAD2,IXD_MAD,1DC_MAD,SKU_0063,2024-11-19,55,forecast,8.1,True,7.1,44,reorder_point,1.2,False,5.68,8.5,0.129
3223,FC_MAD2,IXD_MAD,1DC_MAD,SKU_0063,2024-11-19,54,forecast,12.2,False,37.85,50,reorder_point,1.9,False,35.05,4.7,0.701
3224,FC_MAD2,IXD_MAD,1DC_MAD,SKU_0208,2024-11-19,20,forecast,11.3,False,21.66,11,reorder_point,2.5,False,11.91,8.9,1.083
3225,FC_PAR1,IXD_PAR,1DC_AMS,SKU_0160,2024-11-19,19,forecast,11.1,False,7.28,12,reorder_point,1.2,False,4.6,9.6,0.383
3226,FC_PAR1,IXD_PAR,1DC_AMS,SKU_0136,2024-11-19,54,forecast,13.2,False,20.95,41,reorder_point,1.8,False,15.91,10.2,0.388
3227,FC_PAR1,IXD_PAR,1DC_AMS,SKU_0035,2024-11-19,158,forecast,12.0,False,73.79,132,reorder_point,2.5,False,61.64,8.8,0.467
3228,FC_PAR1,IXD_PAR,1DC_AMS,SKU_0021,2024-11-19,85,forecast,8.2,True,25.33,44,reorder_point,2.8,False,13.11,7.4,0.298
3229,FC_PAR1,IXD_PAR,1DC_AMS,SKU_0216,2024-11-19,55,forecast,12.8,False,17.05,46,reorder_point,0.6,False,14.26,11.2,0.31
3230,FC_PAR2,IXD_PAR,1DC_BCN,SKU_0024,2024-11-19,226,forecast,10.4,False,37.52,110,reorder_point,1.3,False,18.26,7.9,0.166
3231,FC_PAR2,IXD_PAR,1DC_BCN,SKU_0152,2024-11-19,83,forecast,12.9,False,25.23,40,reorder_point,0.5,False,12.16,8.3,0.304
3232,FC_PAR2,IXD_PAR,1DC_BCN,SKU_0201,2024-11-19,50,forecast,12.6,False,48.25,53,reorder_point,1.3,False,51.14,5.9,0.965
3233,FC_PAR2,IXD_PAR,1DC_BCN,SKU_0201,2024-11-19,87,forecast,10.2,False,76.12,50,reorder_point,1.4,False,43.75,8.4,0.875
3234,FC_BER1,IXD_BER,1DC_MAD,SKU_0214,2024-11-19,17,forecast,13.6,False,6.29,13,reorder_point,1.9,False,4.81,9.5,0.37
3235,FC_BER1,IXD_BER,1DC_MAD,SKU_0037,2024-11-19,66,forecast,10.7,False,27.52,51,reorder_point,1.3,False,21.27,9.0,0.417
3236,FC_MUN1,IXD_MAD,1DC_AMS,SKU_0033,2024-11-19,20,forecast,9.9,True,19.04,11,reorder_point,2.6,False,10.47,2.4,0.952
3237,FC_MUN1,IXD_MAD,1DC_AMS,SKU_0080,2024-11-19,23,forecast,5.0,False,18.26,11,reorder_point,1.9,False,8.73,9.5,0.794
3238,FC_MUN1,IXD_MAD,1DC_AMS,SKU_0243,2024-11-19,76,forecast,13.3,False,9.73,49,reorder_point,1.8,True,6.27,6.6,0.128
3239,FC_MUN1,IXD_MAD,1DC_AMS,SKU_0207,2024-11-19,69,forecast,3.5,False,62.65,49,reorder_point,0.7,False,44.49,11.1,0.908
3240,FC_MUN1,IXD_MAD,1DC_AMS,SKU_0093,2024-11-19,15,forecast,11.7,False,8.59,11,reorder_point,1.0,False,6.3,6.4,0.573
3241,FC_MUN1,IXD_MAD,1DC_AMS,SKU_0126,2024-11-19,184,forecast,6.1,False,166.89,128,reorder_point,1.2,False,116.1,10.4,0.907
3242,FC_BCN1,IXD_BCN,1DC_BCN,SKU_0112,2024-11-20,13,forecast,9.3,False,2.94,14,reorder_point,1.5,False,3.16,8.9,0.226
3243,FC_BCN1,IXD_BCN,1DC_BCN,SKU_0190,2024-11-20,76,forecast,7.0,False,34.35,43,reorder_point,1.7,False,19.44,13.2,0.452
3244,FC_BCN2,IXD_BCN,1DC_BCN,SKU_0222,2024-11-20,61,forecast,11.8,True,21.59,41,reorder_point,0.8,False,14.51,4.4,0.354
3245,FC_BCN2,IXD_BCN,1DC_BCN,SKU_0120,2024-11-20,55,forecast,7.0,False,37.07,45,reorder_point,1.0,False,30.33,10.1,0.674
3246,FC_BCN2,IXD_BCN,1DC_BCN,SKU_0158,2024-11-20,22,forecast,12.0,False,14.61,13,reorder_point,1.1,True,8.63,9.6,0.664
3247,FC_BCN2,IXD_BCN,1DC_BCN,SKU_0102,2024-11-20,23,forecast,7.0,False,3.61,13,reorder_point,2.3,False,2.04,9.8,0.157
3248,FC_BCN2,IXD_BCN,1DC_BCN,SKU_0034,2024-11-20,64,forecast,10.1,False,22.21,49,reorder_point,2.2,False,17.0,9.8,0.347
3249,FC_BCN2,IXD_BCN,1DC_BCN,SKU_0163,2024-11-20,73,forecast,13.3,False,25.04,44,reorder_point,0.9,False,15.09,6.8,0.343
3250,FC_BCN2,IXD_BCN,1DC_BCN,SKU_0024,2024-11-20,216,forecast,8.5,False,193.97,128,reorder_point,2.3,False,114.94,10.6,0.898
3251,FC_MAD1,IXD_MAD,1DC_MAD,SKU_0179,2024-11-20,21,forecast,6.9,False,17.35,13,reorder_point,2.3,False,10.74,9.8,0.826
3252,FC_MAD1,IXD_MAD,1DC_MAD,SKU_0127,2024-11-20,20,forecast,6.2,False,12.58,13,reorder_point,0.9,False,8.18,11.1,0.629
3253,FC_MAD1,IXD_MAD,1DC_MAD,SKU_0034,2024-11-20,83,forecast,13.2,False,19.01,40,reorder_point,1.0,False,9.16,6.4,0.229
3254,FC_MAD1,IXD_MAD,1DC_MAD,SKU_0100,2024-11-20,53,forecast,7.5,False,7.42,50,reorder_point,2.4,False,7.0,10.1,0.14
3255,FC_MAD1,IXD_MAD,1DC_MAD,SKU_0187,2024-11-20,86,forecast,6.7,False,9.98,41,reorder_point,1.9,False,4.76,9.3,0.116
3256,FC_MAD1,IXD_MAD,1DC_MAD,SKU_0002,2024-11-20,87,forecast,10.8,False,76.12,47,reorder_point,2.0,True,41.12,8.9,0.875
3257,FC_MAD2,IXD_MAD,1DC_MAD,SKU_0174,2024-11-20,20,forecast,9.5,False,20.0,14,reorder_point,1.8,False,14.0,10.6,1.0
3258,FC_MAD2,IXD_MAD,1DC_MAD,SKU_0126,2024-11-20,184,forecast,6.0,False,156.77,115,reorder_point,2.2,False,97.98,10.8,0.852
3259,FC_MAD2,IXD_MAD,1DC_MAD,SKU_0210,2024-11-20,75,forecast,12.7,False,63.45,51,reorder_point,2.3,False,43.15,8.9,0.846
3260,FC_MAD2,IXD_MAD,1DC_MAD,SKU_0048,2024-11-20,140,forecast,13.5,False,119.98,108,reorder_point,1.4,False,92.56,10.3,0.857
3261,FC_PAR1,IXD_PAR,1DC_MAD,SKU_0050,2024-11-20,228,forecast,9.9,False,202.92,133,reorder_point,1.5,False,118.37,7.6,0.89
3262,FC_PAR1,IXD_PAR,1DC_MAD,SKU_0213,2024-11-20,16,forecast,12.6,True,2.02,14,reorder_point,1.7,False,1.76,7.0,0.126
3263,FC_PAR1,IXD_PAR,1DC_MAD,SKU_0047,2024-11-20,49,forecast,9.2,False,28.22,48,reorder_point,1.1,False,27.65,7.0,0.576
3264,FC_PAR1,IXD_PAR,1DC_MAD,SKU_0054,2024-11-20,83,forecast,8.1,False,47.81,52,reorder_point,0.8,False,29.95,7.8,0.576
3265,FC_PAR2,IXD_PAR,1DC_BCN,SKU_0241,2024-11-20,14,forecast,6.4,False,6.62,14,reorder_point,2.4,False,6.62,4.7,0.473
3266,FC_PAR2,IXD_PAR,1DC_BCN,SKU_0164,2024-11-20,22,forecast,10.7,False,3.5,12,reorder_point,2.3,True,1.91,9.6,0.159
3267,FC_PAR2,IXD_PAR,1DC_BCN,SKU_0039,2024-11-20,56,forecast,9.2,False,60.2,41,reorder_point,0.9,False,44.07,5.1,1.075
3268,FC_PAR2,IXD_PAR,1DC_BCN,SKU_0089,2024-11-20,151,forecast,9.6,False,50.59,119,reorder_point,1.5,True,39.87,8.0,0.335
3269,FC_BER1,IXD_BER,1DC_MAD,SKU_0084,2024-11-20,82,forecast,13.0,False,59.12,47,reorder_point,1.7,False,33.89,6.6,0.721
3270,FC_BER1,IXD_BER,1DC_MAD,SKU_0051,2024-11-20,56,forecast,3.2,False,5.77,47,reorder_point,0.6,False,4.84,9.0,0.103
3271,FC_BER1,IXD_BER,1DC_MAD,SKU_0155,2024-11-20,60,forecast,3.7,False,8.82,42,reorder_point,2.5,False,6.17,12.5,0.147
3272,FC_BER1,IXD_BER,1DC_MAD,SKU_0132,2024-11-20,74,forecast,7.7,False,57.94,47,reorder_point,2.5,False,36.8,7.1,0.783
3273,FC_BER1,IXD_BER,1DC_MAD,SKU_0087,2024-11-20,87,forecast,3.1,False,24.01,50,reorder_point,1.3,False,13.8,5.6,0.276
3274,FC_BER1,IXD_BER,1DC_MAD,SKU_0064,2024-11-20,17,forecast,9.8,False,7.46,11,reorder_point,0.9,False,4.83,5.8,0.439
3275,FC_BER1,IXD_BER,1DC_MAD,SKU_0139,2024-11-20,86,forecast,6.2,False,65.53,41,reorder_point,2.5,False,31.24,7.7,0.762
3276,FC_BER1,IXD_BER,1DC_MAD,SKU_0234,2024-11-20,13,forecast,13.5,False,4.69,12,reorder_point,0.8,False,4.33,7.3,0.361
3277,FC_MUN1,IXD_MAD,1DC_CDG,SKU_0223,2024-11-20,57,forecast,9.3,False,20.29,46,reorder_point,2.7,False,16.38,8.5,0.356
3278,FC_MUN1,IXD_MAD,1DC_CDG,SKU_0009,2024-11-20,17,forecast,12.8,False,15.88,13,reorder_point,1.5,False,12.14,6.7,0.934
3279,FC_MUN1,IXD_MAD,1DC_CDG,SKU_0240,2024-11-20,20,forecast,12.2,False,14.92,11,reorder_point,1.2,False,8.21,8.5,0.746
3280,FC_MUN1,IXD_MAD,1DC_CDG,SKU_0240,2024-11-20,17,forecast,10.1,False,5.71,11,reorder_point,0.7,False,3.7,7.9,0.336
3281,FC_MUN1,IXD_MAD,1DC_CDG,SKU_0149,2024-11-20,67,forecast,9.7,False,63.25,46,reorder_point,0.6,False,43.42,8.3,0.944
3282,FC_MUN1,IXD_MAD,1DC_CDG,SKU_0111,2024-11-20,211,forecast,6.9,False,228.3,126,reorder_point,0.9,False,136.33,9.7,1.082
3283,FC_BCN1,IXD_BCN,1DC_BCN,SKU_0140,2024-11-21,13,forecast,7.8,False,7.11,12,reorder_point,2.0,False,6.56,10.5,0.547
3284,FC_BCN1,IXD_BCN,1DC_BCN,SKU_0101,2024-11-21,21,forecast,5.0,False,19.61,13,reorder_point,2.0,False,12.14,9.4,0.934
3285,FC_BCN1,IXD_BCN,1DC_BCN,SKU_0199,2024-11-21,80,forecast,13.6,False,17.44,53,reorder_point,0.9,False,11.55,11.5,0.218
3286,FC_BCN1,IXD_BCN,1DC_BCN,SKU_0094,2024-11-21,65,forecast,8.3,False,42.45,41,reorder_point,2.6,True,26.77,7.8,0.653
3287,FC_BCN1,IXD_BCN,1DC_BCN,SKU_0088,2024-11-21,68,forecast,8.6,False,59.57,51,reorder_point,0.8,False,44.68,8.2,0.876
3288,FC_BCN2,IXD_BCN,1DC_BCN,SKU_0006,2024-11-21,132,forecast,8.9,False,120.25,108,reorder_point,2.7,False,98.39,7.4,0.911
3289,FC_BCN2,IXD_BCN,1DC_BCN,SKU_0055,2024-11-21,17,forecast,9.7,False,5.88,11,reorder_point,1.0,False,3.81,12.0,0.346
3290,FC_BCN2,IXD_BCN,1DC_BCN,SKU_0164,2024-11-21,17,forecast,10.2,False,6.24,12,reorder_point,1.6,False,4.4,10.3,0.367
3291,FC_BCN2,IXD_BCN,1DC_BCN,SKU_0228,2024-11-21,77,forecast,14.0,False,40.5,50,reorder_point,1.6,False,26.3,8.2,0.526
3292,FC_BCN2,IXD_BCN,1DC_BCN,SKU_0007,2024-11-21,18,forecast,13.3,False,2.36,11,reorder_point,1.1,False,1.44,5.3,0.131
3293,FC_MAD1,IXD_MAD,1DC_MAD,SKU_0201,2024-11-21,60,forecast,9.5,False,32.28,49,reorder_point,3.0,False,26.36,8.1,0.538
3294,FC_MAD1,IXD_MAD,1DC_MAD,SKU_0170,2024-11-21,210,forecast,12.1,False,60.06,116,reorder_point,2.8,False,33.18,10.2,0.286
3295,FC_MAD2,IXD_MAD,1DC_MAD,SKU_0233,2024-11-21,17,forecast,8.3,False,9.13,11,reorder_point,0.5,False,5.91,11.9,0.537
3296,FC_MAD2,IXD_MAD,1DC_MAD,SKU_0032,2024-11-21,188,forecast,6.2,False,113.93,125,reorder_point,0.7,False,75.75,7.9,0.606
3297,FC_PAR1,IXD_PAR,1DC_BCN,SKU_0017,2024-11-21,15,forecast,11.0,False,2.73,12,reorder_point,0.9,False,2.18,8.4,0.182
3298,FC_PAR1,IXD_PAR,1DC_BCN,SKU_0042,2024-11-21,14,forecast,10.9,False,12.84,12,reorder_point,2.5,False,11.0,10.8,0.917
3299,FC_PAR1,IXD_PAR,1DC_BCN,SKU_0041,2024-11-21,145,forecast,9.2,True,15.52,124,reorder_point,2.6,False,13.27,11.1,0.107
3300,FC_PAR1,IXD_PAR,1DC_BCN,SKU_0184,2024-11-21,161,forecast,8.6,False,27.53,120,reorder_point,1.6,False,20.52,8.0,0.171
3301,FC_PAR1,IXD_PAR,1DC_BCN,SKU_0213,2024-11-21,22,forecast,5.9,False,15.16,12,reorder_point,2.2,False,8.27,8.0,0.689
3302,FC_PAR1,IXD_PAR,1DC_BCN,SKU_0060,2024-11-21,194,forecast,12.8,False,97.19,137,reorder_point,1.3,False,68.64,10.3,0.501
3303,FC_PAR1,IXD_PAR,1DC_BCN,SKU_0236,2024-11-21,81,forecast,10.3,False,77.84,51,reorder_point,2.8,False,49.01,8.2,0.961
3304,FC_PAR2,IXD_PAR,1DC_AMS,SKU_0012,2024-11-21,72,forecast,4.4,False,49.39,50,reorder_point,1.4,False,34.3,6.8,0.686
3305,FC_PAR2,IXD_PAR,1DC_AMS,SKU_0080,2024-11-21,16,forecast,6.5,False,3.74,12,reorder_point,0.7,False,2.81,6.5,0.234
3306,FC_PAR2,IXD_PAR,1DC_AMS,SKU_0143,2024-11-21,18,forecast,14.0,False,9.56,11,reorder_point,1.2,False,5.84,8.0,0.531
3307,FC_PAR2,IXD_PAR,1DC_AMS,SKU_0176,2024-11-21,77,forecast,7.0,True,57.37,52,reorder_point,0.9,False,38.74,5.8,0.745
3308,FC_PAR2,IXD_PAR,1DC_AMS,SKU_0111,2024-11-21,216,forecast,6.0,True,228.96,136,reorder_point,0.8,False,144.16,9.1,1.06
3309,FC_BER1,IXD_BER,1DC_BCN,SKU_0010,2024-11-21,59,forecast,11.8,False,58.88,43,reorder_point,1.0,False,42.91,9.4,0.998
3310,FC_BER1,IXD_BER,1DC_BCN,SKU_0062,2024-11-21,82,forecast,12.9,False,9.92,42,reorder_point,2.7,False,5.08,10.7,0.121
3311,FC_BER1,IXD_BER,1DC_BCN,SKU_0091,2024-11-21,159,forecast,8.8,False,32.44,125,reorder_point,1.4,False,25.5,7.1,0.204
3312,FC_BER1,IXD_BER,1DC_BCN,SKU_0020,2024-11-21,161,forecast,7.5,False,50.07,117,reorder_point,1.6,False,36.39,10.3,0.311
3313,FC_BER1,IXD_BER,1DC_BCN,SKU_0019,2024-11-21,87,forecast,13.5,False,39.06,43,reorder_point,1.8,False,19.31,9.6,0.449
3314,FC_BER1,IXD_BER,1DC_BCN,SKU_0102,2024-11-21,23,forecast,13.1,False,21.64,13,reorder_point,2.1,False,12.23,9.2,0.941
3315,FC_MUN1,IXD_PAR,1DC_MUC,SKU_0171,2024-11-21,159,forecast,8.1,False,113.68,113,reorder_point,2.9,False,80.8,9.4,0.715
3316,FC_MUN1,IXD_PAR,1DC_MUC,SKU_0150,2024-11-21,89,forecast,11.5,False,62.57,46,reorder_point,1.2,False,32.34,8.8,0.703
3317,FC_MUN1,IXD_PAR,1DC_MUC,SKU_0163,2024-11-21,68,forecast,10.7,False,42.5,43,reorder_point,2.5,False,26.88,7.5,0.625
3318,FC_MUN1,IXD_PAR,1DC_MUC,SKU_0093,2024-11-21,22,forecast,8.3,False,15.53,11,reorder_point,1.7,False,7.77,8.3,0.706
3319,FC_MUN1,IXD_PAR,1DC_MUC,SKU_0013,2024-11-21,53,forecast,12.7,False,41.34,53,reorder_point,2.5,False,41.34,11.2,0.78
3320,FC_BCN1,IXD_BCN,1DC_BCN,SKU_0081,2024-11-22,22,forecast,11.2,False,12.19,13,reorder_point,1.0,False,7.2,9.9,0.554
3321,FC_BCN1,IXD_BCN,1DC_BCN,SKU_0026,2024-11-22,23,forecast,4.4,False,20.63,12,reorder_point,0.7,False,10.76,8.2,0.897
3322,FC_BCN1,IXD_BCN,1DC_BCN,SKU_0044,2024-11-22,82,forecast,12.0,False,40.26,46,reorder_point,1.0,True,22.59,10.2,0.491
3323,FC_BCN1,IXD_BCN,1DC_BCN,SKU_0109,2024-11-22,66,forecast,10.0,False,15.25,43,reorder_point,2.2,True,9.93,9.2,0.231
3324,FC_BCN1,IXD_BCN,1DC_BCN,SKU_0033,2024-11-22,16,forecast,10.4,False,6.62,11,reorder_point,1.1,False,4.55,9.5,0.414
3325,FC_BCN1,IXD_BCN,1DC_BCN,SKU_0242,2024-11-22,224,forecast,11.3,False,89.15,110,reorder_point,1.2,False,43.78,9.4,0.398
3326,FC_BCN2,IXD_BCN,1DC_BCN,SKU_0243,2024-11-22,63,forecast,8.4,False,60.92,50,reorder_point,2.4,False,48.35,9.6,0.967
3327,FC_BCN2,IXD_BCN,1DC_BCN,SKU_0242,2024-11-22,151,forecast,3.6,False,15.7,141,reorder_point,1.9,False,14.66,9.9,0.104
3328,FC_BCN2,IXD_BCN,1DC_BCN,SKU_0238,2024-11-22,217,forecast,3.9,False,59.46,108,reorder_point,1.7,False,29.59,8.7,0.274
3329,FC_BCN2,IXD_BCN,1DC_BCN,SKU_0174,2024-11-22,16,forecast,10.6,False,7.28,11,reorder_point,2.7,False,5.0,7.2,0.455
3330,FC_BCN2,IXD_BCN,1DC_BCN,SKU_0066,2024-11-22,67,forecast,3.7,False,27.47,45,reorder_point,2.9,False,18.45,6.9,0.41
3331,FC_BCN2,IXD_BCN,1DC_BCN,SKU_0238,2024-11-22,143,forecast,8.1,False,45.33,140,reorder_point,1.5,False,44.38,9.6,0.317
3332,FC_BCN2,IXD_BCN,1DC_BCN,SKU_0198,2024-11-22,194,forecast,12.6,False,206.03,114,reorder_point,2.3,False,121.07,7.6,1.062
3333,FC_BCN2,IXD_BCN,1DC_BCN,SKU_0089,2024-11-22,138,forecast,10.1,False,79.07,117,reorder_point,2.6,False,67.04,6.8,0.573
3334,FC_MAD1,IXD_MAD,1DC_MAD,SKU_0190,2024-11-22,71,forecast,9.7,False,40.68,47,reorder_point,2.7,False,26.93,7.7,0.573
3335,FC_MAD1,IXD_MAD,1DC_MAD,SKU_0056,2024-11-22,78,forecast,12.2,True,61.54,42,reorder_point,2.7,False,33.14,9.2,0.789
3336,FC_MAD1,IXD_MAD,1DC_MAD,SKU_0029,2024-11-22,147,forecast,7.9,False,112.9,128,reorder_point,2.5,False,98.3,12.5,0.768
3337,FC_MAD1,IXD_MAD,1DC_MAD,SKU_0023,2024-11-22,87,forecast,11.8,False,89.26,50,reorder_point,1.6,False,51.3,9.0,1.026
3338,FC_MAD1,IXD_MAD,1DC_MAD,SKU_0101,2024-11-22,22,forecast,10.9,False,7.72,11,reorder_point,0.5,False,3.86,8.4,0.351
3339,FC_MAD1,IXD_MAD,1DC_MAD,SKU_0101,2024-11-22,15,forecast,5.4,False,10.32,11,reorder_point,2.6,False,7.57,5.5,0.688
3340,FC_MAD1,IXD_MAD,1DC_MAD,SKU_0065,2024-11-22,55,forecast,10.6,False,13.75,50,reorder_point,2.1,False,12.5,7.3,0.25
3341,FC_MAD1,IXD_MAD,1DC_MAD,SKU_0236,2024-11-22,85,forecast,7.9,False,83.55,43,reorder_point,0.9,False,42.27,9.7,0.983
3342,FC_MAD2,IXD_MAD,1DC_MAD,SKU_0236,2024-11-22,71,forecast,10.4,False,33.51,48,reorder_point,1.0,False,22.66,6.7,0.472
3343,FC_MAD2,IXD_MAD,1DC_MAD,SKU_0011,2024-11-22,50,forecast,9.5,False,26.2,49,reorder_point,1.0,False,25.68,6.9,0.524
3344,FC_MAD2,IXD_MAD,1DC_MAD,SKU_0246,2024-11-22,183,forecast,7.9,False,48.68,122,reorder_point,1.9,False,32.45,10.9,0.266
3345,FC_MAD2,IXD_MAD,1DC_MAD,SKU_0169,2024-11-22,62,forecast,8.1,True,57.04,44,reorder_point,2.5,False,40.48,9.0,0.92
3346,FC_MAD2,IXD_MAD,1DC_MAD,SKU_0091,2024-11-22,202,forecast,13.7,False,175.94,138,reorder_point,1.8,False,120.2,11.3,0.871
3347,FC_PAR1,IXD_PAR,1DC_CDG,SKU_0192,2024-11-22,66,forecast,5.2,False,40.59,44,reorder_point,1.0,False,27.06,8.6,0.615
3348,FC_PAR1,IXD_PAR,1DC_CDG,SKU_0028,2024-11-22,217,forecast,12.3,False,144.52,128,reorder_point,1.5,False,85.25,5.2,0.666
3349,FC_PAR1,IXD_PAR,1DC_CDG,SKU_0234,2024-11-22,19,forecast,6.6,False,6.06,10,reorder_point,2.8,False,3.19,9.6,0.319
3350,FC_PAR1,IXD_PAR,1DC_CDG,SKU_0191,2024-11-22,165,forecast,5.0,False,31.02,134,reorder_point,1.8,False,25.19,7.9,0.188
3351,FC_PAR2,IXD_PAR,1DC_MUC,SKU_0048,2024-11-22,236,forecast,4.4,False,70.33,117,reorder_point,1.4,False,34.87,6.2,0.298
3352,FC_PAR2,IXD_PAR,1DC_MUC,SKU_0165,2024-11-22,14,forecast,8.3,False,5.7,11,reorder_point,1.2,False,4.48,5.9,0.407
3353,FC_PAR2,IXD_PAR,1DC_MUC,SKU_0015,2024-11-22,56,forecast,12.3,True,6.5,41,reorder_point,2.5,False,4.76,7.7,0.116
3354,FC_BER1,IXD_BER,1DC_BCN,SKU_0164,2024-11-22,21,forecast,6.4,False,9.85,11,reorder_point,0.9,False,5.16,8.0,0.469
3355,FC_BER1,IXD_BER,1DC_BCN,SKU_0023,2024-11-22,78,forecast,10.4,False,41.57,44,reorder_point,1.5,False,23.45,8.4,0.533
3356,FC_BER1,IXD_BER,1DC_BCN,SKU_0166,2024-11-22,204,forecast,11.9,False,63.65,109,reorder_point,1.9,False,34.01,10.5,0.312
3357,FC_BER1,IXD_BER,1DC_BCN,SKU_0169,2024-11-22,61,forecast,8.5,False,30.44,48,reorder_point,0.6,False,23.95,6.9,0.499
3358,FC_MUN1,IXD_BER,1DC_AMS,SKU_0080,2024-11-22,20,forecast,5.4,False,8.18,13,reorder_point,2.2,False,5.32,8.4,0.409
3359,FC_MUN1,IXD_BER,1DC_AMS,SKU_0133,2024-11-22,66,forecast,4.7,False,58.54,45,reorder_point,2.3,False,39.91,7.9,0.887
3360,FC_MUN1,IXD_BER,1DC_AMS,SKU_0110,2024-11-22,56,forecast,8.2,False,50.79,45,reorder_point,2.4,False,40.81,9.5,0.907
3361,FC_MUN1,IXD_BER,1DC_AMS,SKU_0200,2024-11-22,147,forecast,7.9,False,94.08,125,reorder_point,2.1,False,80.0,9.4,0.64
3362,FC_MUN1,IXD_BER,1DC_AMS,SKU_0184,2024-11-22,197,forecast,4.8,False,173.56,134,reorder_point,1.2,False,118.05,6.9,0.881
3363,FC_MUN1,IXD_BER,1DC_AMS,SKU_0175,2024-11-22,158,forecast,10.0,False,62.88,143,reorder_point,1.5,False,56.91,5.9,0.398
3364,FC_BCN1,IXD_BCN,1DC_BCN,SKU_0191,2024-11-23,173,forecast,9.0,False,112.28,139,reorder_point,1.5,False,90.21,11.9,0.649
3365,FC_BCN1,IXD_BCN,1DC_BCN,SKU_0194,2024-11-23,211,forecast,8.7,False,209.73,124,reorder_point,2.9,False,123.26,8.3,0.994
3366,FC_BCN1,IXD_BCN,1DC_BCN,SKU_0066,2024-11-23,85,forecast,11.3,False,39.1,51,reorder_point,2.1,False,23.46,9.9,0.46
3367,FC_BCN1,IXD_BCN,1DC_BCN,SKU_0134,2024-11-23,88,forecast,9.8,False,56.32,51,reorder_point,1.1,False,32.64,10.7,0.64
3368,FC_BCN1,IXD_BCN,1DC_BCN,SKU_0179,2024-11-23,20,forecast,12.6,False,5.82,12,reorder_point,0.8,False,3.49,9.2,0.291
3369,FC_BCN1,IXD_BCN,1DC_BCN,SKU_0121,2024-11-23,66,forecast,3.7,False,22.97,51,reorder_point,2.8,False,17.75,3.7,0.348
3370,FC_BCN1,IXD_BCN,1DC_BCN,SKU_0249,2024-11-23,74,forecast,11.9,False,9.47,49,reorder_point,0.9,False,6.27,8.7,0.128
3371,FC_BCN2,IXD_BCN,1DC_BCN,SKU_0056,2024-11-23,53,forecast,11.4,False,54.48,40,reorder_point,0.9,False,41.12,7.7,1.028
3372,FC_BCN2,IXD_BCN,1DC_BCN,SKU_0063,2024-11-23,82,forecast,7.3,False,56.91,43,reorder_point,0.7,False,29.84,9.4,0.694
3373,FC_BCN2,IXD_BCN,1DC_BCN,SKU_0046,2024-11-23,14,forecast,8.3,False,3.96,11,reorder_point,2.0,False,3.11,9.8,0.283
3374,FC_BCN2,IXD_BCN,1DC_BCN,SKU_0090,2024-11-23,73,forecast,12.9,False,30.66,41,reorder_point,2.4,False,17.22,11.6,0.42
3375,FC_BCN2,IXD_BCN,1DC_BCN,SKU_0232,2024-11-23,19,forecast,10.6,True,19.97,10,reorder_point,0.8,False,10.51,11.5,1.051
3376,FC_MAD1,IXD_MAD,1DC_MAD,SKU_0223,2024-11-23,63,forecast,13.6,False,39.69,50,reorder_point,2.8,False,31.5,8.5,0.63
3377,FC_MAD1,IXD_MAD,1DC_MAD,SKU_0066,2024-11-23,89,forecast,11.6,False,35.96,51,reorder_point,0.8,False,20.6,7.4,0.404
3378,FC_MAD1,IXD_MAD,1DC_MAD,SKU_0159,2024-11-23,54,forecast,8.1,False,12.58,52,reorder_point,2.2,False,12.12,11.1,0.233
3379,FC_MAD1,IXD_MAD,1DC_MAD,SKU_0037,2024-11-23,71,forecast,5.1,True,7.81,43,reorder_point,0.6,False,4.73,11.4,0.11
3380,FC_MAD1,IXD_MAD,1DC_MAD,SKU_0223,2024-11-23,71,forecast,11.0,False,21.66,50,reorder_point,2.1,False,15.25,8.3,0.305
3381,FC_MAD2,IXD_MAD,1DC_MAD,SKU_0098,2024-11-23,76,forecast,3.1,False,18.16,48,reorder_point,2.3,False,11.47,7.8,0.239
3382,FC_MAD2,IXD_MAD,1DC_MAD,SKU_0189,2024-11-23,80,forecast,5.1,False,78.72,42,reorder_point,0.9,False,41.33,6.4,0.984
3383,FC_PAR1,IXD_PAR,1DC_MAD,SKU_0029,2024-11-23,142,forecast,8.1,False,84.35,118,reorder_point,1.8,False,70.09,9.3,0.594
3384,FC_PAR1,IXD_PAR,1DC_MAD,SKU_0007,2024-11-23,14,forecast,11.3,False,14.32,12,reorder_point,0.8,False,12.28,12.2,1.023
3385,FC_PAR1,IXD_PAR,1DC_MAD,SKU_0204,2024-11-23,22,forecast,8.9,False,21.45,14,reorder_point,0.5,False,13.65,7.4,0.975
3386,FC_PAR2,IXD_PAR,1DC_BCN,SKU_0114,2024-11-23,15,forecast,3.2,False,13.61,13,reorder_point,1.2,False,11.79,10.4,0.907
3387,FC_PAR2,IXD_PAR,1DC_BCN,SKU_0242,2024-11-23,168,forecast,10.0,True,147.67,142,reorder_point,0.5,False,124.82,10.4,0.879
3388,FC_PAR2,IXD_PAR,1DC_BCN,SKU_0016,2024-11-23,76,forecast,3.3,False,20.06,44,reorder_point,1.8,False,11.62,9.5,0.264
3389,FC_PAR2,IXD_PAR,1DC_BCN,SKU_0075,2024-11-23,66,forecast,8.4,True,7.06,51,reorder_point,1.8,False,5.46,8.1,0.107
3390,FC_PAR2,IXD_PAR,1DC_BCN,SKU_0168,2024-11-23,78,forecast,14.0,False,34.32,45,reorder_point,2.1,False,19.8,8.1,0.44
3391,FC_BER1,IXD_BER,1DC_MUC,SKU_0083,2024-11-23,167,forecast,12.9,False,172.01,140,reorder_point,1.6,False,144.2,6.9,1.03
3392,FC_BER1,IXD_BER,1DC_MUC,SKU_0036,2024-11-23,191,forecast,9.2,False,88.05,132,reorder_point,2.8,False,60.85,7.4,0.461
3393,FC_BER1,IXD_BER,1DC_MUC,SKU_0024,2024-11-23,213,forecast,3.7,False,152.93,108,reorder_point,2.7,False,77.54,7.8,0.718
3394,FC_MUN1,IXD_BCN,1DC_CDG,SKU_0046,2024-11-23,16,forecast,7.4,True,15.3,13,reorder_point,2.1,False,12.43,8.4,0.956
3395,FC_MUN1,IXD_BCN,1DC_CDG,SKU_0122,2024-11-23,81,forecast,10.9,False,43.42,49,reorder_point,1.2,False,26.26,9.2,0.536
3396,FC_BCN1,IXD_BCN,1DC_BCN,SKU_0143,2024-11-24,17,forecast,5.1,False,15.79,11,reorder_point,2.9,False,10.22,6.7,0.929
3397,FC_BCN1,IXD_BCN,1DC_BCN,SKU_0115,2024-11-24,79,forecast,9.6,False,17.38,44,reorder_point,2.2,False,9.68,6.0,0.22
3398,FC_BCN1,IXD_BCN,1DC_BCN,SKU_0016,2024-11-24,86,forecast,4.1,False,43.6,51,reorder_point,2.6,False,25.86,7.8,0.507
3399,FC_BCN1,IXD_BCN,1DC_BCN,SKU_0204,2024-11-24,20,forecast,8.1,False,3.92,11,reorder_point,2.7,False,2.16,5.8,0.196
3400,FC_BCN1,IXD_BCN,1DC_BCN,SKU_0010,2024-11-24,72,forecast,11.7,False,69.84,44,reorder_point,0.7,False,42.68,7.3,0.97
3401,FC_BCN1,IXD_BCN,1DC_BCN,SKU_0120,2024-11-24,80,forecast,3.4,False,32.4,49,reorder_point,1.9,False,19.85,13.0,0.405
3402,FC_BCN2,IXD_BCN,1DC_BCN,SKU_0224,2024-11-24,149,forecast,8.1,False,151.53,139,reorder_point,2.3,False,141.36,8.1,1.017
3403,FC_BCN2,IXD_BCN,1DC_BCN,SKU_0163,2024-11-24,73,forecast,10.6,False,20.08,47,reorder_point,1.9,False,12.93,7.1,0.275
3404,FC_BCN2,IXD_BCN,1DC_BCN,SKU_0118,2024-11-24,88,forecast,9.8,False,50.42,43,reorder_point,2.1,False,24.64,10.1,0.573
3405,FC_BCN2,IXD_BCN,1DC_BCN,SKU_0176,2024-11-24,74,forecast,4.8,False,21.83,40,reorder_point,2.5,False,11.8,5.8,0.295
3406,FC_BCN2,IXD_BCN,1DC_BCN,SKU_0156,2024-11-24,81,forecast,6.4,False,28.19,47,reorder_point,1.2,False,16.36,8.4,0.348
3407,FC_BCN2,IXD_BCN,1DC_BCN,SKU_0143,2024-11-24,15,forecast,11.0,False,7.74,13,reorder_point,0.8,False,6.71,11.1,0.516
3408,FC_MAD1,IXD_MAD,1DC_MAD,SKU_0104,2024-11-24,149,forecast,13.7,False,49.92,120,reorder_point,3.0,False,40.2,9.9,0.335
3409,FC_MAD1,IXD_MAD,1DC_MAD,SKU_0080,2024-11-24,22,forecast,13.3,False,4.77,11,reorder_point,0.8,False,2.39,8.6,0.217
3410,FC_MAD1,IXD_MAD,1DC_MAD,SKU_0177,2024-11-24,22,forecast,4.0,False,6.09,11,reorder_point,2.7,False,3.05,11.6,0.277
3411,FC_MAD1,IXD_MAD,1DC_MAD,SKU_0224,2024-11-24,176,forecast,7.4,False,67.41,127,reorder_point,1.5,False,48.64,9.2,0.383
3412,FC_MAD1,IXD_MAD,1DC_MAD,SKU_0069,2024-11-24,64,forecast,11.8,False,23.74,52,reorder_point,2.1,False,19.29,10.4,0.371
3413,FC_MAD2,IXD_MAD,1DC_MAD,SKU_0240,2024-11-24,14,forecast,3.9,False,5.45,11,reorder_point,1.9,False,4.28,6.6,0.389
3414,FC_MAD2,IXD_MAD,1DC_MAD,SKU_0196,2024-11-24,219,forecast,9.9,False,104.9,118,reorder_point,2.6,False,56.52,7.7,0.479
3415,FC_MAD2,IXD_MAD,1DC_MAD,SKU_0130,2024-11-24,53,forecast,7.0,False,14.52,42,reorder_point,2.9,False,11.51,8.5,0.274
3416,FC_MAD2,IXD_MAD,1DC_MAD,SKU_0065,2024-11-24,76,forecast,6.2,False,41.12,52,reorder_point,3.0,False,28.13,5.9,0.541
3417,FC_PAR1,IXD_PAR,1DC_BCN,SKU_0055,2024-11-24,20,forecast,9.8,False,2.04,12,reorder_point,2.4,False,1.22,9.5,0.102
3418,FC_PAR1,IXD_PAR,1DC_BCN,SKU_0119,2024-11-24,166,forecast,4.3,False,158.86,141,reorder_point,0.7,False,134.94,9.4,0.957
3419,FC_PAR1,IXD_PAR,1DC_BCN,SKU_0123,2024-11-24,227,forecast,5.0,False,96.25,116,reorder_point,1.3,False,49.18,9.3,0.424
3420,FC_PAR1,IXD_PAR,1DC_BCN,SKU_0051,2024-11-24,89,forecast,3.3,False,93.45,42,reorder_point,1.5,False,44.1,7.8,1.05
3421,FC_PAR2,IXD_PAR,1DC_AMS,SKU_0164,2024-11-24,20,forecast,13.8,False,14.64,11,reorder_point,2.4,False,8.05,5.8,0.732
3422,FC_PAR2,IXD_PAR,1DC_AMS,SKU_0004,2024-11-24,66,forecast,11.1,False,45.87,42,reorder_point,0.6,False,29.19,5.4,0.695
3423,FC_PAR2,IXD_PAR,1DC_AMS,SKU_0106,2024-11-24,59,forecast,7.9,False,34.87,41,reorder_point,2.5,False,24.23,9.1,0.591
3424,FC_PAR2,IXD_PAR,1DC_AMS,SKU_0245,2024-11-24,77,forecast,3.4,False,14.17,46,reorder_point,2.6,False,8.46,6.4,0.184
3425,FC_PAR2,IXD_PAR,1DC_AMS,SKU_0149,2024-11-24,49,forecast,4.2,False,17.35,40,reorder_point,2.3,False,14.16,8.4,0.354
3426,FC_PAR2,IXD_PAR,1DC_AMS,SKU_0014,2024-11-24,57,forecast,13.8,False,62.41,53,reorder_point,2.1,False,58.03,8.6,1.095
3427,FC_BER1,IXD_BER,1DC_MUC,SKU_0164,2024-11-24,14,forecast,13.2,True,6.61,12,reorder_point,0.7,False,5.66,7.4,0.472
3428,FC_BER1,IXD_BER,1DC_MUC,SKU_0218,2024-11-24,68,forecast,7.3,False,41.14,48,reorder_point,2.1,False,29.04,7.5,0.605
3429,FC_BER1,IXD_BER,1DC_MUC,SKU_0067,2024-11-24,56,forecast,13.2,False,32.26,44,reorder_point,1.2,False,25.34,8.5,0.576
3430,FC_MUN1,IXD_BER,1DC_BCN,SKU_0181,2024-11-24,223,forecast,13.1,True,179.52,143,reorder_point,1.9,False,115.12,8.8,0.805
3431,FC_MUN1,IXD_BER,1DC_BCN,SKU_0216,2024-11-24,62,forecast,9.6,False,52.95,44,reorder_point,2.9,False,37.58,8.1,0.854
3432,FC_MUN1,IXD_BER,1DC_BCN,SKU_0126,2024-11-24,207,forecast,9.7,False,139.73,116,reorder_point,1.4,False,78.3,7.3,0.675
3433,FC_BCN1,IXD_BCN,1DC_BCN,SKU_0211,2024-11-25,73,forecast,8.9,False,34.24,45,reorder_point,1.6,False,21.11,8.3,0.469
3434,FC_BCN1,IXD_BCN,1DC_BCN,SKU_0056,2024-11-25,74,forecast,11.0,False,24.42,44,reorder_point,2.4,False,14.52,7.7,0.33
3435,FC_BCN1,IXD_BCN,1DC_BCN,SKU_0015,2024-11-25,88,forecast,6.8,False,63.27,50,reorder_point,2.7,False,35.95,8.8,0.719
3436,FC_BCN1,IXD_BCN,1DC_BCN,SKU_0247,2024-11-25,173,forecast,10.9,False,174.21,123,reorder_point,1.4,False,123.86,6.0,1.007
3437,FC_BCN1,IXD_BCN,1DC_BCN,SKU_0101,2024-11-25,13,forecast,8.3,False,9.92,13,reorder_point,0.7,False,9.92,8.0,0.763
3438,FC_BCN1,IXD_BCN,1DC_BCN,SKU_0098,2024-11-25,62,forecast,10.2,False,23.37,47,reorder_point,2.7,False,17.72,10.2,0.377
3439,FC_BCN1,IXD_BCN,1DC_BCN,SKU_0150,2024-11-25,61,forecast,8.5,False,22.94,48,reorder_point,1.1,False,18.05,8.6,0.376
3440,FC_BCN2,IXD_BCN,1DC_BCN,SKU_0121,2024-11-25,80,forecast,11.4,False,41.36,44,reorder_point,2.6,False,22.75,9.6,0.517
3441,FC_BCN2,IXD_BCN,1DC_BCN,SKU_0175,2024-11-25,232,forecast,11.5,False,191.86,140,reorder_point,1.7,False,115.78,5.7,0.827
3442,FC_BCN2,IXD_BCN,1DC_BCN,SKU_0187,2024-11-25,86,forecast,4.7,True,55.99,42,reorder_point,1.3,False,27.34,7.4,0.651
3443,FC_MAD1,IXD_MAD,1DC_MAD,SKU_0108,2024-11-25,68,forecast,9.5,False,39.44,41,reorder_point,1.7,False,23.78,9.0,0.58
3444,FC_MAD1,IXD_MAD,1DC_MAD,SKU_0193,2024-11-25,75,forecast,4.9,False,73.27,49,reorder_point,2.6,False,47.87,9.4,0.977
3445,FC_MAD1,IXD_MAD,1DC_MAD,SKU_0054,2024-11-25,81,forecast,7.4,False,26.24,52,reorder_point,2.9,False,16.85,9.1,0.324
3446,FC_MAD1,IXD_MAD,1DC_MAD,SKU_0133,2024-11-25,63,forecast,3.4,True,51.28,48,reorder_point,2.4,False,39.07,8.7,0.814
3447,FC_MAD2,IXD_MAD,1DC_MAD,SKU_0073,2024-11-25,55,forecast,9.2,False,16.61,52,reorder_point,1.1,False,15.7,7.0,0.302
3448,FC_MAD2,IXD_MAD,1DC_MAD,SKU_0242,2024-11-25,197,forecast,8.3,False,81.16,120,reorder_point,2.0,False,49.44,10.9,0.412
3449,FC_MAD2,IXD_MAD,1DC_MAD,SKU_0186,2024-11-25,67,forecast,4.8,False,34.04,47,reorder_point,0.9,False,23.88,8.5,0.508
3450,FC_PAR1,IXD_PAR,1DC_MAD,SKU_0154,2024-11-25,185,forecast,8.5,False,202.94,126,reorder_point,2.1,False,138.22,9.9,1.097
3451,FC_PAR1,IXD_PAR,1DC_MAD,SKU_0229,2024-11-25,221,forecast,10.2,False,217.46,109,reorder_point,0.8,False,107.26,9.2,0.984
3452,FC_PAR1,IXD_PAR,1DC_MAD,SKU_0099,2024-11-25,13,forecast,5.7,False,11.89,13,reorder_point,2.2,False,11.89,8.8,0.915
3453,FC_PAR1,IXD_PAR,1DC_MAD,SKU_0075,2024-11-25,60,forecast,8.8,False,43.8,46,reorder_point,2.5,False,33.58,7.1,0.73
3454,FC_PAR1,IXD_PAR,1DC_MAD,SKU_0236,2024-11-25,57,forecast,5.4,False,9.52,47,reorder_point,2.3,False,7.85,6.2,0.167
3455,FC_PAR1,IXD_PAR,1DC_MAD,SKU_0149,2024-11-25,59,forecast,7.6,False,56.23,50,reorder_point,1.5,False,47.65,8.9,0.953
3456,FC_PAR2,IXD_PAR,1DC_CDG,SKU_0245,2024-11-25,67,forecast,6.4,False,67.0,44,reorder_point,2.7,False,44.0,6.6,1.0
3457,FC_PAR2,IXD_PAR,1DC_CDG,SKU_0130,2024-11-25,53,forecast,6.6,False,12.72,43,reorder_point,1.4,False,10.32,11.5,0.24
3458,FC_PAR2,IXD_PAR,1DC_CDG,SKU_0160,2024-11-25,15,forecast,6.5,False,3.52,13,reorder_point,1.8,False,3.05,11.0,0.235
3459,FC_PAR2,IXD_PAR,1DC_CDG,SKU_0177,2024-11-25,15,forecast,10.2,False,6.22,11,reorder_point,2.2,False,4.56,7.5,0.415
3460,FC_PAR2,IXD_PAR,1DC_CDG,SKU_0192,2024-11-25,81,forecast,8.1,False,42.36,43,reorder_point,1.6,False,22.49,10.9,0.523
3461,FC_PAR2,IXD_PAR,1DC_CDG,SKU_0099,2024-11-25,17,forecast,10.9,False,4.37,14,reorder_point,2.4,False,3.6,9.3,0.257
3462,FC_PAR2,IXD_PAR,1DC_CDG,SKU_0239,2024-11-25,23,forecast,13.8,False,17.5,12,reorder_point,1.1,False,9.13,6.6,0.761
3463,FC_PAR2,IXD_PAR,1DC_CDG,SKU_0117,2024-11-25,20,forecast,12.2,False,11.56,11,reorder_point,0.9,False,6.36,7.0,0.578
3464,FC_BER1,IXD_BER,1DC_BCN,SKU_0043,2024-11-25,20,forecast,4.7,False,11.08,13,reorder_point,1.4,False,7.2,9.1,0.554
3465,FC_BER1,IXD_BER,1DC_BCN,SKU_0197,2024-11-25,144,forecast,7.1,False,142.56,117,reorder_point,3.0,False,115.83,10.4,0.99
3466,FC_BER1,IXD_BER,1DC_BCN,SKU_0184,2024-11-25,195,forecast,13.6,False,84.63,120,reorder_point,0.7,False,52.08,7.0,0.434
3467,FC_BER1,IXD_BER,1DC_BCN,SKU_0150,2024-11-25,52,forecast,10.8,False,18.25,44,reorder_point,2.5,False,15.44,8.1,0.351
3468,FC_MUN1,IXD_PAR,1DC_BCN,SKU_0212,2024-11-25,195,forecast,3.3,True,190.32,121,reorder_point,1.3,False,118.1,10.0,0.976
3469,FC_MUN1,IXD_PAR,1DC_BCN,SKU_0219,2024-11-25,21,forecast,7.1,False,18.1,11,reorder_point,1.7,True,9.48,10.7,0.862
3470,FC_MUN1,IXD_PAR,1DC_BCN,SKU_0154,2024-11-25,206,forecast,11.4,False,174.89,132,reorder_point,1.4,False,112.07,9.5,0.849
3471,FC_BCN1,IXD_BCN,1DC_BCN,SKU_0174,2024-11-26,21,forecast,7.7,False,2.69,13,reorder_point,1.4,False,1.66,10.0,0.128
3472,FC_BCN1,IXD_BCN,1DC_BCN,SKU_0205,2024-11-26,206,forecast,10.3,False,70.25,140,reorder_point,0.6,False,47.74,10.0,0.341
3473,FC_BCN1,IXD_BCN,1DC_BCN,SKU_0180,2024-11-26,223,forecast,3.5,False,50.84,122,reorder_point,1.1,False,27.82,8.4,0.228
3474,FC_BCN1,IXD_BCN,1DC_BCN,SKU_0176,2024-11-26,79,forecast,7.2,False,30.73,46,reorder_point,2.6,False,17.89,6.1,0.389
3475,FC_BCN1,IXD_BCN,1DC_BCN,SKU_0046,2024-11-26,20,forecast,10.8,False,12.04,11,reorder_point,0.8,False,6.62,6.3,0.602
3476,FC_BCN1,IXD_BCN,1DC_BCN,SKU_0236,2024-11-26,53,forecast,6.9,True,9.01,52,reorder_point,1.5,False,8.84,10.1,0.17
3477,FC_BCN2,IXD_BCN,1DC_BCN,SKU_0191,2024-11-26,182,forecast,10.6,False,180.36,122,reorder_point,1.5,False,120.9,4.0,0.991
3478,FC_BCN2,IXD_BCN,1DC_BCN,SKU_0012,2024-11-26,72,forecast,7.6,False,48.17,45,reorder_point,1.5,True,30.11,11.2,0.669
3479,FC_BCN2,IXD_BCN,1DC_BCN,SKU_0095,2024-11-26,165,forecast,10.7,False,38.28,140,reorder_point,1.0,False,32.48,7.5,0.232
3480,FC_BCN2,IXD_BCN,1DC_BCN,SKU_0233,2024-11-26,17,forecast,3.8,False,3.09,12,reorder_point,1.5,False,2.18,9.1,0.182
3481,FC_MAD1,IXD_MAD,1DC_MAD,SKU_0165,2024-11-26,20,forecast,12.9,False,11.72,13,reorder_point,1.3,False,7.62,7.9,0.586
3482,FC_MAD1,IXD_MAD,1DC_MAD,SKU_0078,2024-11-26,18,forecast,9.3,False,3.33,13,reorder_point,3.0,False,2.4,6.8,0.185
3483,FC_MAD1,IXD_MAD,1DC_MAD,SKU_0109,2024-11-26,87,forecast,3.6,False,24.62,48,reorder_point,1.1,False,13.58,5.4,0.283
3484,FC_MAD2,IXD_MAD,1DC_MAD,SKU_0089,2024-11-26,219,forecast,11.0,False,127.68,112,reorder_point,0.5,False,65.3,7.0,0.583
3485,FC_MAD2,IXD_MAD,1DC_MAD,SKU_0104,2024-11-26,195,forecast,10.9,True,117.39,125,reorder_point,1.0,False,75.25,6.7,0.602
3486,FC_MAD2,IXD_MAD,1DC_MAD,SKU_0109,2024-11-26,59,forecast,14.0,False,53.81,51,reorder_point,1.4,False,46.51,7.1,0.912
3487,FC_MAD2,IXD_MAD,1DC_MAD,SKU_0002,2024-11-26,66,forecast,4.6,False,36.63,46,reorder_point,1.4,False,25.53,7.4,0.555
3488,FC_MAD2,IXD_MAD,1DC_MAD,SKU_0101,2024-11-26,19,forecast,6.2,False,7.56,12,reorder_point,2.5,True,4.78,7.2,0.398
3489,FC_MAD2,IXD_MAD,1DC_MAD,SKU_0003,2024-11-26,83,forecast,10.8,False,51.79,50,reorder_point,1.7,True,31.2,8.5,0.624
3490,FC_MAD2,IXD_MAD,1DC_MAD,SKU_0182,2024-11-26,67,forecast,12.5,False,55.27,43,reorder_point,2.5,False,35.48,7.0,0.825
3491,FC_MAD2,IXD_MAD,1DC_MAD,SKU_0202,2024-11-26,168,forecast,7.5,False,17.3,126,reorder_point,2.4,True,12.98,8.7,0.103
3492,FC_PAR1,IXD_PAR,1DC_AMS,SKU_0212,2024-11-26,204,forecast,10.9,False,34.07,131,reorder_point,1.5,False,21.88,13.4,0.167
3493,FC_PAR1,IXD_PAR,1DC_AMS,SKU_0086,2024-11-26,15,forecast,10.1,False,8.5,11,reorder_point,0.8,False,6.24,10.1,0.567
3494,FC_PAR1,IXD_PAR,1DC_AMS,SKU_0204,2024-11-26,19,forecast,11.9,False,14.27,12,reorder_point,1.5,False,9.01,11.1,0.751
3495,FC_PAR1,IXD_PAR,1DC_AMS,SKU_0241,2024-11-26,19,forecast,8.3,False,8.28,13,reorder_point,0.9,False,5.67,7.5,0.436
3496,FC_PAR1,IXD_PAR,1DC_AMS,SKU_0050,2024-11-26,153,forecast,10.5,False,166.46,133,reorder_point,2.2,False,144.7,10.4,1.088
3497,FC_PAR1,IXD_PAR,1DC_AMS,SKU_0008,2024-11-26,83,forecast,8.4,False,29.13,49,reorder_point,1.0,False,17.2,7.9,0.351
3498,FC_PAR1,IXD_PAR,1DC_AMS,SKU_0088,2024-11-26,54,forecast,10.6,False,39.47,44,reorder_point,1.6,False,32.16,7.6,0.731
3499,FC_PAR1,IXD_PAR,1DC_AMS,SKU_0013,2024-11-26,82,forecast,12.1,False,18.53,41,reorder_point,1.5,False,9.27,11.4,0.226
3500,FC_PAR2,IXD_PAR,1DC_AMS,SKU_0039,2024-11-26,61,forecast,12.4,False,54.84,47,reorder_point,0.7,False,42.25,9.7,0.899
3501,FC_PAR2,IXD_PAR,1DC_AMS,SKU_0154,2024-11-26,235,forecast,5.6,False,133.24,114,reorder_point,0.5,False,64.64,7.8,0.567
3502,FC_PAR2,IXD_PAR,1DC_AMS,SKU_0128,2024-11-26,17,forecast,9.3,False,8.74,13,reorder_point,1.5,False,6.68,9.8,0.514
3503,FC_PAR2,IXD_PAR,1DC_AMS,SKU_0089,2024-11-26,146,forecast,12.9,False,62.49,112,reorder_point,2.9,False,47.94,10.3,0.428
3504,FC_BER1,IXD_BER,1DC_CDG,SKU_0238,2024-11-26,192,forecast,12.0,False,69.89,142,reorder_point,1.9,False,51.69,10.0,0.364
3505,FC_BER1,IXD_BER,1DC_CDG,SKU_0200,2024-11-26,164,forecast,10.4,False,157.93,117,reorder_point,2.6,False,112.67,11.2,0.963
3506,FC_BER1,IXD_BER,1DC_CDG,SKU_0020,2024-11-26,209,forecast,5.6,False,183.29,138,reorder_point,1.4,False,121.03,3.9,0.877
3507,FC_BER1,IXD_BER,1DC_CDG,SKU_0245,2024-11-26,85,forecast,3.4,False,52.36,51,reorder_point,2.2,False,31.42,7.9,0.616
3508,FC_BER1,IXD_BER,1DC_CDG,SKU_0037,2024-11-26,87,forecast,9.2,False,74.56,50,reorder_point,2.4,False,42.85,5.6,0.857
3509,FC_BER1,IXD_BER,1DC_CDG,SKU_0194,2024-11-26,152,forecast,11.9,False,31.31,128,reorder_point,1.2,False,26.37,6.7,0.206
3510,FC_BER1,IXD_BER,1DC_CDG,SKU_0199,2024-11-26,62,forecast,5.5,True,33.36,47,reorder_point,1.8,False,25.29,9.0,0.538
3511,FC_MUN1,IXD_BCN,1DC_BCN,SKU_0232,2024-11-26,22,forecast,5.5,False,22.29,11,reorder_point,2.8,False,11.14,8.7,1.013
3512,FC_MUN1,IXD_BCN,1DC_BCN,SKU_0159,2024-11-26,66,forecast,12.4,False,49.3,43,reorder_point,0.9,True,32.12,8.6,0.747
3513,FC_BCN1,IXD_BCN,1DC_BCN,SKU_0076,2024-11-27,215,forecast,8.5,False,171.36,121,reorder_point,1.6,True,96.44,7.0,0.797
3514,FC_BCN1,IXD_BCN,1DC_BCN,SKU_0089,2024-11-27,175,forecast,12.4,False,88.9,118,reorder_point,2.7,False,59.94,6.7,0.508
3515,FC_BCN1,IXD_BCN,1DC_BCN,SKU_0123,2024-11-27,135,forecast,5.9,False,141.21,115,reorder_point,1.1,False,120.29,8.5,1.046
3516,FC_BCN2,IXD_BCN,1DC_BCN,SKU_0070,2024-11-27,89,forecast,12.8,False,13.35,47,reorder_point,2.9,False,7.05,8.3,0.15
3517,FC_BCN2,IXD_BCN,1DC_BCN,SKU_0091,2024-11-27,187,forecast,8.5,False,168.49,110,reorder_point,0.9,False,99.11,12.4,0.901
3518,FC_BCN2,IXD_BCN,1DC_BCN,SKU_0109,2024-11-27,83,forecast,7.6,False,65.24,53,reorder_point,2.4,False,41.66,11.1,0.786
3519,FC_BCN2,IXD_BCN,1DC_BCN,SKU_0145,2024-11-27,62,forecast,3.6,True,53.88,41,reorder_point,1.2,False,35.63,7.2,0.869
3520,FC_MAD1,IXD_MAD,1DC_MAD,SKU_0011,2024-11-27,50,forecast,13.1,False,30.95,53,reorder_point,2.8,False,32.81,11.4,0.619
3521,FC_MAD1,IXD_MAD,1DC_MAD,SKU_0241,2024-11-27,16,forecast,7.3,False,13.65,13,reorder_point,2.1,False,11.09,7.8,0.853
3522,FC_MAD2,IXD_MAD,1DC_MAD,SKU_0210,2024-11-27,72,forecast,13.7,False,30.1,44,reorder_point,1.0,False,18.39,11.9,0.418
3523,FC_MAD2,IXD_MAD,1DC_MAD,SKU_0148,2024-11-27,17,forecast,3.7,False,12.53,11,reorder_point,2.9,False,8.11,10.4,0.737
3524,FC_MAD2,IXD_MAD,1DC_MAD,SKU_0168,2024-11-27,81,forecast,4.9,False,11.5,41,reorder_point,2.9,False,5.82,10.4,0.142
3525,FC_PAR1,IXD_PAR,1DC_CDG,SKU_0077,2024-11-27,224,forecast,3.2,False,162.4,131,reorder_point,1.2,False,94.97,7.7,0.725
3526,FC_PAR1,IXD_PAR,1DC_CDG,SKU_0211,2024-11-27,73,forecast,11.0,False,40.0,50,reorder_point,1.1,False,27.4,10.3,0.548
3527,FC_PAR1,IXD_PAR,1DC_CDG,SKU_0108,2024-11-27,89,forecast,7.3,False,37.38,53,reorder_point,1.5,False,22.26,8.2,0.42
3528,FC_PAR1,IXD_PAR,1DC_CDG,SKU_0215,2024-11-27,52,forecast,5.2,False,47.74,44,reorder_point,2.1,False,40.39,6.2,0.918
3529,FC_PAR1,IXD_PAR,1DC_CDG,SKU_0121,2024-11-27,71,forecast,8.9,False,24.07,49,reorder_point,2.1,True,16.61,9.5,0.339
3530,FC_PAR1,IXD_PAR,1DC_CDG,SKU_0177,2024-11-27,21,forecast,10.3,False,5.88,13,reorder_point,2.5,False,3.64,9.2,0.28
3531,FC_PAR2,IXD_PAR,1DC_AMS,SKU_0131,2024-11-27,56,forecast,3.0,False,54.15,53,reorder_point,1.9,False,51.25,9.4,0.967
3532,FC_PAR2,IXD_PAR,1DC_AMS,SKU_0020,2024-11-27,219,forecast,8.6,True,129.87,123,reorder_point,1.6,False,72.94,9.4,0.593
3533,FC_PAR2,IXD_PAR,1DC_AMS,SKU_0152,2024-11-27,55,forecast,10.7,False,56.21,49,reorder_point,1.9,False,50.08,9.8,1.022
3534,FC_BER1,IXD_BER,1DC_MUC,SKU_0082,2024-11-27,82,forecast,6.0,False,76.75,48,reorder_point,2.8,False,44.93,8.8,0.936
3535,FC_BER1,IXD_BER,1DC_MUC,SKU_0054,2024-11-27,66,forecast,7.2,False,50.29,47,reorder_point,2.0,False,35.81,8.3,0.762
3536,FC_BER1,IXD_BER,1DC_MUC,SKU_0045,2024-11-27,172,forecast,6.8,False,162.02,110,reorder_point,2.8,False,103.62,10.9,0.942
3537,FC_BER1,IXD_BER,1DC_MUC,SKU_0123,2024-11-27,234,forecast,10.7,False,191.65,134,reorder_point,1.3,False,109.75,8.7,0.819
3538,FC_BER1,IXD_BER,1DC_MUC,SKU_0249,2024-11-27,82,forecast,10.5,False,19.6,47,reorder_point,0.9,False,11.23,6.8,0.239
3539,FC_MUN1,IXD_BER,1DC_MUC,SKU_0248,2024-11-27,51,forecast,4.2,False,29.38,53,reorder_point,2.4,False,30.53,10.7,0.576
3540,FC_MUN1,IXD_BER,1DC_MUC,SKU_0064,2024-11-27,21,forecast,9.0,False,12.47,11,reorder_point,1.6,False,6.53,10.4,0.594
3541,FC_MUN1,IXD_BER,1DC_MUC,SKU_0010,2024-11-27,75,forecast,3.7,False,62.62,52,reorder_point,3.0,True,43.42,7.6,0.835
3542,FC_MUN1,IXD_BER,1DC_MUC,SKU_0018,2024-11-27,84,forecast,5.5,False,51.16,49,reorder_point,0.9,False,29.84,7.7,0.609
3543,FC_MUN1,IXD_BER,1DC_MUC,SKU_0110,2024-11-27,51,forecast,13.1,False,32.64,50,reorder_point,1.4,False,32.0,8.6,0.64
3544,FC_MUN1,IXD_BER,1DC_MUC,SKU_0039,2024-11-27,59,forecast,9.9,False,25.9,42,reorder_point,2.4,False,18.44,9.7,0.439
3545,FC_BCN1,IXD_BCN,1DC_BCN,SKU_0222,2024-11-28,85,forecast,6.7,False,78.54,47,reorder_point,2.9,False,43.43,9.3,0.924
3546,FC_BCN1,IXD_BCN,1DC_BCN,SKU_0052,2024-11-28,218,forecast,13.6,False,104.2,134,reorder_point,2.8,False,64.05,10.6,0.478
3547,FC_BCN1,IXD_BCN,1DC_BCN,SKU_0171,2024-11-28,188,forecast,10.4,False,199.09,133,reorder_point,2.2,False,140.85,5.5,1.059
3548,FC_BCN1,IXD_BCN,1DC_BCN,SKU_0065,2024-11-28,68,forecast,11.0,False,21.01,52,reorder_point,1.0,False,16.07,11.4,0.309
3549,FC_BCN2,IXD_BCN,1DC_BCN,SKU_0089,2024-11-28,202,forecast,6.1,False,195.54,123,reorder_point,2.7,False,119.06,6.2,0.968
3550,FC_BCN2,IXD_BCN,1DC_BCN,SKU_0236,2024-11-28,54,forecast,9.7,False,43.9,48,reorder_point,1.2,False,39.02,8.1,0.813
3551,FC_BCN2,IXD_BCN,1DC_BCN,SKU_0045,2024-11-28,232,forecast,10.7,False,104.17,135,reorder_point,0.5,False,60.62,10.3,0.449
3552,FC_BCN2,IXD_BCN,1DC_BCN,SKU_0176,2024-11-28,72,forecast,12.5,False,11.81,47,reorder_point,1.2,False,7.71,8.5,0.164
3553,FC_BCN2,IXD_BCN,1DC_BCN,SKU_0139,2024-11-28,74,forecast,6.5,False,24.57,52,reorder_point,2.8,False,17.26,8.6,0.332
3554,FC_BCN2,IXD_BCN,1DC_BCN,SKU_0103,2024-11-28,58,forecast,5.2,False,44.54,47,reorder_point,1.6,False,36.1,7.9,0.768
3555,FC_MAD1,IXD_MAD,1DC_MAD,SKU_0157,2024-11-28,13,forecast,13.8,False,7.85,13,reorder_point,2.9,False,7.85,11.2,0.604
3556,FC_MAD1,IXD_MAD,1DC_MAD,SKU_0183,2024-11-28,17,forecast,4.5,False,8.81,13,reorder_point,2.5,False,6.73,10.5,0.518
3557,FC_MAD1,IXD_MAD,1DC_MAD,SKU_0218,2024-11-28,71,forecast,13.0,False,44.3,44,reorder_point,2.1,False,27.46,6.4,0.624
3558,FC_MAD1,IXD_MAD,1DC_MAD,SKU_0224,2024-11-28,233,forecast,4.9,True,144.69,114,reorder_point,1.4,False,70.79,10.3,0.621
3559,FC_MAD1,IXD_MAD,1DC_MAD,SKU_0203,2024-11-28,75,forecast,6.2,False,71.4,52,reorder_point,1.0,False,49.5,7.4,0.952
3560,FC_MAD1,IXD_MAD,1DC_MAD,SKU_0076,2024-11-28,173,forecast,4.1,False,19.72,122,reorder_point,2.7,False,13.91,9.3,0.114
3561,FC_MAD1,IXD_MAD,1DC_MAD,SKU_0242,2024-11-28,154,forecast,12.8,False,103.33,109,reorder_point,2.6,False,73.14,10.1,0.671
3562,FC_MAD1,IXD_MAD,1DC_MAD,SKU_0162,2024-11-28,53,forecast,11.9,False,41.34,52,reorder_point,2.3,False,40.56,7.1,0.78
3563,FC_MAD2,IXD_MAD,1DC_MAD,SKU_0242,2024-11-28,142,forecast,10.8,False,34.65,121,reorder_point,1.1,False,29.52,9.8,0.244
3564,FC_MAD2,IXD_MAD,1DC_MAD,SKU_0071,2024-11-28,171,forecast,6.5,True,122.27,135,reorder_point,1.8,False,96.52,11.2,0.715
3565,FC_MAD2,IXD_MAD,1DC_MAD,SKU_0238,2024-11-28,224,forecast,7.2,False,140.45,128,reorder_point,0.7,False,80.26,7.1,0.627
3566,FC_PAR1,IXD_PAR,1DC_MAD,SKU_0098,2024-11-28,79,forecast,11.5,False,38.63,50,reorder_point,2.5,False,24.45,6.9,0.489
3567,FC_PAR1,IXD_PAR,1DC_MAD,SKU_0002,2024-11-28,61,forecast,9.5,False,12.57,46,reorder_point,2.0,False,9.48,6.0,0.206
3568,FC_PAR2,IXD_PAR,1DC_AMS,SKU_0035,2024-11-28,229,forecast,6.1,False,88.85,122,reorder_point,2.1,False,47.34,8.3,0.388
3569,FC_PAR2,IXD_PAR,1DC_AMS,SKU_0121,2024-11-28,84,forecast,5.4,False,21.25,52,reorder_point,1.6,False,13.16,9.7,0.253
3570,FC_PAR2,IXD_PAR,1DC_AMS,SKU_0055,2024-11-28,21,forecast,9.3,False,3.7,13,reorder_point,2.6,True,2.29,11.0,0.176
3571,FC_PAR2,IXD_PAR,1DC_AMS,SKU_0018,2024-11-28,75,forecast,3.2,False,81.75,42,reorder_point,1.8,True,45.78,8.6,1.09
3572,FC_PAR2,IXD_PAR,1DC_AMS,SKU_0164,2024-11-28,23,forecast,3.3,False,23.69,12,reorder_point,1.1,False,12.36,11.1,1.03
3573,FC_PAR2,IXD_PAR,1DC_AMS,SKU_0169,2024-11-28,57,forecast,4.3,False,15.45,43,reorder_point,1.9,False,11.65,8.4,0.271
3574,FC_PAR2,IXD_PAR,1DC_AMS,SKU_0236,2024-11-28,81,forecast,9.1,False,74.6,50,reorder_point,1.9,False,46.05,11.8,0.921
3575,FC_PAR2,IXD_PAR,1DC_AMS,SKU_0047,2024-11-28,70,forecast,10.4,False,31.78,45,reorder_point,2.1,False,20.43,2.6,0.454
3576,FC_BER1,IXD_BER,1DC_MAD,SKU_0113,2024-11-28,22,forecast,9.0,False,9.55,13,reorder_point,1.5,False,5.64,4.9,0.434
3577,FC_BER1,IXD_BER,1DC_MAD,SKU_0012,2024-11-28,83,forecast,11.4,False,81.92,43,reorder_point,2.3,False,42.44,9.1,0.987
3578,FC_BER1,IXD_BER,1DC_MAD,SKU_0076,2024-11-28,157,forecast,5.7,False,42.08,135,reorder_point,1.4,False,36.18,8.2,0.268
3579,FC_BER1,IXD_BER,1DC_MAD,SKU_0065,2024-11-28,73,forecast,12.0,False,75.34,43,reorder_point,1.1,False,44.38,7.6,1.032
3580,FC_BER1,IXD_BER,1DC_MAD,SKU_0250,2024-11-28,23,forecast,12.2,False,15.92,12,reorder_point,1.1,False,8.3,11.4,0.692
3581,FC_BER1,IXD_BER,1DC_MAD,SKU_0040,2024-11-28,223,forecast,9.2,False,205.38,126,reorder_point,1.0,False,116.05,6.0,0.921
3582,FC_BER1,IXD_BER,1DC_MAD,SKU_0074,2024-11-28,19,forecast,10.2,False,2.28,12,reorder_point,0.6,False,1.44,8.1,0.12
3583,FC_BER1,IXD_BER,1DC_MAD,SKU_0250,2024-11-28,13,forecast,12.1,False,2.83,12,reorder_point,1.7,False,2.62,5.5,0.218
3584,FC_MUN1,IXD_MAD,1DC_BCN,SKU_0125,2024-11-28,56,forecast,3.7,True,18.59,43,reorder_point,1.1,False,14.28,6.8,0.332
3585,FC_MUN1,IXD_MAD,1DC_BCN,SKU_0028,2024-11-28,206,forecast,8.2,False,129.37,117,reorder_point,2.3,True,73.48,8.1,0.628
3586,FC_MUN1,IXD_MAD,1DC_BCN,SKU_0228,2024-11-28,69,forecast,6.0,False,21.25,45,reorder_point,2.2,False,13.86,6.9,0.308
3587,FC_MUN1,IXD_MAD,1DC_BCN,SKU_0076,2024-11-28,216,forecast,9.6,False,84.67,142,reorder_point,1.6,False,55.66,8.1,0.392
3588,FC_MUN1,IXD_MAD,1DC_BCN,SKU_0226,2024-11-28,217,forecast,5.9,False,133.89,128,reorder_point,1.9,False,78.98,8.9,0.617
3589,FC_BCN1,IXD_BCN,1DC_BCN,SKU_0129,2024-11-29,75,forecast,6.9,False,51.08,51,reorder_point,2.2,False,34.73,8.2,0.681
3590,FC_BCN1,IXD_BCN,1DC_BCN,SKU_0199,2024-11-29,64,forecast,7.4,False,34.62,48,reorder_point,2.3,False,25.97,10.0,0.541
3591,FC_BCN1,IXD_BCN,1DC_BCN,SKU_0034,2024-11-29,77,forecast,7.7,False,38.5,53,reorder_point,2.8,False,26.5,8.4,0.5
3592,FC_BCN2,IXD_BCN,1DC_BCN,SKU_0018,2024-11-29,68,forecast,4.6,False,32.98,47,reorder_point,1.1,False,22.79,6.6,0.485
3593,FC_BCN2,IXD_BCN,1DC_BCN,SKU_0069,2024-11-29,55,forecast,12.1,False,25.19,43,reorder_point,2.0,True,19.69,11.4,0.458
3594,FC_BCN2,IXD_BCN,1DC_BCN,SKU_0154,2024-11-29,171,forecast,11.1,False,76.27,122,reorder_point,1.8,False,54.41,7.7,0.446
3595,FC_BCN2,IXD_BCN,1DC_BCN,SKU_0047,2024-11-29,73,forecast,9.1,False,51.25,43,reorder_point,2.3,True,30.19,10.7,0.702
3596,FC_BCN2,IXD_BCN,1DC_BCN,SKU_0214,2024-11-29,20,forecast,8.0,False,11.0,13,reorder_point,1.0,False,7.15,9.8,0.55
3597,FC_BCN2,IXD_BCN,1DC_BCN,SKU_0119,2024-11-29,135,forecast,11.4,False,124.61,109,reorder_point,3.0,False,100.61,9.9,0.923
3598,FC_MAD1,IXD_MAD,1DC_MAD,SKU_0221,2024-11-29,16,forecast,8.3,False,12.21,12,reorder_point,0.7,False,9.16,9.1,0.763
3599,FC_MAD1,IXD_MAD,1DC_MAD,SKU_0198,2024-11-29,206,forecast,3.2,False,31.11,140,reorder_point,1.5,False,21.14,8.4,0.151
3600,FC_MAD1,IXD_MAD,1DC_MAD,SKU_0222,2024-11-29,79,forecast,6.2,False,57.27,49,reorder_point,2.9,False,35.52,7.7,0.725
3601,FC_MAD1,IXD_MAD,1DC_MAD,SKU_0072,2024-11-29,85,forecast,3.3,False,47.26,52,reorder_point,2.5,False,28.91,5.3,0.556
3602,FC_MAD1,IXD_MAD,1DC_MAD,SKU_0117,2024-11-29,21,forecast,10.5,False,12.73,14,reorder_point,2.0,False,8.48,8.4,0.606
3603,FC_MAD2,IXD_MAD,1DC_MAD,SKU_0060,2024-11-29,176,forecast,6.4,True,91.52,109,reorder_point,1.8,False,56.68,12.5,0.52
3604,FC_MAD2,IXD_MAD,1DC_MAD,SKU_0239,2024-11-29,23,forecast,13.3,False,3.84,13,reorder_point,2.2,False,2.17,8.4,0.167
3605,FC_MAD2,IXD_MAD,1DC_MAD,SKU_0249,2024-11-29,55,forecast,11.5,False,25.69,42,reorder_point,1.7,False,19.61,7.1,0.467
3606,FC_PAR1,IXD_PAR,1DC_BCN,SKU_0148,2024-11-29,23,forecast,9.4,False,18.84,12,reorder_point,2.1,False,9.83,6.8,0.819
3607,FC_PAR1,IXD_PAR,1DC_BCN,SKU_0090,2024-11-29,76,forecast,9.2,False,42.26,45,reorder_point,1.7,False,25.02,8.1,0.556
3608,FC_PAR1,IXD_PAR,1DC_BCN,SKU_0107,2024-11-29,57,forecast,8.8,False,12.71,45,reorder_point,1.7,False,10.04,7.1,0.223
3609,FC_PAR1,IXD_PAR,1DC_BCN,SKU_0193,2024-11-29,74,forecast,5.8,False,61.72,52,reorder_point,0.7,False,43.37,9.1,0.834
3610,FC_PAR2,IXD_PAR,1DC_MAD,SKU_0114,2024-11-29,17,forecast,3.5,False,7.0,13,reorder_point,0.8,False,5.36,8.5,0.412
3611,FC_PAR2,IXD_PAR,1DC_MAD,SKU_0199,2024-11-29,51,forecast,11.5,False,38.86,42,reorder_point,1.5,False,32.0,9.5,0.762
3612,FC_PAR2,IXD_PAR,1DC_MAD,SKU_0085,2024-11-29,21,forecast,6.4,False,17.03,11,reorder_point,1.2,False,8.92,10.6,0.811
3613,FC_PAR2,IXD_PAR,1DC_MAD,SKU_0148,2024-11-29,22,forecast,9.6,False,20.06,12,reorder_point,2.5,False,10.94,6.2,0.912
3614,FC_PAR2,IXD_PAR,1DC_MAD,SKU_0105,2024-11-29,200,forecast,12.6,False,187.2,124,reorder_point,2.8,False,116.06,6.9,0.936
3615,FC_PAR2,IXD_PAR,1DC_MAD,SKU_0215,2024-11-29,72,forecast,13.8,False,57.67,50,reorder_point,2.9,False,40.05,9.1,0.801
3616,FC_PAR2,IXD_PAR,1DC_MAD,SKU_0049,2024-11-29,88,forecast,11.2,False,69.78,49,reorder_point,2.0,False,38.86,8.8,0.793
3617,FC_PAR2,IXD_PAR,1DC_MAD,SKU_0127,2024-11-29,18,forecast,9.1,False,2.16,12,reorder_point,2.4,False,1.44,8.2,0.12
3618,FC_BER1,IXD_BER,1DC_MAD,SKU_0090,2024-11-29,64,forecast,11.7,True,31.81,42,reorder_point,2.8,False,20.87,9.7,0.497
3619,FC_BER1,IXD_BER,1DC_MAD,SKU_0127,2024-11-29,18,forecast,4.6,False,15.03,10,reorder_point,0.8,False,8.35,3.1,0.835
3620,FC_BER1,IXD_BER,1DC_MAD,SKU_0120,2024-11-29,53,forecast,7.7,False,20.99,44,reorder_point,1.5,False,17.42,10.3,0.396
3621,FC_MUN1,IXD_BER,1DC_BCN,SKU_0185,2024-11-29,197,forecast,3.3,False,46.29,126,reorder_point,2.1,False,29.61,8.1,0.235
3622,FC_MUN1,IXD_BER,1DC_BCN,SKU_0222,2024-11-29,56,forecast,12.7,True,27.78,50,reorder_point,1.3,False,24.8,6.5,0.496
3623,FC_MUN1,IXD_BER,1DC_BCN,SKU_0060,2024-11-29,194,forecast,6.5,False,93.9,123,reorder_point,2.7,False,59.53,5.6,0.484
3624,FC_MUN1,IXD_BER,1DC_BCN,SKU_0120,2024-11-29,89,forecast,8.6,False,43.7,41,reorder_point,1.0,False,20.13,10.1,0.491
3625,FC_MUN1,IXD_BER,1DC_BCN,SKU_0233,2024-11-29,14,forecast,10.8,False,11.23,10,reorder_point,2.5,False,8.02,9.8,0.802
3626,FC_MUN1,IXD_BER,1DC_BCN,SKU_0223,2024-11-29,89,forecast,5.5,False,81.35,42,reorder_point,2.4,False,38.39,9.0,0.914
3627,FC_BCN1,IXD_BCN,1DC_BCN,SKU_0099,2024-11-30,17,forecast,7.5,False,18.22,13,reorder_point,1.3,False,13.94,9.0,1.072
3628,FC_BCN1,IXD_BCN,1DC_BCN,SKU_0030,2024-11-30,206,forecast,7.5,False,219.6,115,reorder_point,1.1,False,122.59,9.4,1.066
3629,FC_BCN1,IXD_BCN,1DC_BCN,SKU_0191,2024-11-30,178,forecast,3.8,False,187.61,108,reorder_point,1.9,False,113.83,10.7,1.054
3630,FC_BCN1,IXD_BCN,1DC_BCN,SKU_0116,2024-11-30,156,forecast,4.3,False,158.03,137,reorder_point,2.6,False,138.78,8.2,1.013
3631,FC_BCN1,IXD_BCN,1DC_BCN,SKU_0144,2024-11-30,173,forecast,6.9,False,77.5,112,reorder_point,0.8,False,50.18,3.2,0.448
3632,FC_BCN2,IXD_BCN,1DC_BCN,SKU_0128,2024-11-30,13,forecast,13.6,False,7.71,14,reorder_point,0.6,False,8.3,10.6,0.593
3633,FC_BCN2,IXD_BCN,1DC_BCN,SKU_0205,2024-11-30,160,forecast,4.0,False,110.24,120,reorder_point,2.2,False,82.68,10.2,0.689
3634,FC_BCN2,IXD_BCN,1DC_BCN,SKU_0168,2024-11-30,56,forecast,13.3,False,29.74,48,reorder_point,2.7,False,25.49,6.3,0.531
3635,FC_BCN2,IXD_BCN,1DC_BCN,SKU_0009,2024-11-30,17,forecast,5.1,False,9.3,11,reorder_point,0.7,False,6.02,12.0,0.547
3636,FC_MAD1,IXD_MAD,1DC_MAD,SKU_0020,2024-11-30,225,forecast,5.2,False,242.77,117,reorder_point,1.3,False,126.24,7.4,1.079
3637,FC_MAD1,IXD_MAD,1DC_MAD,SKU_0117,2024-11-30,21,forecast,5.9,False,12.45,13,reorder_point,1.3,False,7.71,7.3,0.593
3638,FC_MAD1,IXD_MAD,1DC_MAD,SKU_0177,2024-11-30,14,forecast,5.2,False,2.48,13,reorder_point,1.5,False,2.3,6.3,0.177
3639,FC_MAD1,IXD_MAD,1DC_MAD,SKU_0039,2024-11-30,87,forecast,11.8,False,87.26,45,reorder_point,0.9,False,45.13,10.3,1.003
3640,FC_MAD2,IXD_MAD,1DC_MAD,SKU_0116,2024-11-30,136,forecast,10.4,False,28.29,143,reorder_point,0.8,False,29.74,5.9,0.208
3641,FC_MAD2,IXD_MAD,1DC_MAD,SKU_0150,2024-11-30,78,forecast,3.8,False,26.99,44,reorder_point,2.4,False,15.22,10.4,0.346
3642,FC_MAD2,IXD_MAD,1DC_MAD,SKU_0197,2024-11-30,217,forecast,6.3,False,213.09,141,reorder_point,2.1,False,138.46,6.7,0.982
3643,FC_MAD2,IXD_MAD,1DC_MAD,SKU_0208,2024-11-30,14,forecast,7.4,False,5.94,13,reorder_point,2.0,True,5.51,12.0,0.424
3644,FC_MAD2,IXD_MAD,1DC_MAD,SKU_0139,2024-11-30,82,forecast,9.7,True,53.05,52,reorder_point,2.8,False,33.64,8.8,0.647
3645,FC_MAD2,IXD_MAD,1DC_MAD,SKU_0069,2024-11-30,50,forecast,5.4,False,49.65,40,reorder_point,3.0,False,39.72,8.3,0.993
3646,FC_MAD2,IXD_MAD,1DC_MAD,SKU_0087,2024-11-30,64,forecast,13.4,False,34.05,53,reorder_point,1.8,False,28.2,5.7,0.532
3647,FC_MAD2,IXD_MAD,1DC_MAD,SKU_0206,2024-11-30,19,forecast,3.4,False,7.66,11,reorder_point,1.1,False,4.43,6.9,0.403
3648,FC_PAR1,IXD_PAR,1DC_MAD,SKU_0246,2024-11-30,200,forecast,4.8,False,104.4,118,reorder_point,1.6,False,61.6,9.5,0.522
3649,FC_PAR1,IXD_PAR,1DC_MAD,SKU_0067,2024-11-30,55,forecast,4.3,False,8.36,50,reorder_point,1.4,False,7.6,9.6,0.152
3650,FC_PAR1,IXD_PAR,1DC_MAD,SKU_0210,2024-11-30,82,forecast,9.8,False,67.57,51,reorder_point,1.2,False,42.02,11.4,0.824
3651,FC_PAR2,IXD_PAR,1DC_MUC,SKU_0217,2024-11-30,56,forecast,3.0,False,28.95,40,reorder_point,1.1,False,20.68,8.4,0.517
3652,FC_PAR2,IXD_PAR,1DC_MUC,SKU_0176,2024-11-30,63,forecast,10.9,False,60.54,50,reorder_point,1.5,False,48.05,10.4,0.961
3653,FC_BER1,IXD_BER,1DC_MUC,SKU_0025,2024-11-30,154,forecast,6.1,False,76.38,120,reorder_point,0.6,False,59.52,5.8,0.496
3654,FC_BER1,IXD_BER,1DC_MUC,SKU_0167,2024-11-30,53,forecast,6.0,True,35.19,45,reorder_point,2.7,False,29.88,8.5,0.664
3655,FC_BER1,IXD_BER,1DC_MUC,SKU_0083,2024-11-30,152,forecast,12.8,False,164.01,138,reorder_point,0.6,False,148.9,12.3,1.079
3656,FC_BER1,IXD_BER,1DC_MUC,SKU_0142,2024-11-30,86,forecast,7.2,False,83.08,43,reorder_point,0.7,False,41.54,8.3,0.966
3657,FC_BER1,IXD_BER,1DC_MUC,SKU_0094,2024-11-30,82,forecast,13.3,False,78.31,43,reorder_point,1.9,False,41.06,8.4,0.955
3658,FC_BER1,IXD_BER,1DC_MUC,SKU_0052,2024-11-30,194,forecast,6.4,False,199.04,126,reorder_point,1.4,False,129.28,5.8,1.026
3659,FC_BER1,IXD_BER,1DC_MUC,SKU_0216,2024-11-30,55,forecast,10.0,False,39.16,45,reorder_point,1.9,False,32.04,8.2,0.712
3660,FC_MUN1,IXD_PAR,1DC_AMS,SKU_0051,2024-11-30,56,forecast,10.3,False,14.73,51,reorder_point,2.9,False,13.41,8.3,0.263
3661,FC_MUN1,IXD_PAR,1DC_AMS,SKU_0062,2024-11-30,66,forecast,5.6,False,46.66,46,reorder_point,1.1,False,32.52,6.1,0.707
3662,FC_MUN1,IXD_PAR,1DC_AMS,SKU_0193,2024-11-30,89,forecast,13.6,False,93.54,46,reorder_point,1.9,False,48.35,8.0,1.051
3663,FC_MUN1,IXD_PAR,1DC_AMS,SKU_0042,2024-11-30,22,forecast,11.6,False,17.12,13,reorder_point,2.7,True,10.11,9.9,0.778
3664,FC_MUN1,IXD_PAR,1DC_AMS,SKU_0007,2024-11-30,17,forecast,9.2,False,14.59,14,reorder_point,0.8,False,12.01,6.9,0.858
3665,FC_MUN1,IXD_PAR,1DC_AMS,SKU_0074,2024-11-30,16,forecast,5.5,False,11.54,11,reorder_point,0.7,False,7.93,6.8,0.721
3666,FC_BCN1,IXD_BCN,1DC_BCN,SKU_0191,2024-12-01,155,forecast,13.4,False,131.44,112,reorder_point,1.8,False,94.98,6.3,0.848
3667,FC_BCN1,IXD_BCN,1DC_BCN,SKU_0248,2024-12-01,68,forecast,9.3,True,49.98,46,reorder_point,2.1,False,33.81,8.4,0.735
3668,FC_BCN2,IXD_BCN,1DC_BCN,SKU_0014,2024-12-01,78,forecast,4.1,False,27.3,41,reorder_point,0.5,False,14.35,10.6,0.35
3669,FC_BCN2,IXD_BCN,1DC_BCN,SKU_0190,2024-12-01,68,forecast,9.1,False,58.0,51,reorder_point,2.1,False,43.5,7.7,0.853
3670,FC_BCN2,IXD_BCN,1DC_BCN,SKU_0165,2024-12-01,15,forecast,12.5,False,4.89,11,reorder_point,0.8,False,3.59,5.4,0.326
3671,FC_BCN2,IXD_BCN,1DC_BCN,SKU_0158,2024-12-01,14,forecast,5.9,False,7.64,13,reorder_point,1.7,False,7.1,7.2,0.546
3672,FC_BCN2,IXD_BCN,1DC_BCN,SKU_0087,2024-12-01,51,forecast,13.9,False,10.2,47,reorder_point,2.7,False,9.4,8.9,0.2
3673,FC_BCN2,IXD_BCN,1DC_BCN,SKU_0237,2024-12-01,16,forecast,6.4,False,13.86,11,reorder_point,1.4,False,9.53,6.9,0.866
3674,FC_BCN2,IXD_BCN,1DC_BCN,SKU_0126,2024-12-01,190,forecast,8.6,False,145.73,137,reorder_point,0.5,False,105.08,7.6,0.767
3675,FC_BCN2,IXD_BCN,1DC_BCN,SKU_0119,2024-12-01,167,forecast,10.6,False,91.35,129,reorder_point,1.9,False,70.56,6.1,0.547
3676,FC_MAD1,IXD_MAD,1DC_MAD,SKU_0015,2024-12-01,85,forecast,9.3,False,37.4,51,reorder_point,2.2,False,22.44,8.5,0.44
3677,FC_MAD1,IXD_MAD,1DC_MAD,SKU_0034,2024-12-01,75,forecast,3.6,False,55.88,53,reorder_point,1.3,False,39.48,6.2,0.745
3678,FC_MAD1,IXD_MAD,1DC_MAD,SKU_0152,2024-12-01,87,forecast,7.5,False,53.94,49,reorder_point,1.8,False,30.38,9.8,0.62
3679,FC_MAD1,IXD_MAD,1DC_MAD,SKU_0195,2024-12-01,72,forecast,11.7,False,58.97,46,reorder_point,2.8,False,37.67,9.6,0.819
3680,FC_MAD1,IXD_MAD,1DC_MAD,SKU_0200,2024-12-01,200,forecast,13.8,False,87.0,133,reorder_point,0.7,False,57.85,7.3,0.435
3681,FC_MAD2,IXD_MAD,1DC_MAD,SKU_0045,2024-12-01,156,forecast,10.0,False,37.13,109,reorder_point,2.0,False,25.94,6.2,0.238
3682,FC_MAD2,IXD_MAD,1DC_MAD,SKU_0173,2024-12-01,15,forecast,13.1,False,9.95,13,reorder_point,1.4,False,8.62,8.6,0.663
3683,FC_MAD2,IXD_MAD,1DC_MAD,SKU_0160,2024-12-01,22,forecast,10.5,False,2.64,13,reorder_point,1.9,False,1.56,9.7,0.12
3684,FC_MAD2,IXD_MAD,1DC_MAD,SKU_0141,2024-12-01,78,forecast,4.4,False,39.62,41,reorder_point,1.1,False,20.83,5.5,0.508
3685,FC_MAD2,IXD_MAD,1DC_MAD,SKU_0107,2024-12-01,73,forecast,7.3,False,62.41,44,reorder_point,1.3,False,37.62,8.4,0.855
3686,FC_PAR1,IXD_PAR,1DC_MAD,SKU_0180,2024-12-01,174,forecast,4.1,False,18.79,132,reorder_point,2.5,False,14.26,10.9,0.108
3687,FC_PAR1,IXD_PAR,1DC_MAD,SKU_0183,2024-12-01,16,forecast,13.3,False,16.0,12,reorder_point,1.0,False,12.0,10.1,1.0
3688,FC_PAR1,IXD_PAR,1DC_MAD,SKU_0076,2024-12-01,226,forecast,10.9,False,162.49,122,reorder_point,1.4,False,87.72,11.7,0.719
3689,FC_PAR1,IXD_PAR,1DC_MAD,SKU_0209,2024-12-01,70,forecast,12.4,False,19.6,45,reorder_point,1.6,False,12.6,9.4,0.28
3690,FC_PAR1,IXD_PAR,1DC_MAD,SKU_0056,2024-12-01,84,forecast,5.8,False,39.73,43,reorder_point,1.1,False,20.34,9.8,0.473
3691,FC_PAR1,IXD_PAR,1DC_MAD,SKU_0115,2024-12-01,77,forecast,8.5,False,48.66,52,reorder_point,2.5,False,32.86,9.4,0.632
3692,FC_PAR2,IXD_PAR,1DC_AMS,SKU_0013,2024-12-01,57,forecast,3.8,False,5.76,49,reorder_point,1.6,False,4.95,5.6,0.101
3693,FC_PAR2,IXD_PAR,1DC_AMS,SKU_0234,2024-12-01,18,forecast,9.9,False,19.64,11,reorder_point,1.8,False,12.0,4.8,1.091
3694,FC_PAR2,IXD_PAR,1DC_AMS,SKU_0153,2024-12-01,135,forecast,12.3,False,116.5,122,reorder_point,2.3,False,105.29,10.7,0.863
3695,FC_PAR2,IXD_PAR,1DC_AMS,SKU_0214,2024-12-01,20,forecast,8.2,False,17.36,14,reorder_point,2.4,False,12.15,8.5,0.868
3696,FC_BER1,IXD_BER,1DC_CDG,SKU_0109,2024-12-01,69,forecast,11.9,False,20.49,50,reorder_point,1.0,False,14.85,7.4,0.297
3697,FC_BER1,IXD_BER,1DC_CDG,SKU_0239,2024-12-01,23,forecast,13.1,False,13.57,11,reorder_point,1.4,False,6.49,8.0,0.59
3698,FC_BER1,IXD_BER,1DC_CDG,SKU_0082,2024-12-01,79,forecast,8.2,False,49.22,41,reorder_point,0.6,False,25.54,4.8,0.623
3699,FC_BER1,IXD_BER,1DC_CDG,SKU_0058,2024-12-01,20,forecast,6.3,False,5.66,12,reorder_point,2.9,False,3.4,6.6,0.283
3700,FC_BER1,IXD_BER,1DC_CDG,SKU_0097,2024-12-01,14,forecast,9.7,False,4.72,12,reorder_point,2.1,False,4.04,4.7,0.337
3701,FC_MUN1,IXD_BER,1DC_BCN,SKU_0247,2024-12-01,230,forecast,6.7,False,162.15,117,reorder_point,2.0,False,82.48,7.9,0.705
3702,FC_MUN1,IXD_BER,1DC_BCN,SKU_0087,2024-12-01,65,forecast,13.9,False,15.92,40,reorder_point,2.1,False,9.8,8.2,0.245
3703,FC_MUN1,IXD_BER,1DC_BCN,SKU_0237,2024-12-01,14,forecast,13.9,False,14.84,11,reorder_point,1.1,False,11.66,5.6,1.06
3704,FC_MUN1,IXD_BER,1DC_BCN,SKU_0183,2024-12-01,22,forecast,3.6,False,16.59,14,reorder_point,0.8,False,10.56,9.2,0.754
3705,FC_MUN1,IXD_BER,1DC_BCN,SKU_0196,2024-12-01,225,forecast,11.3,False,116.1,132,reorder_point,1.7,False,68.11,7.9,0.516
3706,FC_MUN1,IXD_BER,1DC_BCN,SKU_0239,2024-12-01,14,forecast,13.1,False,9.02,13,reorder_point,2.0,False,8.37,7.3,0.644
3707,FC_MUN1,IXD_BER,1DC_BCN,SKU_0113,2024-12-01,18,forecast,10.7,False,5.08,11,reorder_point,2.0,False,3.1,9.3,0.282
3708,FC_MUN1,IXD_BER,1DC_BCN,SKU_0151,2024-12-01,86,forecast,7.2,False,24.34,53,reorder_point,1.3,False,15.0,8.7,0.283
3709,FC_BCN1,IXD_BCN,1DC_BCN,SKU_0241,2024-12-02,18,forecast,3.5,False,10.96,11,reorder_point,2.4,False,6.7,8.7,0.609
3710,FC_BCN1,IXD_BCN,1DC_BCN,SKU_0050,2024-12-02,182,forecast,5.9,True,115.75,110,reorder_point,1.6,False,69.96,9.4,0.636
3711,FC_BCN1,IXD_BCN,1DC_BCN,SKU_0020,2024-12-02,170,forecast,8.3,False,80.58,134,reorder_point,3.0,False,63.52,9.7,0.474
3712,FC_BCN1,IXD_BCN,1DC_BCN,SKU_0185,2024-12-02,195,forecast,11.8,False,85.02,125,reorder_point,2.2,False,54.5,10.7,0.436
3713,FC_BCN1,IXD_BCN,1DC_BCN,SKU_0154,2024-12-02,148,forecast,5.4,False,161.02,139,reorder_point,2.2,False,151.23,8.1,1.088
3714,FC_BCN1,IXD_BCN,1DC_BCN,SKU_0112,2024-12-02,15,forecast,11.6,False,10.62,11,reorder_point,2.4,False,7.79,8.5,0.708
3715,FC_BCN1,IXD_BCN,1DC_BCN,SKU_0058,2024-12-02,21,forecast,6.9,False,9.47,13,reorder_point,1.8,False,5.86,5.8,0.451
3716,FC_BCN1,IXD_BCN,1DC_BCN,SKU_0232,2024-12-02,19,forecast,7.5,False,15.92,11,reorder_point,1.8,False,9.22,11.2,0.838
3717,FC_BCN2,IXD_BCN,1DC_BCN,SKU_0106,2024-12-02,60,forecast,7.0,True,13.38,49,reorder_point,2.7,False,10.93,8.7,0.223
3718,FC_BCN2,IXD_BCN,1DC_BCN,SKU_0141,2024-12-02,87,forecast,11.0,True,43.76,47,reorder_point,2.8,False,23.64,4.4,0.503
3719,FC_BCN2,IXD_BCN,1DC_BCN,SKU_0080,2024-12-02,22,forecast,13.4,False,4.6,13,reorder_point,1.3,False,2.72,10.7,0.209
3720,FC_BCN2,IXD_BCN,1DC_BCN,SKU_0144,2024-12-02,229,forecast,9.1,False,82.44,123,reorder_point,2.0,False,44.28,8.7,0.36
3721,FC_MAD1,IXD_MAD,1DC_MAD,SKU_0112,2024-12-02,14,forecast,5.3,False,10.28,13,reorder_point,1.9,False,9.54,9.1,0.734
3722,FC_MAD1,IXD_MAD,1DC_MAD,SKU_0100,2024-12-02,80,forecast,5.7,False,53.92,44,reorder_point,1.6,False,29.66,10.2,0.674
3723,FC_MAD1,IXD_MAD,1DC_MAD,SKU_0250,2024-12-02,15,forecast,13.5,False,4.05,13,reorder_point,0.9,False,3.51,7.1,0.27
3724,FC_MAD1,IXD_MAD,1DC_MAD,SKU_0030,2024-12-02,198,forecast,3.8,True,146.32,115,reorder_point,1.2,False,84.98,4.7,0.739
3725,FC_MAD1,IXD_MAD,1DC_MAD,SKU_0063,2024-12-02,61,forecast,6.4,False,34.95,42,reorder_point,2.0,True,24.07,8.6,0.573
3726,FC_MAD2,IXD_MAD,1DC_MAD,SKU_0107,2024-12-02,50,forecast,8.3,False,22.75,48,reorder_point,0.9,False,21.84,8.4,0.455
3727,FC_MAD2,IXD_MAD,1DC_MAD,SKU_0151,2024-12-02,69,forecast,5.6,False,48.71,45,reorder_point,1.9,False,31.77,10.7,0.706
3728,FC_MAD2,IXD_MAD,1DC_MAD,SKU_0024,2024-12-02,179,forecast,6.3,False,96.84,116,reorder_point,1.6,False,62.76,7.6,0.541
3729,FC_MAD2,IXD_MAD,1DC_MAD,SKU_0136,2024-12-02,70,forecast,8.8,False,38.71,47,reorder_point,2.0,False,25.99,11.5,0.553
3730,FC_MAD2,IXD_MAD,1DC_MAD,SKU_0063,2024-12-02,54,forecast,9.9,False,37.85,53,reorder_point,1.2,False,37.15,6.4,0.701
3731,FC_MAD2,IXD_MAD,1DC_MAD,SKU_0100,2024-12-02,52,forecast,7.8,False,28.03,44,reorder_point,1.3,False,23.72,7.1,0.539
3732,FC_MAD2,IXD_MAD,1DC_MAD,SKU_0041,2024-12-02,140,forecast,5.4,False,24.22,124,reorder_point,1.4,False,21.45,8.7,0.173
3733,FC_MAD2,IXD_MAD,1DC_MAD,SKU_0220,2024-12-02,231,forecast,3.9,False,147.38,128,reorder_point,1.8,False,81.66,4.9,0.638
3734,FC_PAR1,IXD_PAR,1DC_BCN,SKU_0188,2024-12-02,57,forecast,9.5,False,23.94,40,reorder_point,0.6,False,16.8,8.7,0.42
3735,FC_PAR1,IXD_PAR,1DC_BCN,SKU_0090,2024-12-02,79,forecast,7.8,False,29.78,47,reorder_point,1.2,False,17.72,6.4,0.377
3736,FC_PAR1,IXD_PAR,1DC_BCN,SKU_0237,2024-12-02,15,forecast,7.5,False,4.32,13,reorder_point,1.7,False,3.74,7.5,0.288
3737,FC_PAR2,IXD_PAR,1DC_BCN,SKU_0241,2024-12-02,22,forecast,3.6,False,10.3,12,reorder_point,1.1,False,5.62,9.4,0.468
3738,FC_PAR2,IXD_PAR,1DC_BCN,SKU_0242,2024-12-02,183,forecast,13.3,False,166.71,132,reorder_point,0.6,False,120.25,4.9,0.911
3739,FC_PAR2,IXD_PAR,1DC_BCN,SKU_0129,2024-12-02,57,forecast,10.7,False,32.55,52,reorder_point,1.8,False,29.69,8.6,0.571
3740,FC_BER1,IXD_BER,1DC_MUC,SKU_0200,2024-12-02,207,forecast,8.2,False,213.62,138,reorder_point,1.6,False,142.42,6.9,1.032
3741,FC_BER1,IXD_BER,1DC_MUC,SKU_0117,2024-12-02,15,forecast,10.1,False,10.04,11,reorder_point,1.6,False,7.36,10.6,0.669
3742,FC_BER1,IXD_BER,1DC_MUC,SKU_0128,2024-12-02,18,forecast,6.6,False,13.37,10,reorder_point,2.7,False,7.43,8.9,0.743
3743,FC_MUN1,IXD_PAR,1DC_CDG,SKU_0012,2024-12-02,67,forecast,4.5,False,52.66,53,reorder_point,2.7,False,41.66,11.4,0.786
3744,FC_MUN1,IXD_PAR,1DC_CDG,SKU_0005,2024-12-02,232,forecast,9.7,False,127.37,132,reorder_point,0.9,False,72.47,8.0,0.549
3745,FC_MUN1,IXD_PAR,1DC_CDG,SKU_0041,2024-12-02,169,forecast,7.2,True,94.47,130,reorder_point,2.2,False,72.67,7.7,0.559
3746,FC_MUN1,IXD_PAR,1DC_CDG,SKU_0082,2024-12-02,57,forecast,9.1,False,51.41,50,reorder_point,2.5,False,45.1,8.9,0.902
3747,FC_MUN1,IXD_PAR,1DC_CDG,SKU_0081,2024-12-02,19,forecast,10.9,False,7.68,13,reorder_point,1.9,False,5.25,11.2,0.404
3748,FC_MUN1,IXD_PAR,1DC_CDG,SKU_0127,2024-12-02,16,forecast,6.5,False,7.87,12,reorder_point,0.5,False,5.9,8.2,0.492
3749,FC_MUN1,IXD_PAR,1DC_CDG,SKU_0159,2024-12-02,74,forecast,4.6,False,9.18,52,reorder_point,2.9,True,6.45,5.8,0.124
3750,FC_BCN1,IXD_BCN,1DC_BCN,SKU_0205,2024-12-03,152,forecast,3.5,False,31.46,124,reorder_point,0.7,False,25.67,9.3,0.207
3751,FC_BCN1,IXD_BCN,1DC_BCN,SKU_0100,2024-12-03,71,forecast,9.1,False,39.05,51,reorder_point,1.0,False,28.05,6.9,0.55
3752,FC_BCN2,IXD_BCN,1DC_BCN,SKU_0143,2024-12-03,21,forecast,4.2,False,12.03,13,reorder_point,0.9,False,7.45,8.3,0.573
3753,FC_BCN2,IXD_BCN,1DC_BCN,SKU_0123,2024-12-03,158,forecast,12.6,False,80.26,114,reorder_point,0.6,False,57.91,7.6,0.508
3754,FC_BCN2,IXD_BCN,1DC_BCN,SKU_0067,2024-12-03,77,forecast,8.5,False,17.25,46,reorder_point,2.8,False,10.3,9.4,0.224
3755,FC_BCN2,IXD_BCN,1DC_BCN,SKU_0114,2024-12-03,14,forecast,8.9,False,6.3,13,reorder_point,0.6,False,5.85,2.6,0.45
3756,FC_BCN2,IXD_BCN,1DC_BCN,SKU_0092,2024-12-03,67,forecast,5.7,False,28.01,51,reorder_point,1.2,False,21.32,9.2,0.418
3757,FC_BCN2,IXD_BCN,1DC_BCN,SKU_0191,2024-12-03,213,forecast,10.4,False,167.84,140,reorder_point,0.8,False,110.32,8.2,0.788
3758,FC_BCN2,IXD_BCN,1DC_BCN,SKU_0206,2024-12-03,21,forecast,10.2,False,8.82,12,reorder_point,0.6,False,5.04,9.6,0.42
3759,FC_BCN2,IXD_BCN,1DC_BCN,SKU_0084,2024-12-03,70,forecast,4.7,False,8.47,47,reorder_point,2.4,False,5.69,8.1,0.121
3760,FC_MAD1,IXD_MAD,1DC_MAD,SKU_0241,2024-12-03,14,forecast,11.7,False,12.08,11,reorder_point,1.7,False,9.49,8.1,0.863
3761,FC_MAD1,IXD_MAD,1DC_MAD,SKU_0149,2024-12-03,59,forecast,7.5,True,27.55,49,reorder_point,1.6,False,22.88,9.7,0.467
3762,FC_MAD1,IXD_MAD,1DC_MAD,SKU_0098,2024-12-03,88,forecast,4.0,False,40.13,40,reorder_point,1.2,False,18.24,9.6,0.456
3763,FC_MAD1,IXD_MAD,1DC_MAD,SKU_0011,2024-12-03,51,forecast,12.1,False,6.27,44,reorder_point,2.9,False,5.41,10.1,0.123
3764,FC_MAD2,IXD_MAD,1DC_MAD,SKU_0229,2024-12-03,193,forecast,10.5,False,66.01,121,reorder_point,2.0,False,41.38,10.4,0.342
3765,FC_MAD2,IXD_MAD,1DC_MAD,SKU_0112,2024-12-03,20,forecast,11.1,False,9.88,13,reorder_point,1.8,False,6.42,7.1,0.494
3766,FC_MAD2,IXD_MAD,1DC_MAD,SKU_0144,2024-12-03,155,forecast,6.2,False,157.48,113,reorder_point,1.4,False,114.81,5.6,1.016
3767,FC_MAD2,IXD_MAD,1DC_MAD,SKU_0025,2024-12-03,184,forecast,8.8,False,66.42,120,reorder_point,2.5,False,43.32,10.3,0.361
3768,FC_MAD2,IXD_MAD,1DC_MAD,SKU_0166,2024-12-03,200,forecast,11.6,False,141.4,133,reorder_point,1.5,False,94.03,6.6,0.707
3769,FC_MAD2,IXD_MAD,1DC_MAD,SKU_0198,2024-12-03,136,forecast,3.4,False,136.27,129,reorder_point,2.9,False,129.26,7.8,1.002
3770,FC_MAD2,IXD_MAD,1DC_MAD,SKU_0141,2024-12-03,84,forecast,9.0,False,33.77,47,reorder_point,0.9,False,18.89,13.3,0.402
3771,FC_MAD2,IXD_MAD,1DC_MAD,SKU_0176,2024-12-03,72,forecast,4.2,False,75.74,48,reorder_point,1.8,False,50.5,11.5,1.052
3772,FC_PAR1,IXD_PAR,1DC_MUC,SKU_0228,2024-12-03,65,forecast,7.5,False,62.27,48,reorder_point,1.1,True,45.98,10.0,0.958
3773,FC_PAR1,IXD_PAR,1DC_MUC,SKU_0140,2024-12-03,16,forecast,9.6,False,8.14,12,reorder_point,1.4,False,6.11,8.5,0.509
3774,FC_PAR2,IXD_PAR,1DC_BCN,SKU_0113,2024-12-03,15,forecast,4.7,False,9.02,12,reorder_point,0.8,False,7.21,9.9,0.601
3775,FC_PAR2,IXD_PAR,1DC_BCN,SKU_0102,2024-12-03,15,forecast,12.5,False,15.63,14,reorder_point,2.0,False,14.59,9.2,1.042
3776,FC_PAR2,IXD_PAR,1DC_BCN,SKU_0126,2024-12-03,162,forecast,3.4,True,35.64,128,reorder_point,1.8,False,28.16,6.0,0.22
3777,FC_PAR2,IXD_PAR,1DC_BCN,SKU_0232,2024-12-03,15,forecast,5.4,False,15.57,13,reorder_point,0.7,False,13.49,9.4,1.038
3778,FC_BER1,IXD_BER,1DC_MAD,SKU_0214,2024-12-03,23,forecast,5.8,False,19.92,12,reorder_point,0.6,False,10.39,7.8,0.866
3779,FC_BER1,IXD_BER,1DC_MAD,SKU_0095,2024-12-03,152,forecast,5.9,False,127.53,132,reorder_point,1.8,False,110.75,5.9,0.839
3780,FC_BER1,IXD_BER,1DC_MAD,SKU_0074,2024-12-03,21,forecast,7.1,False,19.64,13,reorder_point,1.9,False,12.16,6.6,0.935
3781,FC_BER1,IXD_BER,1DC_MAD,SKU_0239,2024-12-03,21,forecast,8.1,True,13.61,12,reorder_point,1.7,False,7.78,9.7,0.648
3782,FC_MUN1,IXD_MAD,1DC_AMS,SKU_0153,2024-12-03,174,forecast,6.6,False,17.75,140,reorder_point,2.5,False,14.28,8.7,0.102
3783,FC_MUN1,IXD_MAD,1DC_AMS,SKU_0206,2024-12-03,18,forecast,10.3,False,14.29,12,reorder_point,2.6,False,9.53,9.6,0.794
3784,FC_MUN1,IXD_MAD,1DC_AMS,SKU_0049,2024-12-03,63,forecast,6.1,False,57.77,45,reorder_point,0.7,False,41.27,8.5,0.917
3785,FC_BCN1,IXD_BCN,1DC_BCN,SKU_0185,2024-12-04,148,forecast,4.0,False,113.52,141,reorder_point,2.7,False,108.15,8.7,0.767
3786,FC_BCN1,IXD_BCN,1DC_BCN,SKU_0070,2024-12-04,87,forecast,12.6,False,40.72,50,reorder_point,2.7,False,23.4,8.6,0.468
3787,FC_BCN1,IXD_BCN,1DC_BCN,SKU_0232,2024-12-04,19,forecast,10.0,False,10.85,11,reorder_point,2.7,False,6.28,7.9,0.571
3788,FC_BCN1,IXD_BCN,1DC_BCN,SKU_0039,2024-12-04,65,forecast,5.3,True,40.88,49,reorder_point,2.1,False,30.82,6.7,0.629
3789,FC_BCN1,IXD_BCN,1DC_BCN,SKU_0027,2024-12-04,21,forecast,5.7,False,21.34,11,reorder_point,1.1,False,11.18,6.8,1.016
3790,FC_BCN2,IXD_BCN,1DC_BCN,SKU_0113,2024-12-04,16,forecast,12.7,False,11.76,12,reorder_point,1.8,False,8.82,9.6,0.735
3791,FC_BCN2,IXD_BCN,1DC_BCN,SKU_0075,2024-12-04,80,forecast,8.9,False,29.44,50,reorder_point,2.4,False,18.4,9.9,0.368
3792,FC_BCN2,IXD_BCN,1DC_BCN,SKU_0157,2024-12-04,15,forecast,3.8,False,14.49,12,reorder_point,2.7,False,11.59,10.4,0.966
3793,FC_BCN2,IXD_BCN,1DC_BCN,SKU_0187,2024-12-04,79,forecast,7.4,False,39.82,50,reorder_point,2.0,False,25.2,9.9,0.504
3794,FC_BCN2,IXD_BCN,1DC_BCN,SKU_0109,2024-12-04,85,forecast,10.1,False,85.17,43,reorder_point,1.0,False,43.09,7.6,1.002
3795,FC_MAD1,IXD_MAD,1DC_MAD,SKU_0199,2024-12-04,57,forecast,4.2,False,18.35,40,reorder_point,1.1,False,12.88,9.2,0.322
3796,FC_MAD1,IXD_MAD,1DC_MAD,SKU_0052,2024-12-04,142,forecast,6.5,False,29.11,141,reorder_point,2.3,False,28.9,11.1,0.205
3797,FC_MAD1,IXD_MAD,1DC_MAD,SKU_0104,2024-12-04,162,forecast,12.0,False,101.9,123,reorder_point,1.8,False,77.37,9.4,0.629
3798,FC_MAD1,IXD_MAD,1DC_MAD,SKU_0178,2024-12-04,21,forecast,9.8,False,18.38,14,reorder_point,0.7,False,12.25,7.6,0.875
3799,FC_MAD1,IXD_MAD,1DC_MAD,SKU_0172,2024-12-04,85,forecast,9.2,False,76.75,41,reorder_point,1.7,False,37.02,9.8,0.903
3800,FC_MAD1,IXD_MAD,1DC_MAD,SKU_0006,2024-12-04,204,forecast,11.5,True,92.41,123,reorder_point,1.0,False,55.72,9.3,0.453
3801,FC_MAD1,IXD_MAD,1DC_MAD,SKU_0075,2024-12-04,65,forecast,13.5,False,48.03,53,reorder_point,0.9,False,39.17,9.9,0.739
3802,FC_MAD2,IXD_MAD,1DC_MAD,SKU_0038,2024-12-04,232,forecast,13.6,False,245.46,136,reorder_point,3.0,False,143.89,6.9,1.058
3803,FC_MAD2,IXD_MAD,1DC_MAD,SKU_0110,2024-12-04,88,forecast,4.1,False,11.7,43,reorder_point,0.6,False,5.72,10.5,0.133
3804,FC_MAD2,IXD_MAD,1DC_MAD,SKU_0083,2024-12-04,225,forecast,12.3,False,182.03,125,reorder_point,2.1,False,101.12,9.4,0.809
3805,FC_PAR1,IXD_PAR,1DC_MUC,SKU_0010,2024-12-04,72,forecast,9.7,False,77.83,42,reorder_point,2.9,False,45.4,7.0,1.081
3806,FC_PAR1,IXD_PAR,1DC_MUC,SKU_0055,2024-12-04,17,forecast,4.0,False,6.65,14,reorder_point,2.2,False,5.47,9.4,0.391
3807,FC_PAR2,IXD_PAR,1DC_AMS,SKU_0121,2024-12-04,89,forecast,3.6,False,9.79,46,reorder_point,2.8,False,5.06,7.5,0.11
3808,FC_PAR2,IXD_PAR,1DC_AMS,SKU_0229,2024-12-04,235,forecast,3.3,True,117.03,138,reorder_point,2.3,False,68.72,7.9,0.498
3809,FC_PAR2,IXD_PAR,1DC_AMS,SKU_0011,2024-12-04,69,forecast,10.0,False,49.96,53,reorder_point,1.7,False,38.37,7.3,0.724
3810,FC_BER1,IXD_BER,1DC_MUC,SKU_0136,2024-12-04,74,forecast,3.7,False,20.28,43,reorder_point,0.8,False,11.78,10.8,0.274
3811,FC_BER1,IXD_BER,1DC_MUC,SKU_0153,2024-12-04,216,forecast,5.3,False,85.75,124,reorder_point,2.2,False,49.23,8.3,0.397
3812,FC_BER1,IXD_BER,1DC_MUC,SKU_0172,2024-12-04,84,forecast,5.7,False,39.31,51,reorder_point,1.2,False,23.87,8.9,0.468
3813,FC_BER1,IXD_BER,1DC_MUC,SKU_0061,2024-12-04,201,forecast,8.6,False,146.53,119,reorder_point,2.0,False,86.75,10.4,0.729
3814,FC_BER1,IXD_BER,1DC_MUC,SKU_0213,2024-12-04,19,forecast,11.1,False,17.78,12,reorder_point,1.5,False,11.23,9.2,0.936
3815,FC_BER1,IXD_BER,1DC_MUC,SKU_0062,2024-12-04,68,forecast,6.9,False,43.52,49,reorder_point,2.1,False,31.36,10.5,0.64
3816,FC_BER1,IXD_BER,1DC_MUC,SKU_0093,2024-12-04,13,forecast,12.6,False,10.82,12,reorder_point,0.6,False,9.98,7.4,0.832
3817,FC_BER1,IXD_BER,1DC_MUC,SKU_0030,2024-12-04,179,forecast,4.6,False,68.56,110,reorder_point,1.1,False,42.13,6.7,0.383
3818,FC_MUN1,IXD_MAD,1DC_BCN,SKU_0207,2024-12-04,80,forecast,10.4,False,40.48,44,reorder_point,0.8,False,22.26,7.4,0.506
3819,FC_MUN1,IXD_MAD,1DC_BCN,SKU_0024,2024-12-04,227,forecast,10.4,False,62.2,141,reorder_point,1.3,True,38.63,9.5,0.274
3820,FC_BCN1,IXD_BCN,1DC_BCN,SKU_0014,2024-12-05,77,forecast,5.3,False,72.23,50,reorder_point,0.8,False,46.9,8.1,0.938
3821,FC_BCN1,IXD_BCN,1DC_BCN,SKU_0059,2024-12-05,156,forecast,7.2,False,123.4,140,reorder_point,2.9,False,110.74,10.5,0.791
3822,FC_BCN1,IXD_BCN,1DC_BCN,SKU_0031,2024-12-05,73,forecast,9.4,False,15.33,52,reorder_point,1.1,False,10.92,8.6,0.21
3823,FC_BCN1,IXD_BCN,1DC_BCN,SKU_0171,2024-12-05,200,forecast,7.0,False,102.6,129,reorder_point,2.3,True,66.18,10.1,0.513
3824,FC_BCN1,IXD_BCN,1DC_BCN,SKU_0113,2024-12-05,21,forecast,5.6,False,9.85,13,reorder_point,3.0,False,6.1,5.6,0.469
3825,FC_BCN2,IXD_BCN,1DC_BCN,SKU_0205,2024-12-05,178,forecast,7.0,False,111.61,116,reorder_point,2.9,False,72.73,10.1,0.627
3826,FC_BCN2,IXD_BCN,1DC_BCN,SKU_0194,2024-12-05,172,forecast,13.9,True,67.94,122,reorder_point,2.4,True,48.19,12.3,0.395
3827,FC_BCN2,IXD_BCN,1DC_BCN,SKU_0043,2024-12-05,23,forecast,7.0,False,13.75,12,reorder_point,0.7,False,7.18,10.5,0.598
3828,FC_BCN2,IXD_BCN,1DC_BCN,SKU_0050,2024-12-05,148,forecast,10.8,False,117.51,130,reorder_point,2.0,False,103.22,9.1,0.794
3829,FC_BCN2,IXD_BCN,1DC_BCN,SKU_0174,2024-12-05,21,forecast,4.8,False,21.52,11,reorder_point,1.7,False,11.27,5.7,1.025
3830,FC_MAD1,IXD_MAD,1DC_MAD,SKU_0207,2024-12-05,78,forecast,7.4,False,32.53,52,reorder_point,0.7,False,21.68,5.7,0.417
3831,FC_MAD1,IXD_MAD,1DC_MAD,SKU_0246,2024-12-05,144,forecast,3.7,False,142.13,117,reorder_point,0.9,False,115.48,2.7,0.987
3832,FC_MAD1,IXD_MAD,1DC_MAD,SKU_0248,2024-12-05,66,forecast,5.4,False,37.62,53,reorder_point,1.6,False,30.21,8.5,0.57
3833,FC_MAD1,IXD_MAD,1DC_MAD,SKU_0216,2024-12-05,85,forecast,5.9,False,35.45,52,reorder_point,2.2,False,21.68,6.8,0.417
3834,FC_MAD1,IXD_MAD,1DC_MAD,SKU_0014,2024-12-05,71,forecast,8.2,False,76.68,43,reorder_point,0.5,False,46.44,12.0,1.08
3835,FC_MAD1,IXD_MAD,1DC_MAD,SKU_0024,2024-12-05,232,forecast,7.4,False,179.1,124,reorder_point,1.5,False,95.73,9.1,0.772
3836,FC_MAD2,IXD_MAD,1DC_MAD,SKU_0055,2024-12-05,18,forecast,12.4,False,4.72,12,reorder_point,2.6,False,3.14,7.9,0.262
3837,FC_MAD2,IXD_MAD,1DC_MAD,SKU_0241,2024-12-05,15,forecast,6.5,False,11.49,12,reorder_point,2.6,False,9.19,10.8,0.766
3838,FC_MAD2,IXD_MAD,1DC_MAD,SKU_0219,2024-12-05,20,forecast,11.1,False,16.2,13,reorder_point,2.5,False,10.53,8.9,0.81
3839,FC_MAD2,IXD_MAD,1DC_MAD,SKU_0224,2024-12-05,179,forecast,12.0,False,48.87,118,reorder_point,0.8,False,32.21,9.3,0.273
3840,FC_MAD2,IXD_MAD,1DC_MAD,SKU_0246,2024-12-05,203,forecast,13.9,True,198.53,112,reorder_point,2.7,False,109.54,11.4,0.978
3841,FC_PAR1,IXD_PAR,1DC_AMS,SKU_0037,2024-12-05,60,forecast,11.3,False,13.56,43,reorder_point,2.6,False,9.72,11.4,0.226
3842,FC_PAR1,IXD_PAR,1DC_AMS,SKU_0019,2024-12-05,81,forecast,7.7,False,84.32,45,reorder_point,1.1,False,46.84,6.2,1.041
3843,FC_PAR1,IXD_PAR,1DC_AMS,SKU_0208,2024-12-05,16,forecast,9.9,False,15.14,11,reorder_point,1.2,False,10.41,7.7,0.946
3844,FC_PAR1,IXD_PAR,1DC_AMS,SKU_0127,2024-12-05,16,forecast,5.8,False,15.46,14,reorder_point,0.7,False,13.52,9.1,0.966
3845,FC_PAR1,IXD_PAR,1DC_AMS,SKU_0149,2024-12-05,81,forecast,3.1,True,87.48,44,reorder_point,2.6,False,47.52,8.0,1.08
3846,FC_PAR2,IXD_PAR,1DC_MAD,SKU_0165,2024-12-05,20,forecast,10.0,False,2.24,13,reorder_point,2.1,False,1.46,7.3,0.112
3847,FC_PAR2,IXD_PAR,1DC_MAD,SKU_0128,2024-12-05,19,forecast,12.3,True,9.04,12,reorder_point,1.6,False,5.71,8.5,0.476
3848,FC_PAR2,IXD_PAR,1DC_MAD,SKU_0029,2024-12-05,192,forecast,11.4,False,140.93,108,reorder_point,0.8,False,79.27,6.5,0.734
3849,FC_BER1,IXD_BER,1DC_CDG,SKU_0073,2024-12-05,69,forecast,12.2,False,39.26,44,reorder_point,1.1,False,25.04,10.2,0.569
3850,FC_BER1,IXD_BER,1DC_CDG,SKU_0111,2024-12-05,213,forecast,8.3,False,223.86,123,reorder_point,2.4,False,129.27,5.4,1.051
3851,FC_BER1,IXD_BER,1DC_CDG,SKU_0215,2024-12-05,59,forecast,10.3,False,18.53,47,reorder_point,2.7,False,14.76,11.7,0.314
3852,FC_BER1,IXD_BER,1DC_CDG,SKU_0005,2024-12-05,140,forecast,11.2,False,51.66,130,reorder_point,1.9,False,47.97,8.2,0.369
3853,FC_BER1,IXD_BER,1DC_CDG,SKU_0005,2024-12-05,211,forecast,6.9,False,215.64,119,reorder_point,2.5,False,121.62,10.1,1.022
3854,FC_BER1,IXD_BER,1DC_CDG,SKU_0040,2024-12-05,186,forecast,8.8,False,194.56,113,reorder_point,1.5,False,118.2,8.8,1.046
3855,FC_BER1,IXD_BER,1DC_CDG,SKU_0190,2024-12-05,85,forecast,9.7,False,31.36,44,reorder_point,1.6,False,16.24,9.9,0.369
3856,FC_MUN1,IXD_BER,1DC_BCN,SKU_0125,2024-12-05,70,forecast,12.8,False,52.92,47,reorder_point,1.8,False,35.53,9.4,0.756
3857,FC_MUN1,IXD_BER,1DC_BCN,SKU_0101,2024-12-05,18,forecast,5.2,False,4.32,11,reorder_point,2.2,False,2.64,10.0,0.24
3858,FC_MUN1,IXD_BER,1DC_BCN,SKU_0142,2024-12-05,55,forecast,12.1,False,32.23,43,reorder_point,0.7,False,25.2,7.9,0.586
3859,FC_MUN1,IXD_BER,1DC_BCN,SKU_0036,2024-12-05,169,forecast,12.1,False,46.48,115,reorder_point,2.6,False,31.63,9.2,0.275
3860,FC_MUN1,IXD_BER,1DC_BCN,SKU_0118,2024-12-05,77,forecast,13.5,False,62.22,43,reorder_point,2.5,False,34.74,7.9,0.808
3861,FC_MUN1,IXD_BER,1DC_BCN,SKU_0049,2024-12-05,55,forecast,6.5,False,22.55,49,reorder_point,2.7,False,20.09,9.1,0.41
3862,FC_MUN1,IXD_BER,1DC_BCN,SKU_0039,2024-12-05,49,forecast,5.8,True,23.03,48,reorder_point,2.7,False,22.56,5.9,0.47
3863,FC_BCN1,IXD_BCN,1DC_BCN,SKU_0117,2024-12-06,13,forecast,10.8,False,13.77,12,reorder_point,2.9,False,12.71,9.5,1.059
3864,FC_BCN1,IXD_BCN,1DC_BCN,SKU_0204,2024-12-06,16,forecast,13.5,False,7.42,13,reorder_point,0.5,False,6.03,8.5,0.464
3865,FC_BCN1,IXD_BCN,1DC_BCN,SKU_0177,2024-12-06,22,forecast,10.5,False,6.2,12,reorder_point,2.9,False,3.38,6.4,0.282
3866,FC_BCN1,IXD_BCN,1DC_BCN,SKU_0054,2024-12-06,68,forecast,6.8,False,53.11,47,reorder_point,2.1,False,36.71,10.1,0.781
3867,FC_BCN1,IXD_BCN,1DC_BCN,SKU_0232,2024-12-06,13,forecast,9.4,False,1.96,11,reorder_point,0.8,False,1.66,10.9,0.151
3868,FC_BCN1,IXD_BCN,1DC_BCN,SKU_0008,2024-12-06,68,forecast,5.1,False,73.03,49,reorder_point,0.9,False,52.63,9.7,1.074
3869,FC_BCN2,IXD_BCN,1DC_BCN,SKU_0245,2024-12-06,70,forecast,11.5,False,22.96,50,reorder_point,0.8,False,16.4,8.9,0.328
3870,FC_BCN2,IXD_BCN,1DC_BCN,SKU_0044,2024-12-06,86,forecast,9.1,False,77.83,47,reorder_point,1.3,False,42.54,7.7,0.905
3871,FC_BCN2,IXD_BCN,1DC_BCN,SKU_0016,2024-12-06,87,forecast,11.3,False,54.55,44,reorder_point,2.0,False,27.59,8.5,0.627
3872,FC_BCN2,IXD_BCN,1DC_BCN,SKU_0091,2024-12-06,192,forecast,7.8,False,208.7,125,reorder_point,0.9,False,135.88,8.8,1.087
3873,FC_MAD1,IXD_MAD,1DC_MAD,SKU_0209,2024-12-06,87,forecast,9.1,False,14.62,49,reorder_point,1.8,False,8.23,9.0,0.168
3874,FC_MAD1,IXD_MAD,1DC_MAD,SKU_0028,2024-12-06,199,forecast,3.8,False,131.14,127,reorder_point,1.2,False,83.69,7.4,0.659
3875,FC_MAD1,IXD_MAD,1DC_MAD,SKU_0198,2024-12-06,218,forecast,8.9,False,48.61,130,reorder_point,3.0,False,28.99,8.4,0.223
3876,FC_MAD1,IXD_MAD,1DC_MAD,SKU_0058,2024-12-06,21,forecast,7.9,False,9.79,12,reorder_point,1.5,False,5.59,7.2,0.466
3877,FC_MAD1,IXD_MAD,1DC_MAD,SKU_0079,2024-12-06,13,forecast,12.4,False,7.9,10,reorder_point,1.3,False,6.08,6.9,0.608
3878,FC_MAD2,IXD_MAD,1DC_MAD,SKU_0219,2024-12-06,15,forecast,5.9,False,9.83,13,reorder_point,2.4,True,8.52,10.6,0.655
3879,FC_MAD2,IXD_MAD,1DC_MAD,SKU_0046,2024-12-06,19,forecast,11.2,False,11.04,11,reorder_point,2.5,False,6.39,9.7,0.581
3880,FC_MAD2,IXD_MAD,1DC_MAD,SKU_0250,2024-12-06,19,forecast,4.8,False,20.75,12,reorder_point,1.4,False,13.1,7.7,1.092
3881,FC_PAR1,IXD_PAR,1DC_AMS,SKU_0076,2024-12-06,142,forecast,12.7,False,110.9,116,reorder_point,2.4,False,90.6,10.3,0.781
3882,FC_PAR1,IXD_PAR,1DC_AMS,SKU_0127,2024-12-06,13,forecast,12.8,False,8.75,11,reorder_point,2.8,False,7.4,8.7,0.673
3883,FC_PAR1,IXD_PAR,1DC_AMS,SKU_0018,2024-12-06,78,forecast,10.7,False,46.02,53,reorder_point,2.0,False,31.27,9.0,0.59
3884,FC_PAR1,IXD_PAR,1DC_AMS,SKU_0186,2024-12-06,54,forecast,5.1,False,30.62,43,reorder_point,1.7,False,24.38,10.9,0.567
3885,FC_PAR1,IXD_PAR,1DC_AMS,SKU_0199,2024-12-06,87,forecast,8.3,False,86.65,43,reorder_point,1.5,False,42.83,5.3,0.996
3886,FC_PAR1,IXD_PAR,1DC_AMS,SKU_0074,2024-12-06,23,forecast,7.1,False,21.34,12,reorder_point,2.5,False,11.14,6.7,0.928
3887,FC_PAR1,IXD_PAR,1DC_AMS,SKU_0115,2024-12-06,88,forecast,6.3,False,37.05,48,reorder_point,2.8,False,20.21,6.5,0.421
3888,FC_PAR1,IXD_PAR,1DC_AMS,SKU_0197,2024-12-06,177,forecast,6.6,False,56.46,131,reorder_point,0.6,False,41.79,10.9,0.319
3889,FC_PAR2,IXD_PAR,1DC_AMS,SKU_0163,2024-12-06,54,forecast,3.3,False,49.3,42,reorder_point,2.7,False,38.35,7.0,0.913
3890,FC_PAR2,IXD_PAR,1DC_AMS,SKU_0249,2024-12-06,74,forecast,12.3,False,47.14,53,reorder_point,1.3,False,33.76,7.1,0.637
3891,FC_PAR2,IXD_PAR,1DC_AMS,SKU_0146,2024-12-06,197,forecast,11.8,False,105.4,122,reorder_point,2.6,False,65.27,8.5,0.535
3892,FC_PAR2,IXD_PAR,1DC_AMS,SKU_0244,2024-12-06,78,forecast,14.0,False,42.67,50,reorder_point,2.4,False,27.35,7.0,0.547
3893,FC_PAR2,IXD_PAR,1DC_AMS,SKU_0076,2024-12-06,239,forecast,3.4,False,112.33,109,reorder_point,2.9,False,51.23,11.8,0.47
3894,FC_PAR2,IXD_PAR,1DC_AMS,SKU_0177,2024-12-06,20,forecast,7.6,False,4.34,11,reorder_point,1.9,False,2.39,10.4,0.217
3895,FC_BER1,IXD_BER,1DC_AMS,SKU_0128,2024-12-06,21,forecast,9.6,False,15.29,11,reorder_point,2.8,True,8.01,8.7,0.728
3896,FC_BER1,IXD_BER,1DC_AMS,SKU_0078,2024-12-06,22,forecast,6.8,False,3.78,10,reorder_point,2.1,True,1.72,9.9,0.172
3897,FC_BER1,IXD_BER,1DC_AMS,SKU_0066,2024-12-06,81,forecast,6.0,False,11.1,44,reorder_point,1.1,False,6.03,12.3,0.137
3898,FC_BER1,IXD_BER,1DC_AMS,SKU_0075,2024-12-06,78,forecast,5.8,False,30.89,48,reorder_point,1.5,False,19.01,8.8,0.396
3899,FC_BER1,IXD_BER,1DC_AMS,SKU_0248,2024-12-06,71,forecast,7.8,False,27.12,45,reorder_point,1.2,False,17.19,7.6,0.382
3900,FC_BER1,IXD_BER,1DC_AMS,SKU_0109,2024-12-06,54,forecast,7.9,True,37.91,53,reorder_point,1.8,False,37.21,8.0,0.702
3901,FC_BER1,IXD_BER,1DC_AMS,SKU_0190,2024-12-06,52,forecast,13.9,False,24.6,49,reorder_point,0.8,False,23.18,6.9,0.473
3902,FC_MUN1,IXD_BCN,1DC_CDG,SKU_0085,2024-12-06,19,forecast,6.4,False,18.05,14,reorder_point,1.6,False,13.3,10.7,0.95
3903,FC_MUN1,IXD_BCN,1DC_CDG,SKU_0199,2024-12-06,69,forecast,3.8,False,33.6,44,reorder_point,2.9,False,21.43,8.8,0.487
3904,FC_MUN1,IXD_BCN,1DC_CDG,SKU_0049,2024-12-06,82,forecast,12.2,False,75.69,41,reorder_point,2.9,False,37.84,5.6,0.923
3905,FC_MUN1,IXD_BCN,1DC_CDG,SKU_0180,2024-12-06,158,forecast,9.4,False,161.32,110,reorder_point,1.4,False,112.31,10.2,1.021
3906,FC_MUN1,IXD_BCN,1DC_CDG,SKU_0072,2024-12-06,64,forecast,7.6,False,17.92,53,reorder_point,1.8,False,14.84,9.8,0.28
3907,FC_MUN1,IXD_BCN,1DC_CDG,SKU_0175,2024-12-06,165,forecast,13.4,False,56.43,114,reorder_point,2.7,False,38.99,11.2,0.342
3908,FC_BCN1,IXD_BCN,1DC_BCN,SKU_0162,2024-12-07,54,forecast,13.4,False,49.52,44,reorder_point,1.7,False,40.35,10.2,0.917
3909,FC_BCN1,IXD_BCN,1DC_BCN,SKU_0041,2024-12-07,216,forecast,8.0,False,136.08,143,reorder_point,0.7,False,90.09,9.8,0.63
3910,FC_BCN1,IXD_BCN,1DC_BCN,SKU_0236,2024-12-07,72,forecast,6.4,False,61.99,48,reorder_point,1.3,False,41.33,7.7,0.861
3911,FC_BCN1,IXD_BCN,1DC_BCN,SKU_0140,2024-12-07,15,forecast,7.5,False,9.04,13,reorder_point,0.9,False,7.84,5.3,0.603
3912,FC_BCN1,IXD_BCN,1DC_BCN,SKU_0144,2024-12-07,133,forecast,13.5,False,76.74,125,reorder_point,2.2,False,72.12,7.2,0.577
3913,FC_BCN2,IXD_BCN,1DC_BCN,SKU_0066,2024-12-07,84,forecast,8.2,False,16.8,47,reorder_point,1.3,False,9.4,9.0,0.2
3914,FC_BCN2,IXD_BCN,1DC_BCN,SKU_0138,2024-12-07,67,forecast,7.7,False,37.39,48,reorder_point,1.3,False,26.78,9.2,0.558
3915,FC_BCN2,IXD_BCN,1DC_BCN,SKU_0109,2024-12-07,77,forecast,7.4,True,72.3,48,reorder_point,2.0,False,45.07,9.3,0.939
3916,FC_BCN2,IXD_BCN,1DC_BCN,SKU_0033,2024-12-07,16,forecast,10.2,False,15.12,11,reorder_point,1.6,False,10.39,7.8,0.945
3917,FC_BCN2,IXD_BCN,1DC_BCN,SKU_0217,2024-12-07,50,forecast,11.7,False,26.8,52,reorder_point,1.3,False,27.87,6.1,0.536
3918,FC_BCN2,IXD_BCN,1DC_BCN,SKU_0202,2024-12-07,154,forecast,12.8,False,117.35,132,reorder_point,3.0,False,100.58,6.0,0.762
3919,FC_BCN2,IXD_BCN,1DC_BCN,SKU_0220,2024-12-07,161,forecast,7.9,False,152.47,141,reorder_point,3.0,False,133.53,7.3,0.947
3920,FC_BCN2,IXD_BCN,1DC_BCN,SKU_0242,2024-12-07,231,forecast,4.5,False,108.34,142,reorder_point,0.5,False,66.6,10.1,0.469
3921,FC_MAD1,IXD_MAD,1DC_MAD,SKU_0066,2024-12-07,74,forecast,3.4,False,34.78,48,reorder_point,2.1,False,22.56,7.0,0.47
3922,FC_MAD1,IXD_MAD,1DC_MAD,SKU_0162,2024-12-07,58,forecast,5.8,False,48.31,53,reorder_point,1.9,False,44.15,8.9,0.833
3923,FC_MAD1,IXD_MAD,1DC_MAD,SKU_0182,2024-12-07,76,forecast,8.2,False,81.47,53,reorder_point,2.2,False,56.82,9.8,1.072
3924,FC_MAD1,IXD_MAD,1DC_MAD,SKU_0001,2024-12-07,208,forecast,13.8,True,22.88,128,reorder_point,1.4,False,14.08,6.1,0.11
3925,FC_MAD2,IXD_MAD,1DC_MAD,SKU_0042,2024-12-07,18,forecast,11.1,False,10.94,13,reorder_point,2.2,False,7.9,7.3,0.608
3926,FC_MAD2,IXD_MAD,1DC_MAD,SKU_0143,2024-12-07,18,forecast,13.4,False,15.03,14,reorder_point,2.6,False,11.69,9.5,0.835
3927,FC_MAD2,IXD_MAD,1DC_MAD,SKU_0166,2024-12-07,238,forecast,12.0,True,208.96,122,reorder_point,1.6,False,107.12,11.0,0.878
3928,FC_MAD2,IXD_MAD,1DC_MAD,SKU_0112,2024-12-07,20,forecast,6.4,False,18.08,13,reorder_point,2.4,False,11.75,9.0,0.904
3929,FC_MAD2,IXD_MAD,1DC_MAD,SKU_0074,2024-12-07,15,forecast,7.0,True,8.94,12,reorder_point,2.6,False,7.15,7.3,0.596
3930,FC_PAR1,IXD_PAR,1DC_AMS,SKU_0135,2024-12-07,15,forecast,6.1,False,3.18,14,reorder_point,1.9,False,2.97,9.0,0.212
3931,FC_PAR1,IXD_PAR,1DC_AMS,SKU_0050,2024-12-07,234,forecast,7.7,False,31.82,138,reorder_point,2.2,False,18.77,7.9,0.136
3932,FC_PAR1,IXD_PAR,1DC_AMS,SKU_0100,2024-12-07,74,forecast,6.8,False,22.79,47,reorder_point,1.7,False,14.48,9.4,0.308
3933,FC_PAR1,IXD_PAR,1DC_AMS,SKU_0123,2024-12-07,204,forecast,3.2,True,63.04,115,reorder_point,2.6,False,35.53,8.5,0.309
3934,FC_PAR1,IXD_PAR,1DC_AMS,SKU_0198,2024-12-07,183,forecast,5.5,False,161.04,123,reorder_point,2.7,False,108.24,8.2,0.88
3935,FC_PAR1,IXD_PAR,1DC_AMS,SKU_0160,2024-12-07,16,forecast,9.1,False,11.92,12,reorder_point,1.9,False,8.94,7.8,0.745
3936,FC_PAR1,IXD_PAR,1DC_AMS,SKU_0045,2024-12-07,193,forecast,6.3,False,49.41,109,reorder_point,0.7,False,27.9,7.9,0.256
3937,FC_PAR2,IXD_PAR,1DC_AMS,SKU_0232,2024-12-07,14,forecast,7.8,False,4.62,12,reorder_point,2.9,False,3.96,9.6,0.33
3938,FC_PAR2,IXD_PAR,1DC_AMS,SKU_0209,2024-12-07,86,forecast,13.8,False,45.84,48,reorder_point,1.5,False,25.58,8.7,0.533
3939,FC_PAR2,IXD_PAR,1DC_AMS,SKU_0149,2024-12-07,59,forecast,5.4,False,56.76,44,reorder_point,1.0,False,42.33,8.2,0.962
3940,FC_PAR2,IXD_PAR,1DC_AMS,SKU_0191,2024-12-07,227,forecast,6.2,False,131.43,126,reorder_point,1.5,False,72.95,6.8,0.579
3941,FC_PAR2,IXD_PAR,1DC_AMS,SKU_0079,2024-12-07,19,forecast,9.9,False,16.91,13,reorder_point,0.5,False,11.57,9.3,0.89
3942,FC_PAR2,IXD_PAR,1DC_AMS,SKU_0176,2024-12-07,81,forecast,13.9,False,84.97,51,reorder_point,1.5,False,53.5,10.3,1.049
3943,FC_BER1,IXD_BER,1DC_CDG,SKU_0051,2024-12-07,55,forecast,7.9,False,19.03,44,reorder_point,2.6,False,15.22,7.2,0.346
3944,FC_BER1,IXD_BER,1DC_CDG,SKU_0120,2024-12-07,55,forecast,13.5,False,45.87,50,reorder_point,1.7,False,41.7,6.0,0.834
3945,FC_BER1,IXD_BER,1DC_CDG,SKU_0226,2024-12-07,203,forecast,9.3,False,123.02,129,reorder_point,2.5,False,78.17,10.4,0.606
3946,FC_BER1,IXD_BER,1DC_CDG,SKU_0123,2024-12-07,159,forecast,11.7,False,76.16,130,reorder_point,0.6,True,62.27,8.1,0.479
3947,FC_MUN1,IXD_MAD,1DC_MUC,SKU_0222,2024-12-07,74,forecast,11.7,False,45.44,51,reorder_point,1.2,False,31.31,7.8,0.614
3948,FC_MUN1,IXD_MAD,1DC_MUC,SKU_0037,2024-12-07,50,forecast,3.2,True,8.45,52,reorder_point,1.7,False,8.79,8.6,0.169
3949,FC_MUN1,IXD_MAD,1DC_MUC,SKU_0153,2024-12-07,215,forecast,6.1,False,219.94,116,reorder_point,0.6,False,118.67,6.8,1.023
3950,FC_MUN1,IXD_MAD,1DC_MUC,SKU_0075,2024-12-07,74,forecast,5.4,False,74.22,40,reorder_point,2.0,False,40.12,9.4,1.003
3951,FC_MUN1,IXD_MAD,1DC_MUC,SKU_0170,2024-12-07,140,forecast,12.7,False,127.82,126,reorder_point,1.4,False,115.04,9.1,0.913
3952,FC_BCN1,IXD_BCN,1DC_BCN,SKU_0015,2024-12-08,77,forecast,11.0,False,22.41,53,reorder_point,2.2,False,15.42,12.1,0.291
3953,FC_BCN1,IXD_BCN,1DC_BCN,SKU_0232,2024-12-08,23,forecast,7.0,False,18.4,13,reorder_point,3.0,True,10.4,11.1,0.8
3954,FC_BCN1,IXD_BCN,1DC_BCN,SKU_0218,2024-12-08,89,forecast,5.3,False,12.82,51,reorder_point,1.7,False,7.34,7.5,0.144
3955,FC_BCN1,IXD_BCN,1DC_BCN,SKU_0216,2024-12-08,85,forecast,3.1,False,55.42,53,reorder_point,1.9,False,34.56,11.4,0.652
3956,FC_BCN1,IXD_BCN,1DC_BCN,SKU_0219,2024-12-08,14,forecast,12.5,False,7.22,13,reorder_point,1.2,False,6.71,10.0,0.516
3957,FC_BCN2,IXD_BCN,1DC_BCN,SKU_0135,2024-12-08,17,forecast,6.0,False,18.29,12,reorder_point,1.5,False,12.91,6.4,1.076
3958,FC_BCN2,IXD_BCN,1DC_BCN,SKU_0070,2024-12-08,59,forecast,9.0,True,38.76,44,reorder_point,1.7,False,28.91,5.6,0.657
3959,FC_BCN2,IXD_BCN,1DC_BCN,SKU_0219,2024-12-08,13,forecast,11.6,False,2.77,12,reorder_point,0.7,False,2.56,8.5,0.213
3960,FC_MAD1,IXD_MAD,1DC_MAD,SKU_0157,2024-12-08,23,forecast,12.8,False,13.39,13,reorder_point,0.6,False,7.57,9.2,0.582
3961,FC_MAD1,IXD_MAD,1DC_MAD,SKU_0154,2024-12-08,216,forecast,11.8,False,111.67,117,reorder_point,2.8,False,60.49,11.0,0.517
3962,FC_MAD1,IXD_MAD,1DC_MAD,SKU_0217,2024-12-08,62,forecast,13.0,False,6.7,44,reorder_point,0.9,False,4.75,8.4,0.108
3963,FC_MAD1,IXD_MAD,1DC_MAD,SKU_0070,2024-12-08,56,forecast,6.4,False,28.84,50,reorder_point,1.5,False,25.75,7.1,0.515
3964,FC_MAD2,IXD_MAD,1DC_MAD,SKU_0200,2024-12-08,210,forecast,8.4,False,184.17,139,reorder_point,2.3,False,121.9,6.1,0.877
3965,FC_MAD2,IXD_MAD,1DC_MAD,SKU_0028,2024-12-08,217,forecast,6.3,False,144.96,136,reorder_point,1.5,False,90.85,4.4,0.668
3966,FC_PAR1,IXD_PAR,1DC_CDG,SKU_0234,2024-12-08,18,forecast,9.1,False,17.78,13,reorder_point,1.5,False,12.84,7.0,0.988
3967,FC_PAR1,IXD_PAR,1DC_CDG,SKU_0068,2024-12-08,60,forecast,6.2,False,14.7,52,reorder_point,1.2,False,12.74,9.9,0.245
3968,FC_PAR1,IXD_PAR,1DC_CDG,SKU_0104,2024-12-08,185,forecast,9.9,False,79.18,110,reorder_point,1.4,False,47.08,8.3,0.428
3969,FC_PAR1,IXD_PAR,1DC_CDG,SKU_0032,2024-12-08,156,forecast,10.4,False,170.66,143,reorder_point,2.7,False,156.44,8.5,1.094
3970,FC_PAR2,IXD_PAR,1DC_MAD,SKU_0037,2024-12-08,59,forecast,7.5,False,60.59,47,reorder_point,1.2,False,48.27,11.0,1.027
3971,FC_PAR2,IXD_PAR,1DC_MAD,SKU_0114,2024-12-08,23,forecast,10.3,True,10.58,13,reorder_point,0.6,False,5.98,9.5,0.46
3972,FC_PAR2,IXD_PAR,1DC_MAD,SKU_0121,2024-12-08,55,forecast,13.3,False,11.27,49,reorder_point,1.7,False,10.04,7.8,0.205
3973,FC_PAR2,IXD_PAR,1DC_MAD,SKU_0013,2024-12-08,62,forecast,4.3,False,57.78,41,reorder_point,0.6,False,38.21,7.8,0.932
3974,FC_BER1,IXD_BER,1DC_AMS,SKU_0194,2024-12-08,235,forecast,10.8,False,153.69,108,reorder_point,2.7,False,70.63,8.8,0.654
3975,FC_BER1,IXD_BER,1DC_AMS,SKU_0046,2024-12-08,18,forecast,13.7,False,9.59,12,reorder_point,1.8,False,6.4,5.3,0.533
3976,FC_BER1,IXD_BER,1DC_AMS,SKU_0125,2024-12-08,54,forecast,4.0,False,21.55,51,reorder_point,0.9,False,20.35,8.8,0.399
3977,FC_BER1,IXD_BER,1DC_AMS,SKU_0222,2024-12-08,54,forecast,5.3,False,25.06,48,reorder_point,0.9,False,22.27,7.4,0.464
3978,FC_MUN1,IXD_BER,1DC_MUC,SKU_0051,2024-12-08,66,forecast,12.1,False,51.35,44,reorder_point,2.2,False,34.23,8.8,0.778
3979,FC_MUN1,IXD_BER,1DC_MUC,SKU_0027,2024-12-08,15,forecast,11.5,False,7.37,12,reorder_point,1.2,False,5.89,4.9,0.491
3980,FC_MUN1,IXD_BER,1DC_MUC,SKU_0189,2024-12-08,83,forecast,13.9,False,70.97,41,reorder_point,2.2,False,35.05,9.3,0.855
3981,FC_BCN1,IXD_BCN,1DC_BCN,SKU_0034,2024-12-09,51,forecast,5.4,False,7.04,40,reorder_point,1.9,True,5.52,6.4,0.138
3982,FC_BCN1,IXD_BCN,1DC_BCN,SKU_0018,2024-12-09,83,forecast,12.6,False,46.31,41,reorder_point,2.1,False,22.88,11.1,0.558
3983,FC_BCN1,IXD_BCN,1DC_BCN,SKU_0058,2024-12-09,22,forecast,13.2,False,18.77,13,reorder_point,2.1,False,11.09,5.5,0.853
3984,FC_BCN1,IXD_BCN,1DC_BCN,SKU_0112,2024-12-09,20,forecast,4.7,False,9.94,13,reorder_point,2.9,False,6.46,10.9,0.497
3985,FC_BCN1,IXD_BCN,1DC_BCN,SKU_0224,2024-12-09,212,forecast,7.2,False,217.51,112,reorder_point,1.4,False,114.91,7.0,1.026
3986,FC_BCN1,IXD_BCN,1DC_BCN,SKU_0208,2024-12-09,13,forecast,4.6,False,13.58,11,reorder_point,0.6,False,11.49,10.0,1.045
3987,FC_BCN1,IXD_BCN,1DC_BCN,SKU_0006,2024-12-09,173,forecast,6.0,False,166.43,128,reorder_point,2.8,False,123.14,10.2,0.962
3988,FC_BCN1,IXD_BCN,1DC_BCN,SKU_0128,2024-12-09,23,forecast,12.0,False,19.66,11,reorder_point,2.7,False,9.4,5.0,0.855
3989,FC_BCN2,IXD_BCN,1DC_BCN,SKU_0164,2024-12-09,13,forecast,7.3,False,11.82,12,reorder_point,3.0,False,10.91,8.7,0.909
3990,FC_BCN2,IXD_BCN,1DC_BCN,SKU_0145,2024-12-09,58,forecast,3.3,True,54.35,46,reorder_point,1.1,False,43.1,11.3,0.937
3991,FC_MAD1,IXD_MAD,1DC_MAD,SKU_0107,2024-12-09,49,forecast,8.9,False,38.37,53,reorder_point,1.7,True,41.5,7.9,0.783
3992,FC_MAD1,IXD_MAD,1DC_MAD,SKU_0121,2024-12-09,64,forecast,11.8,False,59.52,46,reorder_point,2.0,False,42.78,12.0,0.93
3993,FC_MAD1,IXD_MAD,1DC_MAD,SKU_0081,2024-12-09,21,forecast,12.0,True,11.66,12,reorder_point,0.8,False,6.66,7.6,0.555
3994,FC_MAD1,IXD_MAD,1DC_MAD,SKU_0068,2024-12-09,64,forecast,14.0,True,57.28,53,reorder_point,0.6,False,47.44,8.0,0.895
3995,FC_MAD1,IXD_MAD,1DC_MAD,SKU_0230,2024-12-09,84,forecast,12.8,False,51.07,53,reorder_point,2.8,False,32.22,4.6,0.608
3996,FC_MAD1,IXD_MAD,1DC_MAD,SKU_0001,2024-12-09,190,forecast,5.0,False,167.96,121,reorder_point,1.8,False,106.96,8.9,0.884
3997,FC_MAD1,IXD_MAD,1DC_MAD,SKU_0114,2024-12-09,14,forecast,6.5,False,13.97,12,reorder_point,0.9,False,11.98,11.6,0.998
3998,FC_MAD2,IXD_MAD,1DC_MAD,SKU_0049,2024-12-09,62,forecast,5.8,False,53.38,51,reorder_point,1.9,False,43.91,10.0,0.861
3999,FC_MAD2,IXD_MAD,1DC_MAD,SKU_0199,2024-12-09,63,forecast,10.9,False,11.84,53,reorder_point,2.1,False,9.96,10.3,0.188
4000,FC_PAR1,IXD_PAR,1DC_MAD,SKU_0192,2024-12-09,53,forecast,6.2,False,18.97,53,reorder_point,2.8,True,18.97,6.7,0.358
4001,FC_PAR1,IXD_PAR,1DC_MAD,SKU_0237,2024-12-09,13,forecast,6.0,False,11.34,11,reorder_point,1.6,False,9.59,9.2,0.872
4002,FC_PAR1,IXD_PAR,1DC_MAD,SKU_0122,2024-12-09,65,forecast,9.9,False,23.72,45,reorder_point,1.9,False,16.43,7.4,0.365
4003,FC_PAR1,IXD_PAR,1DC_MAD,SKU_0058,2024-12-09,18,forecast,12.2,False,8.55,12,reorder_point,0.9,False,5.7,9.9,0.475
4004,FC_PAR2,IXD_PAR,1DC_MAD,SKU_0106,2024-12-09,57,forecast,11.9,False,17.33,42,reorder_point,2.6,False,12.77,6.5,0.304
4005,FC_PAR2,IXD_PAR,1DC_MAD,SKU_0053,2024-12-09,197,forecast,6.3,False,96.33,131,reorder_point,1.8,False,64.06,5.0,0.489
4006,FC_PAR2,IXD_PAR,1DC_MAD,SKU_0074,2024-12-09,22,forecast,7.7,False,16.68,12,reorder_point,2.2,False,9.1,6.9,0.758
4007,FC_PAR2,IXD_PAR,1DC_MAD,SKU_0231,2024-12-09,21,forecast,6.5,False,2.77,14,reorder_point,1.2,False,1.85,7.6,0.132
4008,FC_BER1,IXD_BER,1DC_MUC,SKU_0082,2024-12-09,89,forecast,13.1,False,56.43,43,reorder_point,2.1,False,27.26,8.2,0.634
4009,FC_BER1,IXD_BER,1DC_MUC,SKU_0159,2024-12-09,71,forecast,8.3,False,18.18,43,reorder_point,2.9,False,11.01,8.7,0.256
4010,FC_BER1,IXD_BER,1DC_MUC,SKU_0212,2024-12-09,154,forecast,11.9,False,103.18,126,reorder_point,2.4,False,84.42,8.7,0.67
4011,FC_BER1,IXD_BER,1DC_MUC,SKU_0002,2024-12-09,80,forecast,6.6,False,27.6,50,reorder_point,0.9,True,17.25,11.6,0.345
4012,FC_BER1,IXD_BER,1DC_MUC,SKU_0214,2024-12-09,19,forecast,7.8,False,14.29,12,reorder_point,1.7,False,9.02,8.6,0.752
4013,FC_BER1,IXD_BER,1DC_MUC,SKU_0100,2024-12-09,51,forecast,4.8,False,23.31,50,reorder_point,2.0,False,22.85,9.1,0.457
4014,FC_MUN1,IXD_BER,1DC_BCN,SKU_0015,2024-12-09,83,forecast,11.5,False,55.11,42,reorder_point,1.0,False,27.89,10.5,0.664
4015,FC_MUN1,IXD_BER,1DC_BCN,SKU_0008,2024-12-09,53,forecast,11.8,False,33.07,42,reorder_point,1.7,False,26.21,7.8,0.624
4016,FC_MUN1,IXD_BER,1DC_BCN,SKU_0237,2024-12-09,17,forecast,4.1,False,17.02,13,reorder_point,2.7,False,13.01,6.9,1.001
4017,FC_MUN1,IXD_BER,1DC_BCN,SKU_0215,2024-12-09,57,forecast,8.1,False,38.42,49,reorder_point,1.8,False,33.03,10.1,0.674
4018,FC_MUN1,IXD_BER,1DC_BCN,SKU_0003,2024-12-09,50,forecast,11.5,False,8.15,52,reorder_point,1.8,False,8.48,6.9,0.163
4019,FC_MUN1,IXD_BER,1DC_BCN,SKU_0233,2024-12-09,14,forecast,9.5,False,14.41,13,reorder_point,1.4,False,13.38,8.3,1.029
4020,FC_BCN1,IXD_BCN,1DC_BCN,SKU_0140,2024-12-10,21,forecast,10.5,False,14.91,11,reorder_point,1.2,False,7.81,10.1,0.71
4021,FC_BCN1,IXD_BCN,1DC_BCN,SKU_0117,2024-12-10,23,forecast,7.9,False,14.86,10,reorder_point,0.7,False,6.46,8.3,0.646
4022,FC_BCN1,IXD_BCN,1DC_BCN,SKU_0218,2024-12-10,63,forecast,11.0,False,65.77,47,reorder_point,1.6,False,49.07,8.4,1.044
4023,FC_BCN1,IXD_BCN,1DC_BCN,SKU_0205,2024-12-10,234,forecast,12.9,False,130.57,114,reorder_point,1.5,False,63.61,4.6,0.558
4024,FC_BCN1,IXD_BCN,1DC_BCN,SKU_0189,2024-12-10,75,forecast,7.3,False,9.75,43,reorder_point,2.2,False,5.59,7.5,0.13
4025,FC_BCN2,IXD_BCN,1DC_BCN,SKU_0109,2024-12-10,79,forecast,7.6,True,58.46,52,reorder_point,2.0,False,38.48,7.5,0.74
4026,FC_BCN2,IXD_BCN,1DC_BCN,SKU_0136,2024-12-10,69,forecast,9.1,False,51.2,43,reorder_point,1.8,False,31.91,7.3,0.742
4027,FC_BCN2,IXD_BCN,1DC_BCN,SKU_0086,2024-12-10,20,forecast,12.3,False,21.86,11,reorder_point,2.3,False,12.02,8.1,1.093
4028,FC_BCN2,IXD_BCN,1DC_BCN,SKU_0021,2024-12-10,63,forecast,13.5,False,34.02,53,reorder_point,0.7,False,28.62,8.4,0.54
4029,FC_BCN2,IXD_BCN,1DC_BCN,SKU_0183,2024-12-10,14,forecast,12.0,False,9.72,11,reorder_point,1.7,False,7.63,9.9,0.694
4030,FC_BCN2,IXD_BCN,1DC_BCN,SKU_0071,2024-12-10,236,forecast,5.8,False,76.94,112,reorder_point,2.9,False,36.51,8.3,0.326
4031,FC_BCN2,IXD_BCN,1DC_BCN,SKU_0207,2024-12-10,51,forecast,10.1,False,27.59,46,reorder_point,0.8,False,24.89,10.3,0.541
4032,FC_MAD1,IXD_MAD,1DC_MAD,SKU_0184,2024-12-10,230,forecast,5.8,True,246.33,112,reorder_point,1.6,False,119.95,4.9,1.071
4033,FC_MAD1,IXD_MAD,1DC_MAD,SKU_0036,2024-12-10,144,forecast,9.8,False,110.02,131,reorder_point,2.6,False,100.08,11.2,0.764
4034,FC_MAD1,IXD_MAD,1DC_MAD,SKU_0077,2024-12-10,148,forecast,6.7,False,104.64,122,reorder_point,0.9,False,86.25,11.3,0.707
4035,FC_MAD1,IXD_MAD,1DC_MAD,SKU_0119,2024-12-10,149,forecast,13.8,False,53.64,130,reorder_point,0.6,False,46.8,12.9,0.36
4036,FC_MAD2,IXD_MAD,1DC_MAD,SKU_0133,2024-12-10,56,forecast,10.9,False,60.98,48,reorder_point,2.2,False,52.27,11.6,1.089
4037,FC_MAD2,IXD_MAD,1DC_MAD,SKU_0158,2024-12-10,14,forecast,5.2,False,7.32,13,reorder_point,1.8,False,6.8,6.2,0.523
4038,FC_MAD2,IXD_MAD,1DC_MAD,SKU_0129,2024-12-10,79,forecast,5.1,False,39.58,46,reorder_point,0.7,False,23.05,11.4,0.501
4039,FC_PAR1,IXD_PAR,1DC_AMS,SKU_0165,2024-12-10,19,forecast,9.2,False,9.69,12,reorder_point,2.8,False,6.12,9.7,0.51
4040,FC_PAR1,IXD_PAR,1DC_AMS,SKU_0124,2024-12-10,58,forecast,7.0,False,30.62,40,reorder_point,2.3,False,21.12,6.4,0.528
4041,FC_PAR1,IXD_PAR,1DC_AMS,SKU_0221,2024-12-10,16,forecast,7.3,False,15.31,12,reorder_point,1.6,False,11.48,9.0,0.957
4042,FC_PAR1,IXD_PAR,1DC_AMS,SKU_0002,2024-12-10,51,forecast,4.2,False,22.44,51,reorder_point,2.0,False,22.44,6.2,0.44
4043,FC_PAR2,IXD_PAR,1DC_CDG,SKU_0064,2024-12-10,13,forecast,4.1,False,5.17,13,reorder_point,2.6,False,5.17,8.3,0.398
4044,FC_PAR2,IXD_PAR,1DC_CDG,SKU_0195,2024-12-10,75,forecast,4.7,False,17.32,52,reorder_point,1.3,False,12.01,6.4,0.231
4045,FC_PAR2,IXD_PAR,1DC_CDG,SKU_0171,2024-12-10,204,forecast,9.3,False,52.63,124,reorder_point,2.8,False,31.99,4.0,0.258
4046,FC_PAR2,IXD_PAR,1DC_CDG,SKU_0106,2024-12-10,89,forecast,7.1,False,48.68,45,reorder_point,2.7,False,24.62,8.5,0.547
4047,FC_PAR2,IXD_PAR,1DC_CDG,SKU_0161,2024-12-10,189,forecast,10.3,False,19.09,110,reorder_point,0.8,False,11.11,9.4,0.101
4048,FC_PAR2,IXD_PAR,1DC_CDG,SKU_0038,2024-12-10,170,forecast,13.5,False,171.36,114,reorder_point,2.9,False,114.91,12.4,1.008
4049,FC_PAR2,IXD_PAR,1DC_CDG,SKU_0066,2024-12-10,59,forecast,12.2,False,26.9,50,reorder_point,1.5,False,22.8,6.0,0.456
4050,FC_BER1,IXD_BER,1DC_CDG,SKU_0073,2024-12-10,69,forecast,8.4,False,41.95,41,reorder_point,3.0,True,24.93,9.6,0.608
4051,FC_BER1,IXD_BER,1DC_CDG,SKU_0180,2024-12-10,193,forecast,6.9,False,142.63,143,reorder_point,2.9,False,105.68,6.8,0.739
4052,FC_BER1,IXD_BER,1DC_CDG,SKU_0144,2024-12-10,185,forecast,6.5,False,82.14,114,reorder_point,1.2,False,50.62,8.5,0.444
4053,FC_MUN1,IXD_PAR,1DC_BCN,SKU_0247,2024-12-10,189,forecast,11.6,False,156.68,135,reorder_point,0.6,False,111.91,5.0,0.829
4054,FC_MUN1,IXD_PAR,1DC_BCN,SKU_0006,2024-12-10,230,forecast,5.7,False,87.17,112,reorder_point,2.9,False,42.45,11.0,0.379
4055,FC_MUN1,IXD_PAR,1DC_BCN,SKU_0165,2024-12-10,21,forecast,5.5,False,22.03,14,reorder_point,2.0,False,14.69,7.6,1.049
4056,FC_MUN1,IXD_PAR,1DC_BCN,SKU_0235,2024-12-10,69,forecast,10.1,False,39.47,50,reorder_point,1.2,False,28.6,6.5,0.572
4057,FC_MUN1,IXD_PAR,1DC_BCN,SKU_0117,2024-12-10,14,forecast,10.0,False,12.67,13,reorder_point,2.8,False,11.77,9.2,0.905
4058,FC_MUN1,IXD_PAR,1DC_BCN,SKU_0055,2024-12-10,20,forecast,6.3,False,15.18,10,reorder_point,1.6,False,7.59,5.4,0.759
4059,FC_MUN1,IXD_PAR,1DC_BCN,SKU_0020,2024-12-10,134,forecast,9.6,False,22.24,118,reorder_point,3.0,False,19.59,9.7,0.166
4060,FC_MUN1,IXD_PAR,1DC_BCN,SKU_0163,2024-12-10,60,forecast,4.3,False,34.2,46,reorder_point,1.8,False,26.22,10.5,0.57
4061,FC_BCN1,IXD_BCN,1DC_BCN,SKU_0013,2024-12-11,88,forecast,12.5,False,58.78,47,reorder_point,0.7,False,31.4,7.0,0.668
4062,FC_BCN1,IXD_BCN,1DC_BCN,SKU_0093,2024-12-11,21,forecast,12.1,False,10.06,11,reorder_point,2.2,False,5.27,10.3,0.479
4063,FC_BCN1,IXD_BCN,1DC_BCN,SKU_0247,2024-12-11,144,forecast,4.6,False,18.29,118,reorder_point,2.8,False,14.99,8.1,0.127
4064,FC_BCN1,IXD_BCN,1DC_BCN,SKU_0198,2024-12-11,134,forecast,12.4,False,100.23,141,reorder_point,1.1,False,105.47,6.5,0.748
4065,FC_BCN1,IXD_BCN,1DC_BCN,SKU_0062,2024-12-11,62,forecast,7.9,False,68.01,49,reorder_point,1.2,False,53.75,10.5,1.097
4066,FC_BCN1,IXD_BCN,1DC_BCN,SKU_0187,2024-12-11,83,forecast,4.7,False,33.95,49,reorder_point,2.5,False,20.04,8.8,0.409
4067,FC_BCN1,IXD_BCN,1DC_BCN,SKU_0039,2024-12-11,53,forecast,10.3,True,29.89,43,reorder_point,2.4,False,24.25,7.2,0.564
4068,FC_BCN1,IXD_BCN,1DC_BCN,SKU_0249,2024-12-11,67,forecast,8.4,False,49.91,40,reorder_point,0.6,False,29.8,8.5,0.745
4069,FC_BCN2,IXD_BCN,1DC_BCN,SKU_0164,2024-12-11,17,forecast,4.4,False,16.61,11,reorder_point,1.5,False,10.75,7.7,0.977
4070,FC_BCN2,IXD_BCN,1DC_BCN,SKU_0052,2024-12-11,146,forecast,6.7,False,51.83,142,reorder_point,1.7,False,50.41,4.9,0.355
4071,FC_MAD1,IXD_MAD,1DC_MAD,SKU_0011,2024-12-11,68,forecast,9.8,False,29.17,51,reorder_point,1.1,False,21.88,6.4,0.429
4072,FC_MAD1,IXD_MAD,1DC_MAD,SKU_0180,2024-12-11,236,forecast,5.1,False,213.82,123,reorder_point,2.6,False,111.44,8.3,0.906
4073,FC_MAD1,IXD_MAD,1DC_MAD,SKU_0208,2024-12-11,18,forecast,7.0,False,8.32,13,reorder_point,2.5,False,6.01,8.8,0.462
4074,FC_MAD1,IXD_MAD,1DC_MAD,SKU_0250,2024-12-11,20,forecast,9.3,False,4.02,12,reorder_point,0.9,False,2.41,10.6,0.201
4075,FC_MAD1,IXD_MAD,1DC_MAD,SKU_0206,2024-12-11,23,forecast,4.2,False,21.41,12,reorder_point,0.9,False,11.17,5.4,0.931
4076,FC_MAD2,IXD_MAD,1DC_MAD,SKU_0246,2024-12-11,142,forecast,10.1,False,77.53,114,reorder_point,1.0,False,62.24,9.6,0.546
4077,FC_MAD2,IXD_MAD,1DC_MAD,SKU_0241,2024-12-11,21,forecast,3.8,False,19.57,13,reorder_point,2.5,False,12.12,8.0,0.932
4078,FC_MAD2,IXD_MAD,1DC_MAD,SKU_0192,2024-12-11,53,forecast,8.1,False,6.36,41,reorder_point,0.8,True,4.92,8.9,0.12
4079,FC_MAD2,IXD_MAD,1DC_MAD,SKU_0012,2024-12-11,56,forecast,8.8,False,47.88,48,reorder_point,1.9,False,41.04,9.7,0.855
4080,FC_MAD2,IXD_MAD,1DC_MAD,SKU_0225,2024-12-11,68,forecast,11.5,False,67.8,49,reorder_point,2.9,False,48.85,6.1,0.997
4081,FC_PAR1,IXD_PAR,1DC_MAD,SKU_0167,2024-12-11,81,forecast,5.1,False,56.54,40,reorder_point,2.8,False,27.92,9.4,0.698
4082,FC_PAR1,IXD_PAR,1DC_MAD,SKU_0044,2024-12-11,79,forecast,8.1,False,83.34,51,reorder_point,0.9,False,53.8,7.0,1.055
4083,FC_PAR1,IXD_PAR,1DC_MAD,SKU_0074,2024-12-11,20,forecast,11.7,False,3.54,11,reorder_point,2.8,False,1.95,7.3,0.177
4084,FC_PAR1,IXD_PAR,1DC_MAD,SKU_0226,2024-12-11,169,forecast,10.4,False,21.29,115,reorder_point,1.7,False,14.49,8.7,0.126
4085,FC_PAR1,IXD_PAR,1DC_MAD,SKU_0084,2024-12-11,67,forecast,5.1,False,14.4,52,reorder_point,1.2,False,11.18,8.2,0.215
4086,FC_PAR1,IXD_PAR,1DC_MAD,SKU_0181,2024-12-11,192,forecast,10.3,False,144.38,132,reorder_point,2.9,False,99.26,11.6,0.752
4087,FC_PAR1,IXD_PAR,1DC_MAD,SKU_0046,2024-12-11,20,forecast,10.4,False,10.94,10,reorder_point,1.9,False,5.47,10.0,0.547
4088,FC_PAR1,IXD_PAR,1DC_MAD,SKU_0171,2024-12-11,140,forecast,6.9,False,14.84,116,reorder_point,2.1,False,12.3,5.8,0.106
4089,FC_PAR2,IXD_PAR,1DC_AMS,SKU_0083,2024-12-11,204,forecast,12.9,False,128.72,111,reorder_point,2.8,False,70.04,9.2,0.631
4090,FC_PAR2,IXD_PAR,1DC_AMS,SKU_0116,2024-12-11,146,forecast,3.2,False,75.04,111,reorder_point,1.2,False,57.05,8.2,0.514
4091,FC_BER1,IXD_BER,1DC_MAD,SKU_0105,2024-12-11,219,forecast,11.0,False,81.47,136,reorder_point,2.9,False,50.59,9.8,0.372
4092,FC_BER1,IXD_BER,1DC_MAD,SKU_0001,2024-12-11,215,forecast,3.0,False,86.86,131,reorder_point,1.4,False,52.92,9.0,0.404
4093,FC_BER1,IXD_BER,1DC_MAD,SKU_0095,2024-12-11,177,forecast,10.1,False,131.51,141,reorder_point,1.4,False,104.76,8.8,0.743
4094,FC_BER1,IXD_BER,1DC_MAD,SKU_0123,2024-12-11,237,forecast,3.9,True,211.4,108,reorder_point,1.8,False,96.34,9.4,0.892
4095,FC_BER1,IXD_BER,1DC_MAD,SKU_0206,2024-12-11,21,forecast,5.7,True,16.86,13,reorder_point,2.7,False,10.44,8.2,0.803
4096,FC_BER1,IXD_BER,1DC_MAD,SKU_0163,2024-12-11,50,forecast,7.6,False,46.85,45,reorder_point,2.6,False,42.16,7.6,0.937
4097,FC_MUN1,IXD_BER,1DC_BCN,SKU_0214,2024-12-11,21,forecast,6.5,False,3.57,13,reorder_point,0.9,False,2.21,11.2,0.17
4098,FC_MUN1,IXD_BER,1DC_BCN,SKU_0229,2024-12-11,221,forecast,4.6,False,99.89,141,reorder_point,2.5,False,63.73,7.6,0.452
4099,FC_MUN1,IXD_BER,1DC_BCN,SKU_0015,2024-12-11,68,forecast,12.4,True,10.74,45,reorder_point,1.5,False,7.11,5.2,0.158
4100,FC_MUN1,IXD_BER,1DC_BCN,SKU_0148,2024-12-11,13,forecast,4.3,False,7.06,13,reorder_point,2.1,False,7.06,10.0,0.543
4101,FC_MUN1,IXD_BER,1DC_BCN,SKU_0111,2024-12-11,204,forecast,4.1,False,132.6,118,reorder_point,1.6,False,76.7,6.6,0.65
4102,FC_MUN1,IXD_BER,1DC_BCN,SKU_0070,2024-12-11,74,forecast,12.1,False,8.73,42,reorder_point,2.7,False,4.96,6.6,0.118
4103,FC_MUN1,IXD_BER,1DC_BCN,SKU_0172,2024-12-11,79,forecast,9.0,False,69.36,46,reorder_point,2.6,False,40.39,9.4,0.878
4104,FC_MUN1,IXD_BER,1DC_BCN,SKU_0117,2024-12-11,16,forecast,7.4,False,8.75,12,reorder_point,2.2,False,6.56,7.9,0.547
4105,FC_BCN1,IXD_BCN,1DC_BCN,SKU_0236,2024-12-12,69,forecast,13.3,False,24.63,52,reorder_point,2.9,False,18.56,4.9,0.357
4106,FC_BCN1,IXD_BCN,1DC_BCN,SKU_0209,2024-12-12,62,forecast,13.9,True,64.54,51,reorder_point,1.0,False,53.09,9.9,1.041
4107,FC_BCN1,IXD_BCN,1DC_BCN,SKU_0099,2024-12-12,18,forecast,4.7,False,6.79,11,reorder_point,1.3,False,4.15,8.0,0.377
4108,FC_BCN1,IXD_BCN,1DC_BCN,SKU_0138,2024-12-12,55,forecast,8.9,False,40.87,50,reorder_point,1.5,False,37.15,3.8,0.743
4109,FC_BCN2,IXD_BCN,1DC_BCN,SKU_0204,2024-12-12,21,forecast,4.3,False,16.04,11,reorder_point,2.5,False,8.4,8.0,0.764
4110,FC_BCN2,IXD_BCN,1DC_BCN,SKU_0201,2024-12-12,58,forecast,4.2,False,10.79,46,reorder_point,1.1,False,8.56,11.0,0.186
4111,FC_BCN2,IXD_BCN,1DC_BCN,SKU_0058,2024-12-12,14,forecast,10.2,False,12.64,12,reorder_point,1.8,False,10.84,8.7,0.903
4112,FC_BCN2,IXD_BCN,1DC_BCN,SKU_0007,2024-12-12,16,forecast,7.8,True,2.56,12,reorder_point,1.3,False,1.92,11.8,0.16
4113,FC_BCN2,IXD_BCN,1DC_BCN,SKU_0089,2024-12-12,205,forecast,9.0,False,202.34,129,reorder_point,1.1,False,127.32,9.8,0.987
4114,FC_BCN2,IXD_BCN,1DC_BCN,SKU_0222,2024-12-12,77,forecast,13.7,False,53.67,49,reorder_point,1.6,False,34.15,10.4,0.697
4115,FC_BCN2,IXD_BCN,1DC_BCN,SKU_0006,2024-12-12,199,forecast,12.3,False,185.67,132,reorder_point,2.1,False,123.16,4.7,0.933
4116,FC_BCN2,IXD_BCN,1DC_BCN,SKU_0079,2024-12-12,22,forecast,7.7,False,18.9,13,reorder_point,1.5,False,11.17,8.0,0.859
4117,FC_MAD1,IXD_MAD,1DC_MAD,SKU_0039,2024-12-12,83,forecast,6.1,False,51.38,46,reorder_point,2.7,False,28.47,10.1,0.619
4118,FC_MAD1,IXD_MAD,1DC_MAD,SKU_0089,2024-12-12,191,forecast,6.1,False,149.74,117,reorder_point,2.1,False,91.73,8.2,0.784
4119,FC_MAD1,IXD_MAD,1DC_MAD,SKU_0250,2024-12-12,20,forecast,10.7,False,17.72,14,reorder_point,0.6,False,12.4,9.1,0.886
4120,FC_MAD1,IXD_MAD,1DC_MAD,SKU_0222,2024-12-12,66,forecast,7.9,False,27.06,48,reorder_point,0.9,False,19.68,8.8,0.41
4121,FC_MAD1,IXD_MAD,1DC_MAD,SKU_0078,2024-12-12,20,forecast,8.2,False,20.64,14,reorder_point,2.0,False,14.45,10.5,1.032
4122,FC_MAD1,IXD_MAD,1DC_MAD,SKU_0047,2024-12-12,89,forecast,3.8,False,44.86,41,reorder_point,0.8,False,20.66,5.5,0.504
4123,FC_MAD1,IXD_MAD,1DC_MAD,SKU_0055,2024-12-12,16,forecast,9.9,False,6.83,11,reorder_point,2.8,False,4.7,8.5,0.427
4124,FC_MAD2,IXD_MAD,1DC_MAD,SKU_0218,2024-12-12,76,forecast,7.6,False,27.66,48,reorder_point,2.4,False,17.47,7.9,0.364
4125,FC_MAD2,IXD_MAD,1DC_MAD,SKU_0178,2024-12-12,16,forecast,8.9,False,9.23,11,reorder_point,2.1,False,6.35,7.1,0.577
4126,FC_MAD2,IXD_MAD,1DC_MAD,SKU_0155,2024-12-12,60,forecast,4.1,False,51.78,52,reorder_point,0.8,False,44.88,11.8,0.863
4127,FC_MAD2,IXD_MAD,1DC_MAD,SKU_0093,2024-12-12,23,forecast,11.9,False,13.68,14,reorder_point,1.0,False,8.33,7.2,0.595
4128,FC_PAR1,IXD_PAR,1DC_MAD,SKU_0082,2024-12-12,85,forecast,12.0,False,29.83,53,reorder_point,1.1,False,18.6,8.5,0.351
4129,FC_PAR1,IXD_PAR,1DC_MAD,SKU_0038,2024-12-12,142,forecast,5.2,False,92.58,134,reorder_point,2.5,False,87.37,7.6,0.652
4130,FC_PAR1,IXD_PAR,1DC_MAD,SKU_0126,2024-12-12,153,forecast,5.4,True,133.26,123,reorder_point,1.1,False,107.13,10.2,0.871
4131,FC_PAR1,IXD_PAR,1DC_MAD,SKU_0185,2024-12-12,188,forecast,14.0,False,48.69,126,reorder_point,2.0,False,32.63,5.8,0.259
4132,FC_PAR1,IXD_PAR,1DC_MAD,SKU_0098,2024-12-12,57,forecast,11.1,False,48.39,50,reorder_point,1.9,False,42.45,8.9,0.849
4133,FC_PAR2,IXD_PAR,1DC_MAD,SKU_0110,2024-12-12,85,forecast,4.7,False,39.7,52,reorder_point,2.9,False,24.28,6.9,0.467
4134,FC_PAR2,IXD_PAR,1DC_MAD,SKU_0138,2024-12-12,54,forecast,10.4,False,57.89,50,reorder_point,2.8,False,53.6,10.0,1.072
4135,FC_PAR2,IXD_PAR,1DC_MAD,SKU_0118,2024-12-12,64,forecast,3.2,False,20.16,43,reorder_point,0.8,False,13.54,8.4,0.315
4136,FC_PAR2,IXD_PAR,1DC_MAD,SKU_0077,2024-12-12,214,forecast,12.1,False,183.4,141,reorder_point,1.6,False,120.84,3.1,0.857
4137,FC_PAR2,IXD_PAR,1DC_MAD,SKU_0218,2024-12-12,77,forecast,8.6,False,49.05,43,reorder_point,1.7,False,27.39,6.3,0.637
4138,FC_PAR2,IXD_PAR,1DC_MAD,SKU_0003,2024-12-12,70,forecast,12.5,False,72.45,51,reorder_point,1.1,False,52.78,9.4,1.035
4139,FC_PAR2,IXD_PAR,1DC_MAD,SKU_0141,2024-12-12,79,forecast,3.8,False,71.18,42,reorder_point,2.5,False,37.84,7.2,0.901
4140,FC_PAR2,IXD_PAR,1DC_MAD,SKU_0085,2024-12-12,18,forecast,11.2,False,6.66,13,reorder_point,1.7,False,4.81,6.4,0.37
4141,FC_BER1,IXD_BER,1DC_CDG,SKU_0030,2024-12-12,149,forecast,6.6,False,56.77,141,reorder_point,0.9,False,53.72,9.4,0.381
4142,FC_BER1,IXD_BER,1DC_CDG,SKU_0105,2024-12-12,221,forecast,10.4,False,49.06,112,reorder_point,1.9,False,24.86,7.6,0.222
4143,FC_BER1,IXD_BER,1DC_CDG,SKU_0133,2024-12-12,51,forecast,3.8,False,15.4,53,reorder_point,0.6,False,16.01,5.6,0.302
4144,FC_BER1,IXD_BER,1DC_CDG,SKU_0154,2024-12-12,160,forecast,3.8,False,40.32,131,reorder_point,1.8,False,33.01,7.1,0.252
4145,FC_MUN1,IXD_MAD,1DC_MAD,SKU_0038,2024-12-12,237,forecast,8.7,False,213.06,108,reorder_point,2.2,False,97.09,7.0,0.899
4146,FC_MUN1,IXD_MAD,1DC_MAD,SKU_0193,2024-12-12,51,forecast,7.6,False,53.7,40,reorder_point,1.4,False,42.12,10.0,1.053
4147,FC_MUN1,IXD_MAD,1DC_MAD,SKU_0194,2024-12-12,176,forecast,4.9,False,113.87,132,reorder_point,1.5,False,85.4,9.5,0.647
4148,FC_MUN1,IXD_MAD,1DC_MAD,SKU_0140,2024-12-12,19,forecast,10.4,False,16.34,13,reorder_point,2.9,False,11.18,9.7,0.86
4149,FC_MUN1,IXD_MAD,1DC_MAD,SKU_0133,2024-12-12,87,forecast,11.4,False,88.22,41,reorder_point,2.7,False,41.57,7.9,1.014
4150,FC_BCN1,IXD_BCN,1DC_BCN,SKU_0181,2024-12-13,175,forecast,5.7,False,115.15,126,reorder_point,1.8,False,82.91,11.4,0.658
4151,FC_BCN1,IXD_BCN,1DC_BCN,SKU_0130,2024-12-13,61,forecast,11.6,False,58.5,51,reorder_point,1.7,False,48.91,9.1,0.959
4152,FC_BCN1,IXD_BCN,1DC_BCN,SKU_0183,2024-12-13,20,forecast,13.9,False,17.52,11,reorder_point,1.9,False,9.64,7.6,0.876
4153,FC_BCN2,IXD_BCN,1DC_BCN,SKU_0184,2024-12-13,195,forecast,10.5,False,134.74,136,reorder_point,1.1,False,93.98,8.3,0.691
4154,FC_BCN2,IXD_BCN,1DC_BCN,SKU_0121,2024-12-13,72,forecast,8.4,False,15.62,45,reorder_point,2.3,False,9.77,8.0,0.217
4155,FC_MAD1,IXD_MAD,1DC_MAD,SKU_0143,2024-12-13,21,forecast,3.4,False,16.65,13,reorder_point,1.7,False,10.31,6.2,0.793
4156,FC_MAD1,IXD_MAD,1DC_MAD,SKU_0059,2024-12-13,143,forecast,4.8,False,45.33,130,reorder_point,1.6,False,41.21,6.9,0.317
4157,FC_MAD2,IXD_MAD,1DC_MAD,SKU_0176,2024-12-13,58,forecast,4.5,False,13.98,42,reorder_point,2.5,True,10.12,9.1,0.241
4158,FC_MAD2,IXD_MAD,1DC_MAD,SKU_0220,2024-12-13,165,forecast,9.0,False,20.46,110,reorder_point,1.3,False,13.64,9.7,0.124
4159,FC_MAD2,IXD_MAD,1DC_MAD,SKU_0056,2024-12-13,50,forecast,5.9,False,10.15,42,reorder_point,1.6,False,8.53,11.7,0.203
4160,FC_PAR1,IXD_PAR,1DC_MUC,SKU_0058,2024-12-13,14,forecast,3.5,False,3.93,13,reorder_point,1.6,False,3.65,10.5,0.281
4161,FC_PAR1,IXD_PAR,1DC_MUC,SKU_0083,2024-12-13,138,forecast,7.4,False,18.22,113,reorder_point,1.9,True,14.92,8.9,0.132
4162,FC_PAR1,IXD_PAR,1DC_MUC,SKU_0008,2024-12-13,83,forecast,10.2,False,14.52,51,reorder_point,2.6,False,8.92,10.4,0.175
4163,FC_PAR1,IXD_PAR,1DC_MUC,SKU_0235,2024-12-13,80,forecast,7.3,False,79.52,52,reorder_point,1.1,False,51.69,10.4,0.994
4164,FC_PAR2,IXD_PAR,1DC_BCN,SKU_0162,2024-12-13,79,forecast,7.0,False,74.42,48,reorder_point,1.9,False,45.22,7.7,0.942
4165,FC_PAR2,IXD_PAR,1DC_BCN,SKU_0053,2024-12-13,206,forecast,12.8,False,107.33,116,reorder_point,1.0,True,60.44,11.2,0.521
4166,FC_BER1,IXD_BER,1DC_CDG,SKU_0010,2024-12-13,62,forecast,12.2,False,61.63,53,reorder_point,1.7,True,52.68,7.7,0.994
4167,FC_BER1,IXD_BER,1DC_CDG,SKU_0171,2024-12-13,140,forecast,11.0,False,135.1,115,reorder_point,2.1,True,110.97,7.5,0.965
4168,FC_MUN1,IXD_MAD,1DC_CDG,SKU_0123,2024-12-13,165,forecast,10.0,False,55.94,128,reorder_point,2.2,False,43.39,9.2,0.339
4169,FC_MUN1,IXD_MAD,1DC_CDG,SKU_0145,2024-12-13,51,forecast,11.7,False,10.25,53,reorder_point,2.9,False,10.65,8.3,0.201
4170,FC_BCN1,IXD_BCN,1DC_BCN,SKU_0224,2024-12-14,186,forecast,10.7,True,88.72,127,reorder_point,0.8,False,60.58,9.8,0.477
4171,FC_BCN1,IXD_BCN,1DC_BCN,SKU_0093,2024-12-14,13,forecast,10.8,False,1.53,11,reorder_point,0.8,False,1.3,11.9,0.118
4172,FC_BCN1,IXD_BCN,1DC_BCN,SKU_0148,2024-12-14,15,forecast,10.0,False,12.39,13,reorder_point,1.4,False,10.74,8.6,0.826
4173,FC_BCN1,IXD_BCN,1DC_BCN,SKU_0244,2024-12-14,61,forecast,12.5,False,14.64,42,reorder_point,0.7,False,10.08,7.0,0.24
4174,FC_BCN2,IXD_BCN,1DC_BCN,SKU_0001,2024-12-14,142,forecast,13.8,False,119.85,126,reorder_point,2.8,True,106.34,6.6,0.844
4175,FC_BCN2,IXD_BCN,1DC_BCN,SKU_0216,2024-12-14,73,forecast,12.4,False,19.13,40,reorder_point,2.9,False,10.48,10.9,0.262
4176,FC_BCN2,IXD_BCN,1DC_BCN,SKU_0209,2024-12-14,86,forecast,8.2,False,64.33,40,reorder_point,1.5,False,29.92,8.2,0.748
4177,FC_MAD1,IXD_MAD,1DC_MAD,SKU_0038,2024-12-14,204,forecast,13.0,False,199.92,118,reorder_point,1.0,False,115.64,6.8,0.98
4178,FC_MAD1,IXD_MAD,1DC_MAD,SKU_0223,2024-12-14,75,forecast,12.1,False,7.72,51,reorder_point,0.9,False,5.25,9.3,0.103
4179,FC_MAD1,IXD_MAD,1DC_MAD,SKU_0217,2024-12-14,88,forecast,9.1,False,51.74,52,reorder_point,2.6,False,30.58,7.9,0.588
4180,FC_MAD1,IXD_MAD,1DC_MAD,SKU_0193,2024-12-14,61,forecast,5.8,False,13.12,50,reorder_point,2.3,False,10.75,7.4,0.215
4181,FC_MAD1,IXD_MAD,1DC_MAD,SKU_0233,2024-12-14,19,forecast,7.8,False,12.54,11,reorder_point,2.7,False,7.26,8.3,0.66
4182,FC_MAD1,IXD_MAD,1DC_MAD,SKU_0014,2024-12-14,51,forecast,9.9,False,29.07,53,reorder_point,2.3,False,30.21,8.7,0.57
4183,FC_MAD1,IXD_MAD,1DC_MAD,SKU_0250,2024-12-14,16,forecast,13.0,False,2.21,13,reorder_point,2.2,False,1.79,9.2,0.138
4184,FC_MAD2,IXD_MAD,1DC_MAD,SKU_0157,2024-12-14,13,forecast,8.7,False,10.53,11,reorder_point,2.1,False,8.91,10.9,0.81
4185,FC_MAD2,IXD_MAD,1DC_MAD,SKU_0171,2024-12-14,164,forecast,3.5,False,43.79,123,reorder_point,1.6,False,32.84,10.3,0.267
4186,FC_MAD2,IXD_MAD,1DC_MAD,SKU_0093,2024-12-14,15,forecast,6.6,False,2.9,13,reorder_point,0.7,False,2.51,9.2,0.193
4187,FC_MAD2,IXD_MAD,1DC_MAD,SKU_0108,2024-12-14,57,forecast,5.1,True,11.17,48,reorder_point,1.2,False,9.41,6.6,0.196
4188,FC_MAD2,IXD_MAD,1DC_MAD,SKU_0064,2024-12-14,23,forecast,7.9,True,4.92,13,reorder_point,1.2,False,2.78,10.5,0.214
4189,FC_MAD2,IXD_MAD,1DC_MAD,SKU_0049,2024-12-14,74,forecast,5.3,False,63.86,50,reorder_point,2.0,False,43.15,12.5,0.863
4190,FC_MAD2,IXD_MAD,1DC_MAD,SKU_0244,2024-12-14,71,forecast,11.8,False,16.83,49,reorder_point,1.4,False,11.61,9.2,0.237
4191,FC_MAD2,IXD_MAD,1DC_MAD,SKU_0016,2024-12-14,81,forecast,13.4,False,53.05,44,reorder_point,1.5,False,28.82,7.1,0.655
4192,FC_PAR1,IXD_PAR,1DC_CDG,SKU_0044,2024-12-14,62,forecast,3.5,False,59.95,45,reorder_point,2.4,False,43.52,8.7,0.967
4193,FC_PAR1,IXD_PAR,1DC_CDG,SKU_0227,2024-12-14,233,forecast,5.7,False,158.44,142,reorder_point,2.0,False,96.56,8.2,0.68
4194,FC_PAR1,IXD_PAR,1DC_CDG,SKU_0227,2024-12-14,150,forecast,7.8,True,31.05,126,reorder_point,2.1,False,26.08,8.6,0.207
4195,FC_PAR1,IXD_PAR,1DC_CDG,SKU_0062,2024-12-14,70,forecast,12.4,False,44.94,45,reorder_point,0.5,False,28.89,11.7,0.642
4196,FC_PAR1,IXD_PAR,1DC_CDG,SKU_0105,2024-12-14,168,forecast,9.2,False,160.27,142,reorder_point,2.7,False,135.47,6.9,0.954
4197,FC_PAR2,IXD_PAR,1DC_MAD,SKU_0090,2024-12-14,57,forecast,12.4,False,30.38,50,reorder_point,2.7,False,26.65,8.3,0.533
4198,FC_PAR2,IXD_PAR,1DC_MAD,SKU_0057,2024-12-14,85,forecast,11.1,False,33.15,51,reorder_point,1.1,False,19.89,8.8,0.39
4199,FC_PAR2,IXD_PAR,1DC_MAD,SKU_0027,2024-12-14,21,forecast,10.0,False,4.68,12,reorder_point,0.9,False,2.68,11.8,0.223
4200,FC_PAR2,IXD_PAR,1DC_MAD,SKU_0005,2024-12-14,167,forecast,12.3,False,97.69,128,reorder_point,0.6,False,74.88,9.9,0.585
4201,FC_PAR2,IXD_PAR,1DC_MAD,SKU_0249,2024-12-14,86,forecast,6.4,False,35.17,44,reorder_point,2.6,False,18.0,9.4,0.409
4202,FC_PAR2,IXD_PAR,1DC_MAD,SKU_0131,2024-12-14,67,forecast,7.8,False,68.74,49,reorder_point,1.1,False,50.27,8.4,1.026
4203,FC_PAR2,IXD_PAR,1DC_MAD,SKU_0082,2024-12-14,79,forecast,7.1,False,66.12,48,reorder_point,2.0,False,40.18,9.4,0.837
4204,FC_PAR2,IXD_PAR,1DC_MAD,SKU_0059,2024-12-14,149,forecast,8.2,False,43.36,117,reorder_point,1.1,False,34.05,10.0,0.291
4205,FC_BER1,IXD_BER,1DC_MUC,SKU_0147,2024-12-14,204,forecast,3.4,False,160.14,135,reorder_point,2.2,False,105.98,9.8,0.785
4206,FC_BER1,IXD_BER,1DC_MUC,SKU_0079,2024-12-14,15,forecast,12.8,False,13.2,13,reorder_point,1.1,False,11.44,7.8,0.88
4207,FC_MUN1,IXD_BER,1DC_AMS,SKU_0178,2024-12-14,19,forecast,10.1,False,16.95,10,reorder_point,1.4,False,8.92,9.2,0.892
4208,FC_MUN1,IXD_BER,1DC_AMS,SKU_0041,2024-12-14,205,forecast,5.0,False,64.58,134,reorder_point,1.6,False,42.21,8.9,0.315
4209,FC_MUN1,IXD_BER,1DC_AMS,SKU_0064,2024-12-14,18,forecast,3.7,False,10.48,12,reorder_point,1.2,False,6.98,9.8,0.582
4210,FC_MUN1,IXD_BER,1DC_AMS,SKU_0031,2024-12-14,82,forecast,11.2,False,46.0,42,reorder_point,0.8,False,23.56,11.8,0.561
4211,FC_MUN1,IXD_BER,1DC_AMS,SKU_0237,2024-12-14,22,forecast,3.3,False,4.86,12,reorder_point,1.7,False,2.65,8.7,0.221
4212,FC_MUN1,IXD_BER,1DC_AMS,SKU_0212,2024-12-14,236,forecast,13.2,False,257.24,123,reorder_point,1.3,False,134.07,10.1,1.09
4213,FC_MUN1,IXD_BER,1DC_AMS,SKU_0017,2024-12-14,20,forecast,11.6,False,2.28,11,reorder_point,0.9,False,1.25,5.6,0.114
4214,FC_MUN1,IXD_BER,1DC_AMS,SKU_0223,2024-12-14,75,forecast,12.8,False,57.6,47,reorder_point,0.6,False,36.1,9.0,0.768
4215,FC_BCN1,IXD_BCN,1DC_BCN,SKU_0130,2024-12-15,79,forecast,12.8,False,82.48,52,reorder_point,0.5,False,54.29,11.1,1.044
4216,FC_BCN1,IXD_BCN,1DC_BCN,SKU_0230,2024-12-15,52,forecast,10.5,True,26.1,53,reorder_point,0.8,False,26.61,9.3,0.502
4217,FC_BCN1,IXD_BCN,1DC_BCN,SKU_0184,2024-12-15,151,forecast,8.8,False,97.39,110,reorder_point,1.0,False,70.95,12.7,0.645
4218,FC_BCN1,IXD_BCN,1DC_BCN,SKU_0056,2024-12-15,80,forecast,7.8,False,14.8,44,reorder_point,1.0,False,8.14,9.4,0.185
4219,FC_BCN1,IXD_BCN,1DC_BCN,SKU_0116,2024-12-15,230,forecast,11.4,False,23.69,115,reorder_point,2.4,True,11.84,7.1,0.103
4220,FC_BCN2,IXD_BCN,1DC_BCN,SKU_0135,2024-12-15,21,forecast,5.5,False,7.46,13,reorder_point,1.5,False,4.62,10.7,0.355
4221,FC_BCN2,IXD_BCN,1DC_BCN,SKU_0048,2024-12-15,210,forecast,5.2,False,157.29,122,reorder_point,2.5,False,91.38,8.8,0.749
4222,FC_BCN2,IXD_BCN,1DC_BCN,SKU_0228,2024-12-15,77,forecast,10.0,False,34.27,51,reorder_point,0.8,False,22.7,11.4,0.445
4223,FC_BCN2,IXD_BCN,1DC_BCN,SKU_0054,2024-12-15,76,forecast,5.0,False,38.61,47,reorder_point,0.6,False,23.88,9.1,0.508
4224,FC_BCN2,IXD_BCN,1DC_BCN,SKU_0167,2024-12-15,59,forecast,8.5,True,6.67,50,reorder_point,2.4,False,5.65,10.5,0.113
4225,FC_BCN2,IXD_BCN,1DC_BCN,SKU_0131,2024-12-15,69,forecast,9.6,True,30.29,42,reorder_point,2.8,False,18.44,7.8,0.439
4226,FC_BCN2,IXD_BCN,1DC_BCN,SKU_0008,2024-12-15,59,forecast,4.0,False,32.1,41,reorder_point,1.8,False,22.3,8.4,0.544
4227,FC_MAD1,IXD_MAD,1DC_MAD,SKU_0057,2024-12-15,73,forecast,8.9,False,77.82,48,reorder_point,2.9,False,51.17,9.1,1.066
4228,FC_MAD1,IXD_MAD,1DC_MAD,SKU_0203,2024-12-15,56,forecast,7.9,False,38.86,41,reorder_point,1.6,False,28.45,4.8,0.694
4229,FC_MAD1,IXD_MAD,1DC_MAD,SKU_0063,2024-12-15,83,forecast,7.6,False,33.28,42,reorder_point,2.9,False,16.84,9.6,0.401
4230,FC_MAD1,IXD_MAD,1DC_MAD,SKU_0131,2024-12-15,66,forecast,12.5,False,58.15,46,reorder_point,2.7,False,40.53,8.8,0.881
4231,FC_MAD1,IXD_MAD,1DC_MAD,SKU_0041,2024-12-15,156,forecast,3.6,False,170.82,125,reorder_point,0.6,False,136.88,8.1,1.095
4232,FC_MAD1,IXD_MAD,1DC_MAD,SKU_0071,2024-12-15,208,forecast,3.9,False,42.64,139,reorder_point,0.5,False,28.49,10.6,0.205
4233,FC_MAD1,IXD_MAD,1DC_MAD,SKU_0228,2024-12-15,84,forecast,3.4,False,24.02,50,reorder_point,0.8,False,14.3,7.9,0.286
4234,FC_MAD2,IXD_MAD,1DC_MAD,SKU_0115,2024-12-15,71,forecast,13.7,False,16.33,41,reorder_point,2.8,False,9.43,10.0,0.23
4235,FC_MAD2,IXD_MAD,1DC_MAD,SKU_0116,2024-12-15,181,forecast,7.5,False,145.89,143,reorder_point,1.0,False,115.26,7.5,0.806
4236,FC_MAD2,IXD_MAD,1DC_MAD,SKU_0105,2024-12-15,192,forecast,12.5,True,98.5,120,reorder_point,1.7,False,61.56,6.1,0.513
4237,FC_MAD2,IXD_MAD,1DC_MAD,SKU_0141,2024-12-15,59,forecast,5.4,False,27.85,45,reorder_point,2.3,False,21.24,5.1,0.472
4238,FC_MAD2,IXD_MAD,1DC_MAD,SKU_0200,2024-12-15,141,forecast,12.5,False,84.04,115,reorder_point,1.7,False,68.54,9.0,0.596
4239,FC_MAD2,IXD_MAD,1DC_MAD,SKU_0135,2024-12-15,17,forecast,4.5,False,15.38,14,reorder_point,1.8,False,12.67,5.8,0.905
4240,FC_MAD2,IXD_MAD,1DC_MAD,SKU_0234,2024-12-15,20,forecast,7.8,False,14.38,13,reorder_point,2.8,False,9.35,7.9,0.719
4241,FC_MAD2,IXD_MAD,1DC_MAD,SKU_0097,2024-12-15,13,forecast,4.4,False,2.87,10,reorder_point,1.4,False,2.21,7.9,0.221
4242,FC_PAR1,IXD_PAR,1DC_AMS,SKU_0133,2024-12-15,56,forecast,6.7,False,48.1,47,reorder_point,2.8,False,40.37,8.5,0.859
4243,FC_PAR1,IXD_PAR,1DC_AMS,SKU_0186,2024-12-15,49,forecast,5.6,False,53.56,43,reorder_point,0.9,False,47.0,9.0,1.093
4244,FC_PAR1,IXD_PAR,1DC_AMS,SKU_0186,2024-12-15,88,forecast,6.3,False,81.14,41,reorder_point,0.9,False,37.8,11.6,0.922
4245,FC_PAR1,IXD_PAR,1DC_AMS,SKU_0241,2024-12-15,13,forecast,11.0,False,9.02,13,reorder_point,0.5,False,9.02,10.0,0.694
4246,FC_PAR1,IXD_PAR,1DC_AMS,SKU_0235,2024-12-15,89,forecast,12.5,False,69.24,50,reorder_point,1.0,False,38.9,6.5,0.778
4247,FC_PAR1,IXD_PAR,1DC_AMS,SKU_0061,2024-12-15,145,forecast,6.3,False,143.12,124,reorder_point,1.4,False,122.39,8.2,0.987
4248,FC_PAR1,IXD_PAR,1DC_AMS,SKU_0104,2024-12-15,172,forecast,7.0,False,112.66,118,reorder_point,1.4,False,77.29,8.9,0.655
4249,FC_PAR1,IXD_PAR,1DC_AMS,SKU_0249,2024-12-15,49,forecast,13.0,False,53.46,50,reorder_point,0.5,False,54.55,12.0,1.091
4250,FC_PAR2,IXD_PAR,1DC_AMS,SKU_0134,2024-12-15,78,forecast,11.4,False,10.06,42,reorder_point,1.9,True,5.42,9.9,0.129
4251,FC_PAR2,IXD_PAR,1DC_AMS,SKU_0111,2024-12-15,232,forecast,12.1,False,125.51,143,reorder_point,2.2,False,77.36,5.7,0.541
4252,FC_PAR2,IXD_PAR,1DC_AMS,SKU_0104,2024-12-15,134,forecast,10.6,False,92.46,132,reorder_point,1.4,False,91.08,12.8,0.69
4253,FC_BER1,IXD_BER,1DC_MUC,SKU_0076,2024-12-15,154,forecast,11.4,False,137.37,137,reorder_point,2.7,False,122.2,7.7,0.892
4254,FC_BER1,IXD_BER,1DC_MUC,SKU_0068,2024-12-15,65,forecast,3.2,False,30.74,44,reorder_point,3.0,False,20.81,9.9,0.473
4255,FC_MUN1,IXD_MAD,1DC_MUC,SKU_0041,2024-12-15,219,forecast,6.4,False,209.14,142,reorder_point,2.0,False,135.61,11.2,0.955
4256,FC_MUN1,IXD_MAD,1DC_MUC,SKU_0186,2024-12-15,82,forecast,4.3,False,31.9,44,reorder_point,1.9,False,17.12,9.4,0.389
4257,FC_MUN1,IXD_MAD,1DC_MUC,SKU_0006,2024-12-15,152,forecast,13.8,False,153.22,126,reorder_point,1.2,False,127.01,9.1,1.008
4258,FC_MUN1,IXD_MAD,1DC_MUC,SKU_0226,2024-12-15,158,forecast,8.0,True,48.66,113,reorder_point,2.1,False,34.8,6.8,0.308
4259,FC_MUN1,IXD_MAD,1DC_MUC,SKU_0006,2024-12-15,196,forecast,10.6,False,186.2,141,reorder_point,0.7,False,133.95,8.9,0.95
4260,FC_MUN1,IXD_MAD,1DC_MUC,SKU_0083,2024-12-15,167,forecast,7.8,False,83.67,109,reorder_point,0.6,False,54.61,7.1,0.501
4261,FC_BCN1,IXD_BCN,1DC_BCN,SKU_0219,2024-12-16,22,forecast,9.1,False,13.79,11,reorder_point,1.5,False,6.9,6.8,0.627
4262,FC_BCN1,IXD_BCN,1DC_BCN,SKU_0051,2024-12-16,67,forecast,3.8,False,22.51,41,reorder_point,2.5,False,13.78,9.5,0.336
4263,FC_BCN1,IXD_BCN,1DC_BCN,SKU_0125,2024-12-16,67,forecast,13.5,False,54.94,48,reorder_point,2.5,False,39.36,6.7,0.82
4264,FC_BCN1,IXD_BCN,1DC_BCN,SKU_0034,2024-12-16,60,forecast,9.6,False,25.68,46,reorder_point,2.0,False,19.69,6.2,0.428
4265,FC_BCN1,IXD_BCN,1DC_BCN,SKU_0116,2024-12-16,194,forecast,4.3,False,156.17,138,reorder_point,1.3,False,111.09,9.6,0.805
4266,FC_BCN1,IXD_BCN,1DC_BCN,SKU_0227,2024-12-16,206,forecast,12.9,False,141.73,141,reorder_point,1.8,False,97.01,8.7,0.688
4267,FC_BCN1,IXD_BCN,1DC_BCN,SKU_0104,2024-12-16,193,forecast,13.5,False,135.87,121,reorder_point,1.7,False,85.18,5.1,0.704
4268,FC_BCN1,IXD_BCN,1DC_BCN,SKU_0150,2024-12-16,65,forecast,12.6,False,11.63,46,reorder_point,1.6,False,8.23,8.0,0.179
4269,FC_BCN2,IXD_BCN,1DC_BCN,SKU_0032,2024-12-16,190,forecast,5.6,False,74.29,134,reorder_point,2.7,False,52.39,9.9,0.391
4270,FC_BCN2,IXD_BCN,1DC_BCN,SKU_0120,2024-12-16,60,forecast,8.0,False,34.8,45,reorder_point,1.2,False,26.1,9.0,0.58
4271,FC_BCN2,IXD_BCN,1DC_BCN,SKU_0106,2024-12-16,52,forecast,9.6,False,56.16,51,reorder_point,0.9,False,55.08,10.1,1.08
4272,FC_BCN2,IXD_BCN,1DC_BCN,SKU_0224,2024-12-16,198,forecast,9.7,False,53.06,121,reorder_point,0.5,False,32.43,7.4,0.268
4273,FC_MAD1,IXD_MAD,1DC_MAD,SKU_0241,2024-12-16,22,forecast,5.5,False,16.43,14,reorder_point,2.0,False,10.46,10.4,0.747
4274,FC_MAD1,IXD_MAD,1DC_MAD,SKU_0137,2024-12-16,69,forecast,8.0,False,52.03,46,reorder_point,0.6,False,34.68,7.2,0.754
4275,FC_MAD1,IXD_MAD,1DC_MAD,SKU_0160,2024-12-16,15,forecast,11.8,False,16.5,14,reorder_point,1.5,False,15.4,10.7,1.1
4276,FC_MAD1,IXD_MAD,1DC_MAD,SKU_0123,2024-12-16,206,forecast,6.3,False,119.27,122,reorder_point,1.1,False,70.64,5.0,0.579
4277,FC_MAD1,IXD_MAD,1DC_MAD,SKU_0124,2024-12-16,52,forecast,7.4,False,17.26,50,reorder_point,2.3,False,16.6,6.9,0.332
4278,FC_MAD1,IXD_MAD,1DC_MAD,SKU_0058,2024-12-16,21,forecast,7.3,False,17.72,11,reorder_point,0.5,False,9.28,9.5,0.844
4279,FC_MAD2,IXD_MAD,1DC_MAD,SKU_0034,2024-12-16,61,forecast,12.0,False,40.69,44,reorder_point,2.0,False,29.35,6.3,0.667
4280,FC_MAD2,IXD_MAD,1DC_MAD,SKU_0116,2024-12-16,135,forecast,6.4,False,48.2,117,reorder_point,2.9,False,41.77,11.0,0.357
4281,FC_MAD2,IXD_MAD,1DC_MAD,SKU_0145,2024-12-16,75,forecast,6.2,False,13.2,49,reorder_point,1.5,False,8.62,8.1,0.176
4282,FC_MAD2,IXD_MAD,1DC_MAD,SKU_0046,2024-12-16,22,forecast,9.8,False,2.73,14,reorder_point,0.9,True,1.74,8.4,0.124
4283,FC_MAD2,IXD_MAD,1DC_MAD,SKU_0173,2024-12-16,19,forecast,12.1,False,13.66,13,reorder_point,1.3,False,9.35,7.2,0.719
4284,FC_PAR1,IXD_PAR,1DC_MUC,SKU_0010,2024-12-16,87,forecast,9.6,False,78.82,43,reorder_point,2.5,False,38.96,10.2,0.906
4285,FC_PAR1,IXD_PAR,1DC_MUC,SKU_0004,2024-12-16,87,forecast,12.8,False,48.89,44,reorder_point,1.6,False,24.73,8.2,0.562
4286,FC_PAR2,IXD_PAR,1DC_MUC,SKU_0250,2024-12-16,22,forecast,10.2,False,14.76,12,reorder_point,2.8,False,8.05,11.7,0.671
4287,FC_PAR2,IXD_PAR,1DC_MUC,SKU_0218,2024-12-16,57,forecast,5.7,False,37.11,44,reorder_point,2.8,False,28.64,8.8,0.651
4288,FC_PAR2,IXD_PAR,1DC_MUC,SKU_0066,2024-12-16,81,forecast,7.9,False,84.64,41,reorder_point,2.7,False,42.84,8.3,1.045
4289,FC_PAR2,IXD_PAR,1DC_MUC,SKU_0227,2024-12-16,194,forecast,12.1,False,78.96,121,reorder_point,2.3,False,49.25,9.2,0.407
4290,FC_PAR2,IXD_PAR,1DC_MUC,SKU_0163,2024-12-16,75,forecast,12.7,False,69.45,43,reorder_point,1.0,False,39.82,8.6,0.926
4291,FC_BER1,IXD_BER,1DC_BCN,SKU_0163,2024-12-16,89,forecast,7.1,False,28.48,45,reorder_point,1.6,False,14.4,9.8,0.32
4292,FC_BER1,IXD_BER,1DC_BCN,SKU_0195,2024-12-16,71,forecast,11.1,False,10.79,49,reorder_point,1.6,False,7.45,5.6,0.152
4293,FC_BER1,IXD_BER,1DC_BCN,SKU_0224,2024-12-16,197,forecast,12.0,False,61.07,114,reorder_point,3.0,False,35.34,9.6,0.31
4294,FC_BER1,IXD_BER,1DC_BCN,SKU_0086,2024-12-16,23,forecast,6.7,False,24.47,11,reorder_point,1.0,False,11.7,9.5,1.064
4295,FC_MUN1,IXD_BER,1DC_BCN,SKU_0137,2024-12-16,76,forecast,7.7,False,80.33,40,reorder_point,2.2,False,42.28,9.2,1.057
4296,FC_MUN1,IXD_BER,1DC_BCN,SKU_0130,2024-12-16,60,forecast,10.8,False,52.5,51,reorder_point,1.1,False,44.62,7.3,0.875
4297,FC_MUN1,IXD_BER,1DC_BCN,SKU_0119,2024-12-16,204,forecast,9.8,False,157.08,134,reorder_point,0.5,False,103.18,3.9,0.77
4298,FC_MUN1,IXD_BER,1DC_BCN,SKU_0014,2024-12-16,80,forecast,10.4,False,12.72,44,reorder_point,2.3,False,7.0,7.4,0.159
4299,FC_MUN1,IXD_BER,1DC_BCN,SKU_0158,2024-12-16,13,forecast,9.9,False,9.61,11,reorder_point,2.9,False,8.13,8.8,0.739
4300,FC_MUN1,IXD_BER,1DC_BCN,SKU_0040,2024-12-16,167,forecast,11.7,False,178.02,119,reorder_point,1.2,False,126.85,6.5,1.066
4301,FC_MUN1,IXD_BER,1DC_BCN,SKU_0153,2024-12-16,216,forecast,6.0,False,235.44,112,reorder_point,0.5,False,122.08,8.2,1.09
4302,FC_MUN1,IXD_BER,1DC_BCN,SKU_0200,2024-12-16,230,forecast,11.3,False,151.8,120,reorder_point,2.8,False,79.2,7.9,0.66
4303,FC_BCN1,IXD_BCN,1DC_BCN,SKU_0004,2024-12-17,85,forecast,6.8,False,26.27,40,reorder_point,0.6,False,12.36,6.5,0.309
4304,FC_BCN1,IXD_BCN,1DC_BCN,SKU_0048,2024-12-17,212,forecast,4.7,False,171.51,108,reorder_point,1.3,False,87.37,6.2,0.809
4305,FC_BCN1,IXD_BCN,1DC_BCN,SKU_0181,2024-12-17,169,forecast,13.2,False,75.2,137,reorder_point,2.7,False,60.97,6.7,0.445
4306,FC_BCN2,IXD_BCN,1DC_BCN,SKU_0140,2024-12-17,20,forecast,12.2,False,6.16,12,reorder_point,2.0,False,3.7,8.5,0.308
4307,FC_BCN2,IXD_BCN,1DC_BCN,SKU_0008,2024-12-17,72,forecast,6.9,False,63.72,47,reorder_point,1.4,False,41.59,4.7,0.885
4308,FC_BCN2,IXD_BCN,1DC_BCN,SKU_0136,2024-12-17,87,forecast,3.2,False,53.07,45,reorder_point,1.0,False,27.45,10.0,0.61
4309,FC_BCN2,IXD_BCN,1DC_BCN,SKU_0155,2024-12-17,67,forecast,5.2,False,64.12,41,reorder_point,2.0,False,39.24,6.8,0.957
4310,FC_BCN2,IXD_BCN,1DC_BCN,SKU_0175,2024-12-17,188,forecast,7.4,False,73.7,132,reorder_point,0.5,False,51.74,10.5,0.392
4311,FC_MAD1,IXD_MAD,1DC_MAD,SKU_0108,2024-12-17,55,forecast,6.5,False,34.87,49,reorder_point,0.5,False,31.07,9.0,0.634
4312,FC_MAD1,IXD_MAD,1DC_MAD,SKU_0164,2024-12-17,18,forecast,6.9,False,2.38,11,reorder_point,2.5,False,1.45,9.2,0.132
4313,FC_MAD1,IXD_MAD,1DC_MAD,SKU_0034,2024-12-17,50,forecast,6.8,False,49.35,52,reorder_point,0.6,False,51.32,11.6,0.987
4314,FC_MAD1,IXD_MAD,1DC_MAD,SKU_0074,2024-12-17,15,forecast,3.2,False,8.92,11,reorder_point,1.8,False,6.54,6.1,0.595
4315,FC_MAD1,IXD_MAD,1DC_MAD,SKU_0158,2024-12-17,15,forecast,4.6,False,3.02,11,reorder_point,2.7,False,2.21,8.0,0.201
4316,FC_MAD1,IXD_MAD,1DC_MAD,SKU_0124,2024-12-17,52,forecast,9.0,False,44.56,49,reorder_point,0.8,False,41.99,7.3,0.857
4317,FC_MAD1,IXD_MAD,1DC_MAD,SKU_0194,2024-12-17,174,forecast,13.0,False,39.15,142,reorder_point,0.7,False,31.95,9.0,0.225
4318,FC_MAD1,IXD_MAD,1DC_MAD,SKU_0111,2024-12-17,140,forecast,10.0,False,152.74,122,reorder_point,1.6,False,133.1,7.2,1.091
4319,FC_MAD2,IXD_MAD,1DC_MAD,SKU_0178,2024-12-17,19,forecast,6.8,False,20.03,12,reorder_point,0.8,False,12.65,9.8,1.054
4320,FC_MAD2,IXD_MAD,1DC_MAD,SKU_0231,2024-12-17,22,forecast,11.3,True,21.25,10,reorder_point,2.3,False,9.66,8.7,0.966
4321,FC_MAD2,IXD_MAD,1DC_MAD,SKU_0057,2024-12-17,56,forecast,6.6,False,27.05,53,reorder_point,0.6,False,25.6,7.6,0.483
4322,FC_MAD2,IXD_MAD,1DC_MAD,SKU_0097,2024-12-17,20,forecast,5.9,False,13.12,12,reorder_point,0.6,False,7.87,11.6,0.656
4323,FC_MAD2,IXD_MAD,1DC_MAD,SKU_0170,2024-12-17,157,forecast,7.4,False,90.12,112,reorder_point,3.0,False,64.29,8.2,0.574
4324,FC_PAR1,IXD_PAR,1DC_MAD,SKU_0013,2024-12-17,81,forecast,3.7,False,51.19,49,reorder_point,1.7,False,30.97,3.3,0.632
4325,FC_PAR1,IXD_PAR,1DC_MAD,SKU_0159,2024-12-17,56,forecast,5.8,False,31.98,41,reorder_point,1.6,False,23.41,11.1,0.571
4326,FC_PAR1,IXD_PAR,1DC_MAD,SKU_0208,2024-12-17,23,forecast,8.9,True,10.23,11,reorder_point,0.7,False,4.9,8.9,0.445
4327,FC_PAR1,IXD_PAR,1DC_MAD,SKU_0101,2024-12-17,16,forecast,10.0,False,1.94,13,reorder_point,1.8,False,1.57,8.6,0.121
4328,FC_PAR1,IXD_PAR,1DC_MAD,SKU_0058,2024-12-17,21,forecast,5.5,False,17.39,13,reorder_point,1.3,False,10.76,6.5,0.828
4329,FC_PAR2,IXD_PAR,1DC_CDG,SKU_0126,2024-12-17,232,forecast,13.7,False,73.54,108,reorder_point,2.0,False,34.24,6.0,0.317
4330,FC_PAR2,IXD_PAR,1DC_CDG,SKU_0212,2024-12-17,233,forecast,8.8,False,33.32,138,reorder_point,1.3,False,19.73,6.2,0.143
4331,FC_PAR2,IXD_PAR,1DC_CDG,SKU_0002,2024-12-17,61,forecast,12.2,False,34.34,52,reorder_point,0.6,False,29.28,8.1,0.563
4332,FC_PAR2,IXD_PAR,1DC_CDG,SKU_0009,2024-12-17,13,forecast,4.7,False,3.93,12,reorder_point,1.3,False,3.62,8.4,0.302
4333,FC_PAR2,IXD_PAR,1DC_CDG,SKU_0182,2024-12-17,80,forecast,7.8,False,45.68,50,reorder_point,2.9,False,28.55,9.0,0.571
4334,FC_PAR2,IXD_PAR,1DC_CDG,SKU_0210,2024-12-17,55,forecast,13.8,False,10.45,43,reorder_point,2.5,False,8.17,9.1,0.19
4335,FC_PAR2,IXD_PAR,1DC_CDG,SKU_0206,2024-12-17,23,forecast,13.8,False,19.53,13,reorder_point,2.7,False,11.04,11.1,0.849
4336,FC_PAR2,IXD_PAR,1DC_CDG,SKU_0067,2024-12-17,71,forecast,13.7,False,43.74,53,reorder_point,0.5,False,32.65,6.8,0.616
4337,FC_BER1,IXD_BER,1DC_AMS,SKU_0021,2024-12-17,53,forecast,11.5,False,49.24,44,reorder_point,2.3,False,40.88,7.2,0.929
4338,FC_BER1,IXD_BER,1DC_AMS,SKU_0119,2024-12-17,231,forecast,4.4,False,23.33,124,reorder_point,2.3,False,12.52,9.4,0.101
4339,FC_BER1,IXD_BER,1DC_AMS,SKU_0136,2024-12-17,85,forecast,13.6,False,19.46,52,reorder_point,3.0,False,11.91,12.4,0.229
4340,FC_BER1,IXD_BER,1DC_AMS,SKU_0086,2024-12-17,14,forecast,7.6,False,12.11,13,reorder_point,0.8,True,11.24,7.9,0.865
4341,FC_BER1,IXD_BER,1DC_AMS,SKU_0240,2024-12-17,17,forecast,7.5,False,5.7,11,reorder_point,3.0,False,3.69,10.1,0.335
4342,FC_BER1,IXD_BER,1DC_AMS,SKU_0224,2024-12-17,197,forecast,6.4,False,56.34,120,reorder_point,2.1,False,34.32,9.7,0.286
4343,FC_BER1,IXD_BER,1DC_AMS,SKU_0045,2024-12-17,166,forecast,7.9,False,53.29,128,reorder_point,1.9,False,41.09,7.8,0.321
4344,FC_MUN1,IXD_PAR,1DC_MAD,SKU_0161,2024-12-17,229,forecast,3.4,False,192.36,143,reorder_point,2.1,False,120.12,5.3,0.84
4345,FC_MUN1,IXD_PAR,1DC_MAD,SKU_0008,2024-12-17,53,forecast,10.4,True,48.28,48,reorder_point,2.3,False,43.73,7.1,0.911
4346,FC_MUN1,IXD_PAR,1DC_MAD,SKU_0090,2024-12-17,75,forecast,11.4,False,24.23,53,reorder_point,2.3,False,17.12,5.6,0.323
4347,FC_MUN1,IXD_PAR,1DC_MAD,SKU_0058,2024-12-17,13,forecast,6.4,False,13.84,11,reorder_point,2.3,False,11.71,8.0,1.065
4348,FC_MUN1,IXD_PAR,1DC_MAD,SKU_0156,2024-12-17,89,forecast,6.8,False,77.79,52,reorder_point,1.1,False,45.45,6.9,0.874
4349,FC_BCN1,IXD_BCN,1DC_BCN,SKU_0101,2024-12-18,14,forecast,11.3,False,11.69,12,reorder_point,2.9,False,10.02,9.6,0.835
4350,FC_BCN1,IXD_BCN,1DC_BCN,SKU_0131,2024-12-18,53,forecast,10.9,False,15.53,45,reorder_point,2.2,False,13.18,8.6,0.293
4351,FC_BCN2,IXD_BCN,1DC_BCN,SKU_0137,2024-12-18,51,forecast,13.4,False,21.52,43,reorder_point,2.8,False,18.15,6.8,0.422
4352,FC_BCN2,IXD_BCN,1DC_BCN,SKU_0136,2024-12-18,51,forecast,14.0,False,52.07,46,reorder_point,2.1,False,46.97,7.7,1.021
4353,FC_BCN2,IXD_BCN,1DC_BCN,SKU_0073,2024-12-18,69,forecast,6.2,False,58.3,41,reorder_point,1.6,False,34.64,10.4,0.845
4354,FC_BCN2,IXD_BCN,1DC_BCN,SKU_0062,2024-12-18,50,forecast,7.5,False,31.4,42,reorder_point,2.1,False,26.38,9.7,0.628
4355,FC_BCN2,IXD_BCN,1DC_BCN,SKU_0187,2024-12-18,61,forecast,8.3,False,40.26,53,reorder_point,0.9,False,34.98,10.6,0.66
4356,FC_BCN2,IXD_BCN,1DC_BCN,SKU_0151,2024-12-18,51,forecast,6.4,False,51.31,51,reorder_point,1.4,False,51.31,10.1,1.006
4357,FC_MAD1,IXD_MAD,1DC_MAD,SKU_0027,2024-12-18,22,forecast,5.1,False,11.04,11,reorder_point,2.4,False,5.52,10.0,0.502
4358,FC_MAD1,IXD_MAD,1DC_MAD,SKU_0069,2024-12-18,49,forecast,11.8,False,53.26,53,reorder_point,2.4,False,57.61,7.6,1.087
4359,FC_MAD1,IXD_MAD,1DC_MAD,SKU_0109,2024-12-18,63,forecast,5.0,False,13.54,44,reorder_point,2.6,False,9.46,9.8,0.215
4360,FC_MAD2,IXD_MAD,1DC_MAD,SKU_0046,2024-12-18,13,forecast,7.1,False,8.49,11,reorder_point,2.2,False,7.18,4.4,0.653
4361,FC_MAD2,IXD_MAD,1DC_MAD,SKU_0084,2024-12-18,60,forecast,8.0,False,46.98,51,reorder_point,0.5,True,39.93,9.2,0.783
4362,FC_MAD2,IXD_MAD,1DC_MAD,SKU_0182,2024-12-18,70,forecast,3.5,False,22.82,44,reorder_point,1.6,False,14.34,6.7,0.326
4363,FC_MAD2,IXD_MAD,1DC_MAD,SKU_0171,2024-12-18,158,forecast,5.0,False,116.45,125,reorder_point,2.4,False,92.12,6.7,0.737
4364,FC_MAD2,IXD_MAD,1DC_MAD,SKU_0224,2024-12-18,216,forecast,13.1,False,137.59,118,reorder_point,2.9,False,75.17,7.1,0.637
4365,FC_MAD2,IXD_MAD,1DC_MAD,SKU_0100,2024-12-18,84,forecast,10.3,False,42.59,51,reorder_point,1.3,False,25.86,8.0,0.507
4366,FC_PAR1,IXD_PAR,1DC_CDG,SKU_0027,2024-12-18,20,forecast,9.4,False,19.28,13,reorder_point,1.2,False,12.53,6.9,0.964
4367,FC_PAR1,IXD_PAR,1DC_CDG,SKU_0146,2024-12-18,201,forecast,10.5,True,124.62,114,reorder_point,1.9,False,70.68,8.8,0.62
4368,FC_PAR2,IXD_PAR,1DC_CDG,SKU_0230,2024-12-18,78,forecast,10.4,False,46.02,46,reorder_point,0.8,False,27.14,11.7,0.59
4369,FC_PAR2,IXD_PAR,1DC_CDG,SKU_0027,2024-12-18,23,forecast,7.2,False,12.67,12,reorder_point,2.6,False,6.61,8.9,0.551
4370,FC_PAR2,IXD_PAR,1DC_CDG,SKU_0070,2024-12-18,69,forecast,13.0,False,61.62,52,reorder_point,0.5,False,46.44,7.8,0.893
4371,FC_PAR2,IXD_PAR,1DC_CDG,SKU_0249,2024-12-18,85,forecast,8.9,False,61.03,42,reorder_point,2.1,False,30.16,8.4,0.718
4372,FC_PAR2,IXD_PAR,1DC_CDG,SKU_0100,2024-12-18,62,forecast,11.2,True,26.16,49,reorder_point,1.1,False,20.68,9.3,0.422
4373,FC_PAR2,IXD_PAR,1DC_CDG,SKU_0211,2024-12-18,66,forecast,6.5,False,34.32,42,reorder_point,0.5,False,21.84,6.8,0.52
4374,FC_BER1,IXD_BER,1DC_AMS,SKU_0004,2024-12-18,71,forecast,7.0,False,46.29,49,reorder_point,0.8,False,31.95,8.0,0.652
4375,FC_BER1,IXD_BER,1DC_AMS,SKU_0004,2024-12-18,49,forecast,5.7,True,40.96,53,reorder_point,1.6,False,44.31,12.0,0.836
4376,FC_MUN1,IXD_MAD,1DC_BCN,SKU_0233,2024-12-18,21,forecast,5.1,False,18.14,11,reorder_point,2.6,False,9.5,7.9,0.864
4377,FC_MUN1,IXD_MAD,1DC_BCN,SKU_0147,2024-12-18,211,forecast,13.3,False,77.86,133,reorder_point,1.7,False,49.08,7.8,0.369
4378,FC_BCN1,IXD_BCN,1DC_BCN,SKU_0218,2024-12-19,89,forecast,3.7,False,69.33,48,reorder_point,1.6,False,37.39,9.1,0.779
4379,FC_BCN1,IXD_BCN,1DC_BCN,SKU_0033,2024-12-19,18,forecast,4.5,False,11.86,13,reorder_point,2.2,False,8.57,9.0,0.659
4380,FC_BCN1,IXD_BCN,1DC_BCN,SKU_0056,2024-12-19,62,forecast,11.5,False,40.86,48,reorder_point,2.3,False,31.63,7.6,0.659
4381,FC_BCN1,IXD_BCN,1DC_BCN,SKU_0198,2024-12-19,228,forecast,12.0,False,198.59,131,reorder_point,2.0,False,114.1,10.6,0.871
4382,FC_BCN2,IXD_BCN,1DC_BCN,SKU_0059,2024-12-19,233,forecast,7.0,False,231.14,126,reorder_point,1.6,False,124.99,9.8,0.992
4383,FC_BCN2,IXD_BCN,1DC_BCN,SKU_0167,2024-12-19,58,forecast,7.4,False,26.1,47,reorder_point,2.0,False,21.15,10.6,0.45
4384,FC_BCN2,IXD_BCN,1DC_BCN,SKU_0246,2024-12-19,230,forecast,8.4,False,85.56,133,reorder_point,0.9,False,49.48,9.7,0.372
4385,FC_BCN2,IXD_BCN,1DC_BCN,SKU_0150,2024-12-19,73,forecast,11.3,False,48.62,52,reorder_point,2.6,False,34.63,7.9,0.666
4386,FC_BCN2,IXD_BCN,1DC_BCN,SKU_0161,2024-12-19,203,forecast,10.2,False,168.69,129,reorder_point,2.8,False,107.2,10.3,0.831
4387,FC_BCN2,IXD_BCN,1DC_BCN,SKU_0025,2024-12-19,161,forecast,12.4,False,42.18,110,reorder_point,0.7,False,28.82,10.5,0.262
4388,FC_BCN2,IXD_BCN,1DC_BCN,SKU_0072,2024-12-19,63,forecast,8.7,False,9.07,47,reorder_point,2.0,False,6.77,8.0,0.144
4389,FC_MAD1,IXD_MAD,1DC_MAD,SKU_0045,2024-12-19,177,forecast,9.1,False,133.99,142,reorder_point,1.4,False,107.49,12.2,0.757
4390,FC_MAD1,IXD_MAD,1DC_MAD,SKU_0006,2024-12-19,221,forecast,9.1,False,221.66,120,reorder_point,2.5,False,120.36,9.0,1.003
4391,FC_MAD1,IXD_MAD,1DC_MAD,SKU_0074,2024-12-19,22,forecast,13.6,False,9.46,14,reorder_point,1.6,False,6.02,7.1,0.43
4392,FC_MAD1,IXD_MAD,1DC_MAD,SKU_0210,2024-12-19,86,forecast,11.4,False,31.73,46,reorder_point,0.6,False,16.97,6.4,0.369
4393,FC_MAD1,IXD_MAD,1DC_MAD,SKU_0210,2024-12-19,73,forecast,3.1,False,27.23,49,reorder_point,1.9,False,18.28,9.4,0.373
4394,FC_MAD1,IXD_MAD,1DC_MAD,SKU_0048,2024-12-19,163,forecast,10.1,False,174.9,136,reorder_point,2.2,True,145.93,11.9,1.073
4395,FC_MAD1,IXD_MAD,1DC_MAD,SKU_0089,2024-12-19,144,forecast,10.6,False,103.82,131,reorder_point,2.8,False,94.45,8.3,0.721
4396,FC_MAD1,IXD_MAD,1DC_MAD,SKU_0093,2024-12-19,21,forecast,8.2,False,8.17,11,reorder_point,1.2,False,4.28,10.4,0.389
4397,FC_MAD2,IXD_MAD,1DC_MAD,SKU_0063,2024-12-19,88,forecast,13.5,False,63.18,47,reorder_point,1.3,False,33.75,8.1,0.718
4398,FC_MAD2,IXD_MAD,1DC_MAD,SKU_0220,2024-12-19,216,forecast,3.6,False,87.91,137,reorder_point,1.1,False,55.76,8.4,0.407
4399,FC_MAD2,IXD_MAD,1DC_MAD,SKU_0198,2024-12-19,204,forecast,8.6,False,179.72,140,reorder_point,0.8,False,123.34,8.7,0.881
4400,FC_MAD2,IXD_MAD,1DC_MAD,SKU_0145,2024-12-19,68,forecast,6.8,False,59.5,53,reorder_point,2.6,False,46.38,8.8,0.875
4401,FC_MAD2,IXD_MAD,1DC_MAD,SKU_0193,2024-12-19,57,forecast,8.5,False,29.3,45,reorder_point,1.6,False,23.13,7.6,0.514
4402,FC_PAR1,IXD_PAR,1DC_CDG,SKU_0225,2024-12-19,71,forecast,3.3,False,40.97,50,reorder_point,1.2,False,28.85,9.8,0.577
4403,FC_PAR1,IXD_PAR,1DC_CDG,SKU_0043,2024-12-19,20,forecast,6.4,False,10.1,12,reorder_point,1.1,False,6.06,9.3,0.505
4404,FC_PAR1,IXD_PAR,1DC_CDG,SKU_0068,2024-12-19,63,forecast,5.7,False,46.3,48,reorder_point,1.4,False,35.28,10.0,0.735
4405,FC_PAR1,IXD_PAR,1DC_CDG,SKU_0250,2024-12-19,18,forecast,6.2,True,8.75,13,reorder_point,2.2,False,6.32,11.1,0.486
4406,FC_PAR1,IXD_PAR,1DC_CDG,SKU_0196,2024-12-19,153,forecast,3.4,False,31.21,120,reorder_point,0.8,False,24.48,9.1,0.204
4407,FC_PAR2,IXD_PAR,1DC_AMS,SKU_0031,2024-12-19,57,forecast,10.1,False,35.57,45,reorder_point,2.0,False,28.08,8.3,0.624
4408,FC_PAR2,IXD_PAR,1DC_AMS,SKU_0027,2024-12-19,20,forecast,5.7,False,11.2,11,reorder_point,0.7,False,6.16,9.6,0.56
4409,FC_PAR2,IXD_PAR,1DC_AMS,SKU_0247,2024-12-19,228,forecast,10.9,False,90.06,108,reorder_point,0.8,False,42.66,5.6,0.395
4410,FC_PAR2,IXD_PAR,1DC_AMS,SKU_0210,2024-12-19,57,forecast,3.6,False,24.62,48,reorder_point,0.5,False,20.74,9.6,0.432
4411,FC_PAR2,IXD_PAR,1DC_AMS,SKU_0040,2024-12-19,179,forecast,13.9,False,131.74,122,reorder_point,2.4,False,89.79,9.7,0.736
4412,FC_PAR2,IXD_PAR,1DC_AMS,SKU_0199,2024-12-19,68,forecast,10.7,False,33.39,48,reorder_point,2.3,False,23.57,8.5,0.491
4413,FC_PAR2,IXD_PAR,1DC_AMS,SKU_0189,2024-12-19,53,forecast,13.1,False,33.92,51,reorder_point,1.5,False,32.64,7.4,0.64
4414,FC_BER1,IXD_BER,1DC_BCN,SKU_0203,2024-12-19,74,forecast,10.0,False,61.86,41,reorder_point,2.2,False,34.28,11.0,0.836
4415,FC_BER1,IXD_BER,1DC_BCN,SKU_0164,2024-12-19,21,forecast,12.5,False,8.38,11,reorder_point,3.0,True,4.39,7.0,0.399
4416,FC_MUN1,IXD_MAD,1DC_MUC,SKU_0238,2024-12-19,164,forecast,6.7,False,69.04,135,reorder_point,2.9,False,56.84,11.7,0.421
4417,FC_MUN1,IXD_MAD,1DC_MUC,SKU_0145,2024-12-19,84,forecast,4.0,False,17.56,47,reorder_point,1.1,False,9.82,8.7,0.209
4418,FC_MUN1,IXD_MAD,1DC_MUC,SKU_0134,2024-12-19,77,forecast,5.7,False,64.99,44,reorder_point,0.9,False,37.14,12.1,0.844
4419,FC_MUN1,IXD_MAD,1DC_MUC,SKU_0067,2024-12-19,62,forecast,10.9,False,25.98,51,reorder_point,2.2,False,21.37,8.5,0.419
4420,FC_MUN1,IXD_MAD,1DC_MUC,SKU_0128,2024-12-19,14,forecast,4.1,False,4.31,11,reorder_point,2.2,False,3.39,7.0,0.308
4421,FC_MUN1,IXD_MAD,1DC_MUC,SKU_0027,2024-12-19,23,forecast,6.1,False,12.99,13,reorder_point,1.0,False,7.34,9.6,0.565
4422,FC_MUN1,IXD_MAD,1DC_MUC,SKU_0163,2024-12-19,86,forecast,3.4,False,62.87,41,reorder_point,2.9,True,29.97,8.9,0.731
4423,FC_MUN1,IXD_MAD,1DC_MUC,SKU_0125,2024-12-19,65,forecast,12.1,False,55.05,43,reorder_point,2.2,True,36.42,5.7,0.847
4424,FC_BCN1,IXD_BCN,1DC_BCN,SKU_0063,2024-12-20,78,forecast,7.4,True,59.59,45,reorder_point,0.9,False,34.38,4.7,0.764
4425,FC_BCN1,IXD_BCN,1DC_BCN,SKU_0127,2024-12-20,13,forecast,4.9,False,4.26,12,reorder_point,2.3,False,3.94,6.5,0.328
4426,FC_BCN1,IXD_BCN,1DC_BCN,SKU_0090,2024-12-20,84,forecast,4.0,False,12.1,43,reorder_point,1.5,False,6.19,4.4,0.144
4427,FC_BCN2,IXD_BCN,1DC_BCN,SKU_0191,2024-12-20,217,forecast,6.4,False,94.18,121,reorder_point,2.1,False,52.51,10.9,0.434
4428,FC_BCN2,IXD_BCN,1DC_BCN,SKU_0168,2024-12-20,68,forecast,12.6,False,61.4,52,reorder_point,2.8,False,46.96,3.5,0.903
4429,FC_BCN2,IXD_BCN,1DC_BCN,SKU_0230,2024-12-20,59,forecast,11.4,False,37.23,53,reorder_point,3.0,False,33.44,10.2,0.631
4430,FC_BCN2,IXD_BCN,1DC_BCN,SKU_0155,2024-12-20,54,forecast,7.0,False,46.01,43,reorder_point,0.6,False,36.64,8.5,0.852
4431,FC_BCN2,IXD_BCN,1DC_BCN,SKU_0108,2024-12-20,72,forecast,12.9,False,49.68,43,reorder_point,1.3,False,29.67,6.7,0.69
4432,FC_BCN2,IXD_BCN,1DC_BCN,SKU_0017,2024-12-20,18,forecast,4.7,False,11.34,11,reorder_point,1.9,False,6.93,9.7,0.63
4433,FC_BCN2,IXD_BCN,1DC_BCN,SKU_0100,2024-12-20,72,forecast,3.5,False,72.5,50,reorder_point,1.7,False,50.35,10.1,1.007
4434,FC_MAD1,IXD_MAD,1DC_MAD,SKU_0118,2024-12-20,74,forecast,11.1,False,8.14,49,reorder_point,0.5,False,5.39,5.4,0.11
4435,FC_MAD1,IXD_MAD,1DC_MAD,SKU_0065,2024-12-20,67,forecast,13.0,True,59.09,46,reorder_point,1.3,False,40.57,7.7,0.882
4436,FC_MAD2,IXD_MAD,1DC_MAD,SKU_0153,2024-12-20,214,forecast,10.0,False,207.15,131,reorder_point,1.3,False,126.81,6.9,0.968
4437,FC_MAD2,IXD_MAD,1DC_MAD,SKU_0128,2024-12-20,22,forecast,11.2,False,10.98,11,reorder_point,0.9,False,5.49,8.5,0.499
4438,FC_MAD2,IXD_MAD,1DC_MAD,SKU_0177,2024-12-20,13,forecast,4.2,True,2.61,12,reorder_point,1.9,False,2.41,8.8,0.201
4439,FC_MAD2,IXD_MAD,1DC_MAD,SKU_0218,2024-12-20,59,forecast,11.3,False,14.57,41,reorder_point,2.2,False,10.13,11.4,0.247
4440,FC_MAD2,IXD_MAD,1DC_MAD,SKU_0013,2024-12-20,89,forecast,4.7,False,45.48,42,reorder_point,0.9,False,21.46,4.3,0.511
4441,FC_MAD2,IXD_MAD,1DC_MAD,SKU_0220,2024-12-20,230,forecast,11.4,False,83.03,133,reorder_point,0.8,False,48.01,8.0,0.361
4442,FC_PAR1,IXD_PAR,1DC_MUC,SKU_0044,2024-12-20,61,forecast,3.2,False,12.02,42,reorder_point,2.3,True,8.27,9.4,0.197
4443,FC_PAR1,IXD_PAR,1DC_MUC,SKU_0034,2024-12-20,67,forecast,13.3,False,62.71,49,reorder_point,0.9,False,45.86,7.2,0.936
4444,FC_PAR1,IXD_PAR,1DC_MUC,SKU_0146,2024-12-20,142,forecast,13.3,False,30.81,135,reorder_point,2.0,False,29.29,10.7,0.217
4445,FC_PAR2,IXD_PAR,1DC_AMS,SKU_0048,2024-12-20,195,forecast,12.8,False,124.22,117,reorder_point,2.3,False,74.53,7.6,0.637
4446,FC_PAR2,IXD_PAR,1DC_AMS,SKU_0248,2024-12-20,85,forecast,9.6,False,85.42,48,reorder_point,1.4,False,48.24,12.3,1.005
4447,FC_PAR2,IXD_PAR,1DC_AMS,SKU_0001,2024-12-20,191,forecast,3.0,False,111.73,129,reorder_point,1.5,False,75.46,8.5,0.585
4448,FC_PAR2,IXD_PAR,1DC_AMS,SKU_0049,2024-12-20,86,forecast,10.9,False,50.74,46,reorder_point,2.3,False,27.14,9.1,0.59
4449,FC_PAR2,IXD_PAR,1DC_AMS,SKU_0239,2024-12-20,23,forecast,5.2,False,12.65,11,reorder_point,1.3,False,6.05,6.6,0.55
4450,FC_BER1,IXD_BER,1DC_AMS,SKU_0140,2024-12-20,21,forecast,5.0,False,5.59,14,reorder_point,0.9,False,3.72,7.9,0.266
4451,FC_BER1,IXD_BER,1DC_AMS,SKU_0041,2024-12-20,149,forecast,13.9,False,153.17,138,reorder_point,1.0,False,141.86,10.3,1.028
4452,FC_BER1,IXD_BER,1DC_AMS,SKU_0046,2024-12-20,20,forecast,5.4,False,17.42,10,reorder_point,0.9,False,8.71,9.6,0.871
4453,FC_MUN1,IXD_PAR,1DC_MAD,SKU_0176,2024-12-20,53,forecast,6.1,True,24.91,44,reorder_point,2.8,False,20.68,9.9,0.47
4454,FC_MUN1,IXD_PAR,1DC_MAD,SKU_0114,2024-12-20,20,forecast,8.7,False,19.48,12,reorder_point,1.9,False,11.69,8.4,0.974
4455,FC_MUN1,IXD_PAR,1DC_MAD,SKU_0165,2024-12-20,16,forecast,6.1,False,3.41,13,reorder_point,2.0,False,2.77,7.3,0.213
4456,FC_MUN1,IXD_PAR,1DC_MAD,SKU_0237,2024-12-20,15,forecast,6.8,False,12.24,13,reorder_point,2.8,False,10.61,6.9,0.816
4457,FC_MUN1,IXD_PAR,1DC_MAD,SKU_0115,2024-12-20,70,forecast,13.4,False,60.34,48,reorder_point,2.3,False,41.38,7.2,0.862
4458,FC_MUN1,IXD_PAR,1DC_MAD,SKU_0149,2024-12-20,75,forecast,5.9,False,81.83,45,reorder_point,1.4,False,49.09,7.5,1.091
4459,FC_MUN1,IXD_PAR,1DC_MAD,SKU_0089,2024-12-20,219,forecast,8.2,False,213.31,134,reorder_point,2.2,True,130.52,6.2,0.974
4460,FC_BCN1,IXD_BCN,1DC_BCN,SKU_0143,2024-12-21,17,forecast,11.9,False,13.92,11,reorder_point,2.2,False,9.01,8.8,0.819
4461,FC_BCN1,IXD_BCN,1DC_BCN,SKU_0193,2024-12-21,63,forecast,11.2,False,41.33,47,reorder_point,2.3,False,30.83,7.2,0.656
4462,FC_BCN2,IXD_BCN,1DC_BCN,SKU_0098,2024-12-21,72,forecast,10.3,False,60.91,51,reorder_point,2.7,False,43.15,9.7,0.846
4463,FC_BCN2,IXD_BCN,1DC_BCN,SKU_0086,2024-12-21,22,forecast,10.5,False,18.61,13,reorder_point,2.2,False,11.0,6.2,0.846
4464,FC_BCN2,IXD_BCN,1DC_BCN,SKU_0016,2024-12-21,85,forecast,12.6,False,20.66,46,reorder_point,2.1,False,11.18,6.2,0.243
4465,FC_BCN2,IXD_BCN,1DC_BCN,SKU_0169,2024-12-21,66,forecast,7.6,False,27.26,40,reorder_point,2.1,False,16.52,8.4,0.413
4466,FC_BCN2,IXD_BCN,1DC_BCN,SKU_0103,2024-12-21,61,forecast,3.4,False,52.83,51,reorder_point,0.9,False,44.17,9.1,0.866
4467,FC_BCN2,IXD_BCN,1DC_BCN,SKU_0195,2024-12-21,57,forecast,10.9,True,9.52,44,reorder_point,2.6,False,7.35,9.7,0.167
4468,FC_BCN2,IXD_BCN,1DC_BCN,SKU_0057,2024-12-21,61,forecast,3.6,False,35.26,52,reorder_point,2.4,False,30.06,9.9,0.578
4469,FC_BCN2,IXD_BCN,1DC_BCN,SKU_0089,2024-12-21,148,forecast,12.3,False,93.68,136,reorder_point,0.6,False,86.09,6.6,0.633
4470,FC_MAD1,IXD_MAD,1DC_MAD,SKU_0234,2024-12-21,13,forecast,13.1,False,14.14,11,reorder_point,2.9,False,11.97,4.7,1.088
4471,FC_MAD1,IXD_MAD,1DC_MAD,SKU_0042,2024-12-21,23,forecast,4.8,False,12.37,12,reorder_point,2.0,False,6.46,7.9,0.538
4472,FC_MAD1,IXD_MAD,1DC_MAD,SKU_0161,2024-12-21,204,forecast,6.2,False,115.67,122,reorder_point,2.8,False,69.17,8.3,0.567
4473,FC_MAD1,IXD_MAD,1DC_MAD,SKU_0169,2024-12-21,79,forecast,8.1,True,84.53,41,reorder_point,0.7,True,43.87,13.2,1.07
4474,FC_MAD1,IXD_MAD,1DC_MAD,SKU_0135,2024-12-21,21,forecast,7.1,False,12.79,11,reorder_point,0.8,False,6.7,13.8,0.609
4475,FC_MAD1,IXD_MAD,1DC_MAD,SKU_0079,2024-12-21,20,forecast,10.2,True,10.78,11,reorder_point,0.7,False,5.93,11.3,0.539
4476,FC_MAD1,IXD_MAD,1DC_MAD,SKU_0179,2024-12-21,15,forecast,3.8,False,5.75,11,reorder_point,1.9,False,4.21,7.9,0.383
4477,FC_MAD2,IXD_MAD,1DC_MAD,SKU_0054,2024-12-21,50,forecast,13.5,False,18.7,52,reorder_point,0.7,False,19.45,5.9,0.374
4478,FC_MAD2,IXD_MAD,1DC_MAD,SKU_0248,2024-12-21,57,forecast,3.3,False,35.45,51,reorder_point,1.0,False,31.72,9.2,0.622
4479,FC_MAD2,IXD_MAD,1DC_MAD,SKU_0117,2024-12-21,19,forecast,3.4,False,6.93,13,reorder_point,1.6,False,4.75,7.6,0.365
4480,FC_MAD2,IXD_MAD,1DC_MAD,SKU_0059,2024-12-21,169,forecast,3.8,False,174.24,128,reorder_point,0.8,False,131.97,7.4,1.031
4481,FC_MAD2,IXD_MAD,1DC_MAD,SKU_0122,2024-12-21,51,forecast,4.7,False,51.36,43,reorder_point,1.5,False,43.3,8.0,1.007
4482,FC_MAD2,IXD_MAD,1DC_MAD,SKU_0112,2024-12-21,15,forecast,11.0,False,5.45,11,reorder_point,2.4,False,3.99,9.3,0.363
4483,FC_PAR1,IXD_PAR,1DC_MAD,SKU_0027,2024-12-21,20,forecast,7.6,False,6.3,13,reorder_point,2.9,False,4.09,9.1,0.315
4484,FC_PAR1,IXD_PAR,1DC_MAD,SKU_0218,2024-12-21,77,forecast,8.5,False,32.49,41,reorder_point,0.9,False,17.3,10.0,0.422
4485,FC_PAR1,IXD_PAR,1DC_MAD,SKU_0009,2024-12-21,19,forecast,13.9,False,16.93,13,reorder_point,0.9,False,11.58,6.7,0.891
4486,FC_PAR1,IXD_PAR,1DC_MAD,SKU_0190,2024-12-21,74,forecast,10.4,False,10.29,50,reorder_point,1.1,False,6.95,7.9,0.139
4487,FC_PAR1,IXD_PAR,1DC_MAD,SKU_0173,2024-12-21,13,forecast,13.2,False,13.57,13,reorder_point,1.1,False,13.57,12.1,1.044
4488,FC_PAR2,IXD_PAR,1DC_CDG,SKU_0016,2024-12-21,50,forecast,9.5,False,27.6,42,reorder_point,2.6,False,23.18,4.8,0.552
4489,FC_PAR2,IXD_PAR,1DC_CDG,SKU_0182,2024-12-21,53,forecast,11.7,False,21.52,49,reorder_point,2.5,False,19.89,5.0,0.406
4490,FC_PAR2,IXD_PAR,1DC_CDG,SKU_0020,2024-12-21,168,forecast,9.5,False,49.06,130,reorder_point,2.5,False,37.96,8.0,0.292
4491,FC_PAR2,IXD_PAR,1DC_CDG,SKU_0182,2024-12-21,62,forecast,3.5,False,43.09,44,reorder_point,0.9,False,30.58,10.3,0.695
4492,FC_PAR2,IXD_PAR,1DC_CDG,SKU_0101,2024-12-21,22,forecast,12.8,False,19.05,13,reorder_point,0.6,False,11.26,7.8,0.866
4493,FC_PAR2,IXD_PAR,1DC_CDG,SKU_0145,2024-12-21,75,forecast,4.5,False,53.85,42,reorder_point,1.2,True,30.16,6.7,0.718
4494,FC_PAR2,IXD_PAR,1DC_CDG,SKU_0060,2024-12-21,203,forecast,8.0,False,47.7,108,reorder_point,0.5,False,25.38,9.4,0.235
4495,FC_PAR2,IXD_PAR,1DC_CDG,SKU_0246,2024-12-21,137,forecast,9.7,False,26.99,120,reorder_point,2.3,False,23.64,9.1,0.197
4496,FC_BER1,IXD_BER,1DC_CDG,SKU_0148,2024-12-21,15,forecast,9.2,False,7.3,13,reorder_point,1.5,False,6.33,11.4,0.487
4497,FC_BER1,IXD_BER,1DC_CDG,SKU_0042,2024-12-21,13,forecast,7.9,False,9.67,11,reorder_point,2.5,False,8.18,9.2,0.744
4498,FC_BER1,IXD_BER,1DC_CDG,SKU_0224,2024-12-21,175,forecast,12.7,False,36.75,139,reorder_point,2.9,False,29.19,9.2,0.21
4499,FC_BER1,IXD_BER,1DC_CDG,SKU_0023,2024-12-21,83,forecast,3.2,False,86.82,49,reorder_point,2.1,False,51.25,9.6,1.046
4500,FC_BER1,IXD_BER,1DC_CDG,SKU_0123,2024-12-21,174,forecast,8.3,False,157.3,108,reorder_point,1.8,False,97.63,10.9,0.904
4501,FC_MUN1,IXD_MAD,1DC_MUC,SKU_0166,2024-12-21,236,forecast,3.5,False,28.32,122,reorder_point,3.0,False,14.64,8.9,0.12
4502,FC_MUN1,IXD_MAD,1DC_MUC,SKU_0166,2024-12-21,134,forecast,3.4,False,19.16,109,reorder_point,2.0,False,15.59,6.9,0.143
4503,FC_MUN1,IXD_MAD,1DC_MUC,SKU_0161,2024-12-21,199,forecast,7.0,False,197.21,129,reorder_point,1.8,True,127.84,13.1,0.991
4504,FC_MUN1,IXD_MAD,1DC_MUC,SKU_0238,2024-12-21,163,forecast,11.8,False,58.84,134,reorder_point,2.4,False,48.37,8.0,0.361
4505,FC_MUN1,IXD_MAD,1DC_MUC,SKU_0107,2024-12-21,52,forecast,3.5,True,25.95,42,reorder_point,2.1,False,20.96,8.1,0.499
4506,FC_MUN1,IXD_MAD,1DC_MUC,SKU_0149,2024-12-21,54,forecast,9.9,False,16.74,52,reorder_point,1.3,False,16.12,8.2,0.31
4507,FC_BCN1,IXD_BCN,1DC_BCN,SKU_0134,2024-12-22,60,forecast,3.2,False,64.44,53,reorder_point,1.6,False,56.92,9.9,1.074
4508,FC_BCN1,IXD_BCN,1DC_BCN,SKU_0197,2024-12-22,183,forecast,7.8,False,69.36,142,reorder_point,3.0,False,53.82,6.1,0.379
4509,FC_BCN1,IXD_BCN,1DC_BCN,SKU_0212,2024-12-22,185,forecast,10.1,False,42.92,139,reorder_point,1.3,False,32.25,6.9,0.232
4510,FC_BCN1,IXD_BCN,1DC_BCN,SKU_0046,2024-12-22,19,forecast,3.6,False,19.89,13,reorder_point,1.5,False,13.61,6.4,1.047
4511,FC_BCN1,IXD_BCN,1DC_BCN,SKU_0016,2024-12-22,58,forecast,8.5,False,50.58,46,reorder_point,1.4,False,40.11,11.9,0.872
4512,FC_BCN2,IXD_BCN,1DC_BCN,SKU_0242,2024-12-22,140,forecast,6.5,False,97.72,133,reorder_point,2.9,False,92.83,7.4,0.698
4513,FC_BCN2,IXD_BCN,1DC_BCN,SKU_0035,2024-12-22,185,forecast,8.7,False,34.97,124,reorder_point,0.6,False,23.44,10.6,0.189
4514,FC_BCN2,IXD_BCN,1DC_BCN,SKU_0001,2024-12-22,144,forecast,5.7,False,51.41,139,reorder_point,1.8,False,49.62,8.8,0.357
4515,FC_BCN2,IXD_BCN,1DC_BCN,SKU_0025,2024-12-22,219,forecast,7.5,False,196.44,130,reorder_point,1.9,False,116.61,7.9,0.897
4516,FC_MAD1,IXD_MAD,1DC_MAD,SKU_0227,2024-12-22,175,forecast,3.9,True,122.32,139,reorder_point,1.2,False,97.16,6.4,0.699
4517,FC_MAD1,IXD_MAD,1DC_MAD,SKU_0072,2024-12-22,58,forecast,9.5,False,13.05,50,reorder_point,2.7,False,11.25,6.1,0.225
4518,FC_MAD2,IXD_MAD,1DC_MAD,SKU_0120,2024-12-22,77,forecast,12.7,False,68.68,41,reorder_point,1.4,False,36.57,9.5,0.892
4519,FC_MAD2,IXD_MAD,1DC_MAD,SKU_0243,2024-12-22,51,forecast,11.0,True,21.98,51,reorder_point,1.8,False,21.98,9.0,0.431
4520,FC_MAD2,IXD_MAD,1DC_MAD,SKU_0037,2024-12-22,86,forecast,10.8,False,30.1,45,reorder_point,1.8,False,15.75,6.9,0.35
4521,FC_PAR1,IXD_PAR,1DC_MUC,SKU_0230,2024-12-22,58,forecast,5.1,False,16.01,53,reorder_point,1.4,False,14.63,10.7,0.276
4522,FC_PAR1,IXD_PAR,1DC_MUC,SKU_0139,2024-12-22,61,forecast,7.8,False,49.78,49,reorder_point,1.3,False,39.98,8.0,0.816
4523,FC_PAR1,IXD_PAR,1DC_MUC,SKU_0058,2024-12-22,20,forecast,11.5,False,8.58,12,reorder_point,2.1,True,5.15,9.1,0.429
4524,FC_PAR1,IXD_PAR,1DC_MUC,SKU_0087,2024-12-22,58,forecast,11.1,False,47.27,46,reorder_point,2.4,False,37.49,8.4,0.815
4525,FC_PAR1,IXD_PAR,1DC_MUC,SKU_0168,2024-12-22,59,forecast,10.8,True,26.08,42,reorder_point,2.8,False,18.56,4.3,0.442
4526,FC_PAR1,IXD_PAR,1DC_MUC,SKU_0217,2024-12-22,57,forecast,7.4,False,60.42,41,reorder_point,0.7,False,43.46,8.8,1.06
4527,FC_PAR2,IXD_PAR,1DC_MAD,SKU_0209,2024-12-22,66,forecast,7.4,True,34.78,47,reorder_point,2.0,False,24.77,12.8,0.527
4528,FC_PAR2,IXD_PAR,1DC_MAD,SKU_0082,2024-12-22,69,forecast,9.8,False,65.41,42,reorder_point,1.3,False,39.82,9.0,0.948
4529,FC_PAR2,IXD_PAR,1DC_MAD,SKU_0093,2024-12-22,19,forecast,11.3,False,15.62,13,reorder_point,1.1,False,10.69,11.1,0.822
4530,FC_PAR2,IXD_PAR,1DC_MAD,SKU_0161,2024-12-22,168,forecast,10.6,False,50.06,127,reorder_point,1.0,False,37.85,9.2,0.298
4531,FC_PAR2,IXD_PAR,1DC_MAD,SKU_0065,2024-12-22,64,forecast,13.4,False,70.14,50,reorder_point,1.8,False,54.8,7.9,1.096
4532,FC_PAR2,IXD_PAR,1DC_MAD,SKU_0036,2024-12-22,197,forecast,7.4,False,63.63,116,reorder_point,2.2,False,37.47,10.6,0.323
4533,FC_PAR2,IXD_PAR,1DC_MAD,SKU_0020,2024-12-22,169,forecast,13.3,True,66.08,108,reorder_point,2.7,False,42.23,8.9,0.391
4534,FC_PAR2,IXD_PAR,1DC_MAD,SKU_0135,2024-12-22,20,forecast,8.7,False,14.74,11,reorder_point,0.7,False,8.11,8.8,0.737
4535,FC_BER1,IXD_BER,1DC_BCN,SKU_0239,2024-12-22,23,forecast,11.9,True,19.64,12,reorder_point,0.9,False,10.25,8.4,0.854
4536,FC_BER1,IXD_BER,1DC_BCN,SKU_0131,2024-12-22,57,forecast,11.6,False,46.06,41,reorder_point,2.1,False,33.13,6.8,0.808
4537,FC_BER1,IXD_BER,1DC_BCN,SKU_0038,2024-12-22,227,forecast,3.3,False,210.2,119,reorder_point,1.8,False,110.19,9.5,0.926
4538,FC_MUN1,IXD_BCN,1DC_MAD,SKU_0131,2024-12-22,66,forecast,7.9,False,56.1,40,reorder_point,2.4,False,34.0,6.3,0.85
4539,FC_MUN1,IXD_BCN,1DC_MAD,SKU_0124,2024-12-22,81,forecast,12.4,False,25.68,51,reorder_point,2.3,False,16.17,7.0,0.317
4540,FC_MUN1,IXD_BCN,1DC_MAD,SKU_0100,2024-12-22,52,forecast,5.0,False,10.04,44,reorder_point,3.0,False,8.49,9.7,0.193
4541,FC_MUN1,IXD_BCN,1DC_MAD,SKU_0112,2024-12-22,21,forecast,4.6,False,16.61,12,reorder_point,0.7,False,9.49,10.8,0.791
4542,FC_MUN1,IXD_BCN,1DC_MAD,SKU_0246,2024-12-22,207,forecast,10.2,False,164.56,127,reorder_point,0.7,False,100.97,6.3,0.795
4543,FC_BCN1,IXD_BCN,1DC_BCN,SKU_0093,2024-12-23,21,forecast,8.2,True,7.46,12,reorder_point,1.2,False,4.26,10.6,0.355
4544,FC_BCN1,IXD_BCN,1DC_BCN,SKU_0023,2024-12-23,73,forecast,6.4,False,31.17,41,reorder_point,2.6,False,17.51,8.9,0.427
4545,FC_BCN1,IXD_BCN,1DC_BCN,SKU_0174,2024-12-23,18,forecast,5.2,False,6.28,11,reorder_point,2.0,False,3.84,9.4,0.349
4546,FC_BCN1,IXD_BCN,1DC_BCN,SKU_0207,2024-12-23,88,forecast,8.2,False,91.43,44,reorder_point,0.5,False,45.72,6.8,1.039
4547,FC_BCN1,IXD_BCN,1DC_BCN,SKU_0121,2024-12-23,80,forecast,6.1,False,70.56,43,reorder_point,1.2,False,37.93,8.9,0.882
4548,FC_BCN1,IXD_BCN,1DC_BCN,SKU_0108,2024-12-23,82,forecast,11.8,False,83.07,46,reorder_point,1.4,False,46.6,6.3,1.013
4549,FC_BCN1,IXD_BCN,1DC_BCN,SKU_0097,2024-12-23,18,forecast,7.3,False,12.31,13,reorder_point,1.4,False,8.89,11.6,0.684
4550,FC_BCN2,IXD_BCN,1DC_BCN,SKU_0194,2024-12-23,238,forecast,9.3,False,180.17,121,reorder_point,1.4,False,91.6,8.8,0.757
4551,FC_BCN2,IXD_BCN,1DC_BCN,SKU_0161,2024-12-23,233,forecast,5.0,True,116.03,128,reorder_point,1.6,False,63.74,10.1,0.498
4552,FC_BCN2,IXD_BCN,1DC_BCN,SKU_0130,2024-12-23,84,forecast,10.7,False,14.11,53,reorder_point,2.3,False,8.9,7.1,0.168
4553,FC_BCN2,IXD_BCN,1DC_BCN,SKU_0144,2024-12-23,210,forecast,8.2,False,134.4,139,reorder_point,0.9,False,88.96,8.3,0.64
4554,FC_BCN2,IXD_BCN,1DC_BCN,SKU_0232,2024-12-23,21,forecast,12.5,False,12.98,11,reorder_point,2.7,False,6.8,9.8,0.618
4555,FC_BCN2,IXD_BCN,1DC_BCN,SKU_0070,2024-12-23,75,forecast,10.1,False,25.5,40,reorder_point,2.6,False,13.6,6.5,0.34
4556,FC_MAD1,IXD_MAD,1DC_MAD,SKU_0080,2024-12-23,16,forecast,12.3,False,5.76,11,reorder_point,2.0,False,3.96,5.2,0.36
4557,FC_MAD1,IXD_MAD,1DC_MAD,SKU_0228,2024-12-23,71,forecast,3.1,False,46.72,47,reorder_point,1.5,False,30.93,6.5,0.658
4558,FC_MAD1,IXD_MAD,1DC_MAD,SKU_0160,2024-12-23,13,forecast,10.8,False,3.56,13,reorder_point,2.6,False,3.56,6.5,0.274
4559,FC_MAD1,IXD_MAD,1DC_MAD,SKU_0043,2024-12-23,16,forecast,11.9,False,7.06,12,reorder_point,1.9,False,5.29,8.9,0.441
4560,FC_MAD2,IXD_MAD,1DC_MAD,SKU_0032,2024-12-23,222,forecast,7.4,True,41.29,125,reorder_point,1.4,False,23.25,6.3,0.186
4561,FC_MAD2,IXD_MAD,1DC_MAD,SKU_0190,2024-12-23,70,forecast,8.4,True,15.19,40,reorder_point,2.1,False,8.68,11.0,0.217
4562,FC_MAD2,IXD_MAD,1DC_MAD,SKU_0109,2024-12-23,66,forecast,11.5,False,47.32,42,reorder_point,2.4,False,30.11,9.8,0.717
4563,FC_MAD2,IXD_MAD,1DC_MAD,SKU_0140,2024-12-23,18,forecast,9.3,False,5.04,12,reorder_point,2.8,False,3.36,8.3,0.28
4564,FC_MAD2,IXD_MAD,1DC_MAD,SKU_0119,2024-12-23,193,forecast,9.9,False,198.4,117,reorder_point,1.5,False,120.28,6.4,1.028
4565,FC_PAR1,IXD_PAR,1DC_AMS,SKU_0011,2024-12-23,89,forecast,8.0,False,21.45,46,reorder_point,2.1,False,11.09,6.7,0.241
4566,FC_PAR1,IXD_PAR,1DC_AMS,SKU_0117,2024-12-23,18,forecast,10.6,False,19.46,11,reorder_point,0.9,False,11.89,7.6,1.081
4567,FC_PAR1,IXD_PAR,1DC_AMS,SKU_0007,2024-12-23,21,forecast,5.1,False,12.14,11,reorder_point,1.6,False,6.36,7.8,0.578
4568,FC_PAR1,IXD_PAR,1DC_AMS,SKU_0224,2024-12-23,220,forecast,4.1,True,61.82,139,reorder_point,1.8,False,39.06,14.4,0.281
4569,FC_PAR1,IXD_PAR,1DC_AMS,SKU_0017,2024-12-23,19,forecast,12.1,False,10.56,12,reorder_point,2.5,False,6.67,8.1,0.556
4570,FC_PAR2,IXD_PAR,1DC_AMS,SKU_0156,2024-12-23,57,forecast,12.6,False,23.54,51,reorder_point,1.5,False,21.06,8.6,0.413
4571,FC_PAR2,IXD_PAR,1DC_AMS,SKU_0142,2024-12-23,57,forecast,7.4,False,45.26,45,reorder_point,3.0,False,35.73,9.8,0.794
4572,FC_PAR2,IXD_PAR,1DC_AMS,SKU_0189,2024-12-23,79,forecast,13.6,False,31.6,41,reorder_point,0.8,False,16.4,8.2,0.4
4573,FC_PAR2,IXD_PAR,1DC_AMS,SKU_0104,2024-12-23,180,forecast,11.5,False,154.26,118,reorder_point,2.0,False,101.13,10.3,0.857
4574,FC_PAR2,IXD_PAR,1DC_AMS,SKU_0121,2024-12-23,51,forecast,4.0,False,11.53,40,reorder_point,1.6,False,9.04,6.0,0.226
4575,FC_PAR2,IXD_PAR,1DC_AMS,SKU_0142,2024-12-23,57,forecast,3.5,False,16.7,51,reorder_point,1.0,False,14.94,5.5,0.293
4576,FC_PAR2,IXD_PAR,1DC_AMS,SKU_0102,2024-12-23,22,forecast,9.8,False,11.75,13,reorder_point,2.9,False,6.94,11.1,0.534
4577,FC_BER1,IXD_BER,1DC_AMS,SKU_0219,2024-12-23,22,forecast,13.8,False,23.21,11,reorder_point,1.9,False,11.6,10.3,1.055
4578,FC_BER1,IXD_BER,1DC_AMS,SKU_0193,2024-12-23,54,forecast,7.5,False,49.73,43,reorder_point,0.8,True,39.6,8.8,0.921
4579,FC_BER1,IXD_BER,1DC_AMS,SKU_0201,2024-12-23,50,forecast,4.5,False,46.5,44,reorder_point,2.0,False,40.92,8.5,0.93
4580,FC_BER1,IXD_BER,1DC_AMS,SKU_0069,2024-12-23,67,forecast,13.5,False,51.19,51,reorder_point,1.4,False,38.96,7.7,0.764
4581,FC_BER1,IXD_BER,1DC_AMS,SKU_0139,2024-12-23,85,forecast,3.7,False,26.86,43,reorder_point,1.7,False,13.59,12.0,0.316
4582,FC_BER1,IXD_BER,1DC_AMS,SKU_0039,2024-12-23,78,forecast,9.8,False,79.33,50,reorder_point,2.9,False,50.85,10.8,1.017
4583,FC_BER1,IXD_BER,1DC_AMS,SKU_0027,2024-12-23,17,forecast,3.0,False,8.94,13,reorder_point,2.9,False,6.84,10.4,0.526
4584,FC_MUN1,IXD_BER,1DC_MUC,SKU_0016,2024-12-23,78,forecast,13.7,False,74.49,53,reorder_point,0.6,False,50.61,7.7,0.955
4585,FC_MUN1,IXD_BER,1DC_MUC,SKU_0002,2024-12-23,84,forecast,6.6,False,18.4,44,reorder_point,1.6,True,9.64,9.5,0.219
4586,FC_MUN1,IXD_BER,1DC_MUC,SKU_0223,2024-12-23,86,forecast,5.3,False,24.6,40,reorder_point,1.4,False,11.44,5.6,0.286
4587,FC_MUN1,IXD_BER,1DC_MUC,SKU_0189,2024-12-23,85,forecast,4.3,False,57.63,44,reorder_point,1.3,False,29.83,7.1,0.678
4588,FC_MUN1,IXD_BER,1DC_MUC,SKU_0195,2024-12-23,77,forecast,9.5,False,55.59,48,reorder_point,2.6,False,34.66,6.4,0.722
4589,FC_MUN1,IXD_BER,1DC_MUC,SKU_0169,2024-12-23,51,forecast,12.5,False,6.02,44,reorder_point,1.7,False,5.19,10.7,0.118
4590,FC_MUN1,IXD_BER,1DC_MUC,SKU_0216,2024-12-23,82,forecast,13.8,False,54.94,49,reorder_point,2.5,True,32.83,7.8,0.67
4591,FC_MUN1,IXD_BER,1DC_MUC,SKU_0007,2024-12-23,22,forecast,13.9,False,6.97,12,reorder_point,0.8,False,3.8,11.1,0.317
4592,FC_BCN1,IXD_BCN,1DC_BCN,SKU_0107,2024-12-24,50,forecast,7.2,False,37.75,44,reorder_point,2.1,False,33.22,6.4,0.755
4593,FC_BCN1,IXD_BCN,1DC_BCN,SKU_0230,2024-12-24,74,forecast,5.3,True,66.9,51,reorder_point,1.5,False,46.1,7.4,0.904
4594,FC_BCN1,IXD_BCN,1DC_BCN,SKU_0250,2024-12-24,21,forecast,6.9,False,21.57,13,reorder_point,2.9,False,13.35,9.7,1.027
4595,FC_BCN1,IXD_BCN,1DC_BCN,SKU_0174,2024-12-24,23,forecast,9.2,False,9.2,12,reorder_point,2.9,False,4.8,5.0,0.4
4596,FC_BCN1,IXD_BCN,1DC_BCN,SKU_0153,2024-12-24,185,forecast,5.9,False,201.84,139,reorder_point,1.3,False,151.65,7.6,1.091
4597,FC_BCN1,IXD_BCN,1DC_BCN,SKU_0175,2024-12-24,175,forecast,11.1,False,156.28,118,reorder_point,2.6,False,105.37,7.2,0.893
4598,FC_BCN1,IXD_BCN,1DC_BCN,SKU_0245,2024-12-24,81,forecast,4.1,False,58.89,48,reorder_point,1.4,False,34.9,7.0,0.727
4599,FC_BCN2,IXD_BCN,1DC_BCN,SKU_0132,2024-12-24,75,forecast,9.4,False,81.3,51,reorder_point,1.5,False,55.28,12.1,1.084
4600,FC_BCN2,IXD_BCN,1DC_BCN,SKU_0040,2024-12-24,139,forecast,8.6,False,135.53,132,reorder_point,2.6,False,128.7,9.1,0.975
4601,FC_BCN2,IXD_BCN,1DC_BCN,SKU_0011,2024-12-24,60,forecast,14.0,False,41.22,42,reorder_point,0.5,False,28.85,5.9,0.687
4602,FC_MAD1,IXD_MAD,1DC_MAD,SKU_0084,2024-12-24,80,forecast,11.7,False,65.2,44,reorder_point,1.8,False,35.86,8.3,0.815
4603,FC_MAD1,IXD_MAD,1DC_MAD,SKU_0246,2024-12-24,190,forecast,5.1,True,169.1,124,reorder_point,1.0,False,110.36,13.0,0.89
4604,FC_MAD1,IXD_MAD,1DC_MAD,SKU_0105,2024-12-24,193,forecast,10.6,False,107.89,115,reorder_point,0.7,False,64.29,10.0,0.559
4605,FC_MAD2,IXD_MAD,1DC_MAD,SKU_0020,2024-12-24,218,forecast,5.8,True,183.99,129,reorder_point,2.2,False,108.88,8.3,0.844
4606,FC_MAD2,IXD_MAD,1DC_MAD,SKU_0142,2024-12-24,53,forecast,10.8,False,56.6,41,reorder_point,2.7,True,43.79,10.1,1.068
4607,FC_MAD2,IXD_MAD,1DC_MAD,SKU_0132,2024-12-24,82,forecast,6.3,False,49.69,50,reorder_point,2.4,False,30.3,7.4,0.606
4608,FC_MAD2,IXD_MAD,1DC_MAD,SKU_0027,2024-12-24,13,forecast,11.0,False,10.4,11,reorder_point,1.3,False,8.8,6.1,0.8
4609,FC_MAD2,IXD_MAD,1DC_MAD,SKU_0099,2024-12-24,14,forecast,12.3,False,12.32,11,reorder_point,0.8,False,9.68,11.5,0.88
4610,FC_MAD2,IXD_MAD,1DC_MAD,SKU_0145,2024-12-24,71,forecast,3.7,False,30.74,41,reorder_point,1.0,False,17.75,7.8,0.433
4611,FC_PAR1,IXD_PAR,1DC_MUC,SKU_0028,2024-12-24,185,forecast,7.7,False,25.53,139,reorder_point,1.3,False,19.18,10.1,0.138
4612,FC_PAR1,IXD_PAR,1DC_MUC,SKU_0104,2024-12-24,212,forecast,13.2,False,103.46,132,reorder_point,2.5,False,64.42,11.0,0.488
4613,FC_PAR1,IXD_PAR,1DC_MUC,SKU_0202,2024-12-24,176,forecast,10.9,False,142.56,111,reorder_point,2.3,False,89.91,9.2,0.81
4614,FC_PAR1,IXD_PAR,1DC_MUC,SKU_0057,2024-12-24,89,forecast,3.3,False,64.61,48,reorder_point,1.5,False,34.85,8.5,0.726
4615,FC_PAR2,IXD_PAR,1DC_AMS,SKU_0119,2024-12-24,229,forecast,5.1,False,78.09,131,reorder_point,3.0,False,44.67,7.7,0.341
4616,FC_PAR2,IXD_PAR,1DC_AMS,SKU_0073,2024-12-24,65,forecast,4.9,False,48.3,40,reorder_point,1.7,False,29.72,8.5,0.743
4617,FC_PAR2,IXD_PAR,1DC_AMS,SKU_0081,2024-12-24,23,forecast,8.6,False,16.45,13,reorder_point,2.4,True,9.29,8.3,0.715
4618,FC_PAR2,IXD_PAR,1DC_AMS,SKU_0232,2024-12-24,23,forecast,13.7,False,5.8,13,reorder_point,1.6,False,3.28,6.8,0.252
4619,FC_PAR2,IXD_PAR,1DC_AMS,SKU_0244,2024-12-24,67,forecast,5.0,True,62.51,47,reorder_point,1.0,False,43.85,12.5,0.933
4620,FC_PAR2,IXD_PAR,1DC_AMS,SKU_0096,2024-12-24,194,forecast,13.1,False,164.51,134,reorder_point,2.8,False,113.63,6.5,0.848
4621,FC_PAR2,IXD_PAR,1DC_AMS,SKU_0192,2024-12-24,84,forecast,7.1,False,44.02,47,reorder_point,2.0,False,24.63,8.8,0.524
4622,FC_BER1,IXD_BER,1DC_BCN,SKU_0082,2024-12-24,55,forecast,4.1,False,31.9,47,reorder_point,0.9,False,27.26,7.4,0.58
4623,FC_BER1,IXD_BER,1DC_BCN,SKU_0165,2024-12-24,20,forecast,9.2,True,5.44,11,reorder_point,2.7,False,2.99,7.3,0.272
4624,FC_BER1,IXD_BER,1DC_BCN,SKU_0081,2024-12-24,21,forecast,10.2,False,19.76,11,reorder_point,0.6,False,10.35,6.9,0.941
4625,FC_BER1,IXD_BER,1DC_BCN,SKU_0133,2024-12-24,80,forecast,13.9,False,12.88,44,reorder_point,2.9,False,7.08,9.6,0.161
4626,FC_BER1,IXD_BER,1DC_BCN,SKU_0016,2024-12-24,85,forecast,6.1,True,32.47,40,reorder_point,0.8,False,15.28,9.8,0.382
4627,FC_BER1,IXD_BER,1DC_BCN,SKU_0078,2024-12-24,22,forecast,5.0,False,10.36,12,reorder_point,1.7,False,5.65,6.4,0.471
4628,FC_BER1,IXD_BER,1DC_BCN,SKU_0170,2024-12-24,230,forecast,4.5,False,52.21,125,reorder_point,1.7,False,28.38,4.3,0.227
4629,FC_MUN1,IXD_BCN,1DC_CDG,SKU_0120,2024-12-24,65,forecast,13.3,False,50.18,48,reorder_point,2.9,False,37.06,7.9,0.772
4630,FC_MUN1,IXD_BCN,1DC_CDG,SKU_0112,2024-12-24,20,forecast,6.4,True,17.72,12,reorder_point,2.6,False,10.63,6.9,0.886
4631,FC_MUN1,IXD_BCN,1DC_CDG,SKU_0159,2024-12-24,74,forecast,8.0,False,40.18,50,reorder_point,1.0,False,27.15,4.2,0.543
4632,FC_MUN1,IXD_BCN,1DC_CDG,SKU_0234,2024-12-24,14,forecast,12.5,False,3.98,10,reorder_point,2.9,False,2.84,8.3,0.284
4633,FC_MUN1,IXD_BCN,1DC_CDG,SKU_0012,2024-12-24,53,forecast,4.6,False,55.97,51,reorder_point,2.5,False,53.86,8.4,1.056
4634,FC_MUN1,IXD_BCN,1DC_CDG,SKU_0095,2024-12-24,232,forecast,11.0,False,43.15,133,reorder_point,0.8,False,24.74,7.5,0.186
4635,FC_BCN1,IXD_BCN,1DC_BCN,SKU_0060,2024-12-25,154,forecast,7.5,False,62.68,110,reorder_point,3.0,False,44.77,6.6,0.407
4636,FC_BCN1,IXD_BCN,1DC_BCN,SKU_0079,2024-12-25,23,forecast,7.5,False,20.86,12,reorder_point,0.8,False,10.88,6.7,0.907
4637,FC_BCN1,IXD_BCN,1DC_BCN,SKU_0149,2024-12-25,62,forecast,3.7,False,18.41,45,reorder_point,1.9,False,13.37,8.5,0.297
4638,FC_BCN1,IXD_BCN,1DC_BCN,SKU_0031,2024-12-25,62,forecast,7.1,False,19.22,45,reorder_point,1.0,False,13.95,9.1,0.31
4639,FC_BCN2,IXD_BCN,1DC_BCN,SKU_0046,2024-12-25,21,forecast,6.3,False,11.47,12,reorder_point,3.0,False,6.55,8.3,0.546
4640,FC_BCN2,IXD_BCN,1DC_BCN,SKU_0208,2024-12-25,16,forecast,10.1,False,11.94,13,reorder_point,1.8,True,9.7,5.0,0.746
4641,FC_BCN2,IXD_BCN,1DC_BCN,SKU_0118,2024-12-25,74,forecast,3.7,False,61.64,51,reorder_point,1.8,False,42.48,8.4,0.833
4642,FC_BCN2,IXD_BCN,1DC_BCN,SKU_0212,2024-12-25,160,forecast,8.6,False,148.16,117,reorder_point,2.8,False,108.34,9.1,0.926
4643,FC_BCN2,IXD_BCN,1DC_BCN,SKU_0104,2024-12-25,174,forecast,13.5,False,108.58,127,reorder_point,1.5,False,79.25,7.6,0.624
4644,FC_BCN2,IXD_BCN,1DC_BCN,SKU_0105,2024-12-25,139,forecast,4.9,False,78.4,123,reorder_point,1.1,False,69.37,8.7,0.564
4645,FC_BCN2,IXD_BCN,1DC_BCN,SKU_0151,2024-12-25,66,forecast,13.7,False,48.44,45,reorder_point,0.8,False,33.03,8.0,0.734
4646,FC_BCN2,IXD_BCN,1DC_BCN,SKU_0027,2024-12-25,20,forecast,12.1,False,7.7,11,reorder_point,1.5,False,4.24,7.2,0.385
4647,FC_MAD1,IXD_MAD,1DC_MAD,SKU_0055,2024-12-25,21,forecast,6.1,False,17.3,13,reorder_point,1.4,False,10.71,5.4,0.824
4648,FC_MAD1,IXD_MAD,1DC_MAD,SKU_0154,2024-12-25,216,forecast,3.7,False,102.17,131,reorder_point,2.6,False,61.96,9.4,0.473
4649,FC_MAD1,IXD_MAD,1DC_MAD,SKU_0248,2024-12-25,58,forecast,13.9,True,26.16,43,reorder_point,2.4,False,19.39,9.1,0.451
4650,FC_MAD1,IXD_MAD,1DC_MAD,SKU_0045,2024-12-25,143,forecast,5.0,False,21.74,120,reorder_point,1.6,False,18.24,9.4,0.152
4651,FC_MAD1,IXD_MAD,1DC_MAD,SKU_0094,2024-12-25,63,forecast,10.1,False,33.45,44,reorder_point,2.6,False,23.36,8.0,0.531
4652,FC_MAD1,IXD_MAD,1DC_MAD,SKU_0040,2024-12-25,231,forecast,7.4,False,94.25,135,reorder_point,2.4,False,55.08,10.7,0.408
4653,FC_MAD1,IXD_MAD,1DC_MAD,SKU_0130,2024-12-25,79,forecast,11.6,True,11.22,42,reorder_point,1.2,True,5.96,7.9,0.142
4654,FC_MAD1,IXD_MAD,1DC_MAD,SKU_0042,2024-12-25,17,forecast,4.7,True,10.44,13,reorder_point,2.2,False,7.98,10.8,0.614
4655,FC_MAD2,IXD_MAD,1DC_MAD,SKU_0013,2024-12-25,74,forecast,8.0,False,61.79,42,reorder_point,0.6,False,35.07,13.4,0.835
4656,FC_MAD2,IXD_MAD,1DC_MAD,SKU_0088,2024-12-25,65,forecast,12.2,False,33.93,51,reorder_point,0.6,False,26.62,8.2,0.522
4657,FC_MAD2,IXD_MAD,1DC_MAD,SKU_0089,2024-12-25,136,forecast,12.8,False,48.01,130,reorder_point,2.2,False,45.89,7.3,0.353
4658,FC_MAD2,IXD_MAD,1DC_MAD,SKU_0172,2024-12-25,63,forecast,5.4,False,8.0,52,reorder_point,0.7,False,6.6,10.4,0.127
4659,FC_MAD2,IXD_MAD,1DC_MAD,SKU_0009,2024-12-25,21,forecast,10.5,True,10.75,12,reorder_point,1.7,False,6.14,7.2,0.512
4660,FC_PAR1,IXD_PAR,1DC_BCN,SKU_0025,2024-12-25,222,forecast,4.3,False,153.18,124,reorder_point,0.8,False,85.56,12.7,0.69
4661,FC_PAR1,IXD_PAR,1DC_BCN,SKU_0046,2024-12-25,22,forecast,7.5,False,21.98,12,reorder_point,1.1,False,11.99,8.0,0.999
4662,FC_PAR1,IXD_PAR,1DC_BCN,SKU_0046,2024-12-25,13,forecast,12.1,False,7.22,11,reorder_point,2.5,False,6.11,7.4,0.555
4663,FC_PAR2,IXD_PAR,1DC_BCN,SKU_0037,2024-12-25,72,forecast,5.8,False,74.3,48,reorder_point,1.3,False,49.54,9.1,1.032
4664,FC_PAR2,IXD_PAR,1DC_BCN,SKU_0043,2024-12-25,19,forecast,7.4,False,10.85,13,reorder_point,3.0,False,7.42,10.2,0.571
4665,FC_PAR2,IXD_PAR,1DC_BCN,SKU_0222,2024-12-25,70,forecast,13.5,False,52.71,50,reorder_point,1.8,False,37.65,9.6,0.753
4666,FC_BER1,IXD_BER,1DC_BCN,SKU_0240,2024-12-25,19,forecast,13.4,False,10.73,12,reorder_point,2.9,False,6.78,9.0,0.565
4667,FC_BER1,IXD_BER,1DC_BCN,SKU_0086,2024-12-25,13,forecast,6.2,False,9.22,10,reorder_point,2.1,False,7.09,8.3,0.709
4668,FC_BER1,IXD_BER,1DC_BCN,SKU_0141,2024-12-25,59,forecast,3.4,False,29.26,53,reorder_point,2.3,False,26.29,10.8,0.496
4669,FC_BER1,IXD_BER,1DC_BCN,SKU_0191,2024-12-25,171,forecast,9.9,False,168.95,129,reorder_point,1.0,False,127.45,7.6,0.988
4670,FC_BER1,IXD_BER,1DC_BCN,SKU_0077,2024-12-25,204,forecast,3.9,False,156.88,137,reorder_point,2.4,False,105.35,8.7,0.769
4671,FC_BER1,IXD_BER,1DC_BCN,SKU_0019,2024-12-25,51,forecast,13.6,False,43.25,49,reorder_point,2.1,False,41.55,8.4,0.848
4672,FC_BER1,IXD_BER,1DC_BCN,SKU_0194,2024-12-25,217,forecast,5.2,False,222.42,109,reorder_point,2.0,False,111.72,9.2,1.025
4673,FC_MUN1,IXD_BCN,1DC_CDG,SKU_0053,2024-12-25,166,forecast,11.6,False,61.25,116,reorder_point,1.6,False,42.8,8.5,0.369
4674,FC_MUN1,IXD_BCN,1DC_CDG,SKU_0084,2024-12-25,89,forecast,11.9,True,16.55,47,reorder_point,2.7,False,8.74,6.7,0.186
4675,FC_BCN1,IXD_BCN,1DC_BCN,SKU_0152,2024-12-26,50,forecast,7.5,False,43.05,50,reorder_point,0.9,False,43.05,6.5,0.861
4676,FC_BCN1,IXD_BCN,1DC_BCN,SKU_0020,2024-12-26,219,forecast,8.6,False,61.1,120,reorder_point,2.3,False,33.48,9.9,0.279
4677,FC_BCN1,IXD_BCN,1DC_BCN,SKU_0248,2024-12-26,73,forecast,7.5,False,25.33,42,reorder_point,0.9,False,14.57,5.3,0.347
4678,FC_BCN1,IXD_BCN,1DC_BCN,SKU_0066,2024-12-26,52,forecast,7.9,False,26.26,46,reorder_point,2.8,False,23.23,6.0,0.505
4679,FC_BCN1,IXD_BCN,1DC_BCN,SKU_0174,2024-12-26,18,forecast,4.8,False,17.59,14,reorder_point,1.4,False,13.68,10.6,0.977
4680,FC_BCN1,IXD_BCN,1DC_BCN,SKU_0112,2024-12-26,17,forecast,8.5,False,5.12,11,reorder_point,2.2,False,3.31,4.0,0.301
4681,FC_BCN2,IXD_BCN,1DC_BCN,SKU_0206,2024-12-26,15,forecast,8.6,False,9.33,13,reorder_point,1.4,False,8.09,9.2,0.622
4682,FC_BCN2,IXD_BCN,1DC_BCN,SKU_0098,2024-12-26,75,forecast,3.3,False,11.32,46,reorder_point,1.4,False,6.95,10.1,0.151
4683,FC_BCN2,IXD_BCN,1DC_BCN,SKU_0013,2024-12-26,57,forecast,4.6,False,55.52,40,reorder_point,1.0,False,38.96,9.1,0.974
4684,FC_BCN2,IXD_BCN,1DC_BCN,SKU_0159,2024-12-26,55,forecast,3.4,False,11.61,46,reorder_point,0.7,False,9.71,7.2,0.211
4685,FC_BCN2,IXD_BCN,1DC_BCN,SKU_0206,2024-12-26,18,forecast,7.9,False,14.83,13,reorder_point,1.1,False,10.71,9.6,0.824
4686,FC_BCN2,IXD_BCN,1DC_BCN,SKU_0129,2024-12-26,74,forecast,12.6,False,16.72,42,reorder_point,2.6,False,9.49,9.9,0.226
4687,FC_BCN2,IXD_BCN,1DC_BCN,SKU_0064,2024-12-26,21,forecast,11.4,False,16.36,13,reorder_point,2.7,False,10.13,9.5,0.779
4688,FC_BCN2,IXD_BCN,1DC_BCN,SKU_0045,2024-12-26,218,forecast,8.7,False,159.36,130,reorder_point,1.4,False,95.03,9.7,0.731
4689,FC_MAD1,IXD_MAD,1DC_MAD,SKU_0107,2024-12-26,86,forecast,10.3,True,31.22,51,reorder_point,2.5,True,18.51,5.7,0.363
4690,FC_MAD1,IXD_MAD,1DC_MAD,SKU_0160,2024-12-26,15,forecast,7.3,False,13.94,11,reorder_point,1.2,False,10.22,7.9,0.929
4691,FC_MAD1,IXD_MAD,1DC_MAD,SKU_0048,2024-12-26,184,forecast,9.6,False,52.44,125,reorder_point,2.5,False,35.62,8.0,0.285
4692,FC_MAD1,IXD_MAD,1DC_MAD,SKU_0038,2024-12-26,143,forecast,6.5,False,102.67,113,reorder_point,0.6,False,81.13,6.5,0.718
4693,FC_MAD1,IXD_MAD,1DC_MAD,SKU_0149,2024-12-26,57,forecast,12.6,False,52.16,52,reorder_point,1.1,False,47.58,8.0,0.915
4694,FC_MAD1,IXD_MAD,1DC_MAD,SKU_0200,2024-12-26,216,forecast,7.6,False,190.73,114,reorder_point,2.9,False,100.66,6.8,0.883
4695,FC_MAD1,IXD_MAD,1DC_MAD,SKU_0225,2024-12-26,53,forecast,5.2,False,50.03,51,reorder_point,0.5,False,48.14,7.4,0.944
4696,FC_MAD2,IXD_MAD,1DC_MAD,SKU_0148,2024-12-26,17,forecast,11.2,False,3.16,12,reorder_point,2.9,False,2.23,10.2,0.186
4697,FC_MAD2,IXD_MAD,1DC_MAD,SKU_0234,2024-12-26,22,forecast,10.2,False,11.0,11,reorder_point,1.9,False,5.5,9.7,0.5
4698,FC_MAD2,IXD_MAD,1DC_MAD,SKU_0238,2024-12-26,171,forecast,3.6,False,104.14,115,reorder_point,2.0,False,70.03,9.2,0.609
4699,FC_MAD2,IXD_MAD,1DC_MAD,SKU_0232,2024-12-26,21,forecast,13.7,False,17.89,13,reorder_point,1.6,False,11.08,7.0,0.852
4700,FC_MAD2,IXD_MAD,1DC_MAD,SKU_0020,2024-12-26,233,forecast,9.6,False,66.17,122,reorder_point,1.6,False,34.65,10.5,0.284
4701,FC_MAD2,IXD_MAD,1DC_MAD,SKU_0051,2024-12-26,64,forecast,13.8,False,49.09,48,reorder_point,2.5,False,36.82,9.3,0.767
4702,FC_MAD2,IXD_MAD,1DC_MAD,SKU_0189,2024-12-26,60,forecast,12.8,False,15.3,42,reorder_point,2.0,False,10.71,7.4,0.255
4703,FC_PAR1,IXD_PAR,1DC_BCN,SKU_0128,2024-12-26,18,forecast,11.4,False,19.21,11,reorder_point,1.0,False,11.74,9.1,1.067
4704,FC_PAR1,IXD_PAR,1DC_BCN,SKU_0028,2024-12-26,219,forecast,11.7,False,213.31,114,reorder_point,1.8,False,111.04,9.9,0.974
4705,FC_PAR2,IXD_PAR,1DC_MUC,SKU_0235,2024-12-26,58,forecast,7.9,False,48.08,44,reorder_point,0.6,False,36.48,10.5,0.829
4706,FC_PAR2,IXD_PAR,1DC_MUC,SKU_0084,2024-12-26,50,forecast,11.1,False,41.8,46,reorder_point,0.6,False,38.46,7.5,0.836
4707,FC_BER1,IXD_BER,1DC_CDG,SKU_0248,2024-12-26,58,forecast,10.2,False,10.32,53,reorder_point,2.3,False,9.43,10.3,0.178
4708,FC_BER1,IXD_BER,1DC_CDG,SKU_0173,2024-12-26,23,forecast,13.6,False,10.3,12,reorder_point,2.8,False,5.38,9.3,0.448
4709,FC_MUN1,IXD_BER,1DC_MAD,SKU_0092,2024-12-26,84,forecast,12.5,False,49.14,53,reorder_point,2.1,False,31.0,9.3,0.585
4710,FC_MUN1,IXD_BER,1DC_MAD,SKU_0106,2024-12-26,71,forecast,13.6,False,47.57,42,reorder_point,1.5,False,28.14,9.8,0.67
4711,FC_MUN1,IXD_BER,1DC_MAD,SKU_0166,2024-12-26,195,forecast,11.0,False,42.51,127,reorder_point,0.6,False,27.69,10.0,0.218
4712,FC_MUN1,IXD_BER,1DC_MAD,SKU_0143,2024-12-26,17,forecast,13.5,False,3.15,13,reorder_point,2.2,False,2.4,7.8,0.185
4713,FC_MUN1,IXD_BER,1DC_MAD,SKU_0191,2024-12-26,151,forecast,13.4,False,45.3,115,reorder_point,2.8,False,34.5,8.3,0.3
4714,FC_MUN1,IXD_BER,1DC_MAD,SKU_0236,2024-12-26,70,forecast,7.8,False,12.74,46,reorder_point,2.2,False,8.37,6.9,0.182
4715,FC_MUN1,IXD_BER,1DC_MAD,SKU_0026,2024-12-26,17,forecast,3.1,False,5.73,11,reorder_point,2.2,False,3.71,7.1,0.337
4716,FC_BCN1,IXD_BCN,1DC_BCN,SKU_0021,2024-12-27,54,forecast,10.7,False,57.4,46,reorder_point,2.4,False,48.9,6.1,1.063
4717,FC_BCN1,IXD_BCN,1DC_BCN,SKU_0206,2024-12-27,14,forecast,4.2,False,12.18,13,reorder_point,2.0,False,11.31,7.6,0.87
4718,FC_BCN1,IXD_BCN,1DC_BCN,SKU_0036,2024-12-27,238,forecast,7.7,False,64.26,138,reorder_point,1.2,False,37.26,7.0,0.27
4719,FC_BCN1,IXD_BCN,1DC_BCN,SKU_0051,2024-12-27,52,forecast,11.3,False,41.08,45,reorder_point,1.6,False,35.55,7.5,0.79
4720,FC_BCN1,IXD_BCN,1DC_BCN,SKU_0143,2024-12-27,17,forecast,5.8,False,15.66,10,reorder_point,2.4,False,9.21,7.3,0.921
4721,FC_BCN2,IXD_BCN,1DC_BCN,SKU_0094,2024-12-27,63,forecast,12.6,False,24.89,45,reorder_point,2.5,False,17.78,9.5,0.395
4722,FC_BCN2,IXD_BCN,1DC_BCN,SKU_0060,2024-12-27,190,forecast,11.1,False,179.55,109,reorder_point,2.0,False,103.0,6.9,0.945
4723,FC_BCN2,IXD_BCN,1DC_BCN,SKU_0123,2024-12-27,168,forecast,6.8,False,127.68,129,reorder_point,0.6,False,98.04,8.4,0.76
4724,FC_BCN2,IXD_BCN,1DC_BCN,SKU_0016,2024-12-27,74,forecast,7.3,False,31.23,50,reorder_point,1.0,False,21.1,10.2,0.422
4725,FC_BCN2,IXD_BCN,1DC_BCN,SKU_0130,2024-12-27,80,forecast,5.0,False,73.84,43,reorder_point,2.0,False,39.69,7.2,0.923
4726,FC_BCN2,IXD_BCN,1DC_BCN,SKU_0080,2024-12-27,15,forecast,6.9,False,10.59,13,reorder_point,2.0,False,9.18,8.6,0.706
4727,FC_BCN2,IXD_BCN,1DC_BCN,SKU_0226,2024-12-27,215,forecast,7.5,False,174.79,126,reorder_point,1.5,False,102.44,7.6,0.813
4728,FC_MAD1,IXD_MAD,1DC_MAD,SKU_0070,2024-12-27,58,forecast,10.6,False,32.54,45,reorder_point,1.8,False,25.25,8.0,0.561
4729,FC_MAD1,IXD_MAD,1DC_MAD,SKU_0030,2024-12-27,236,forecast,7.8,False,87.08,142,reorder_point,1.4,False,52.4,7.8,0.369
4730,FC_MAD1,IXD_MAD,1DC_MAD,SKU_0095,2024-12-27,219,forecast,7.7,False,154.83,130,reorder_point,1.8,False,91.91,9.5,0.707
4731,FC_MAD1,IXD_MAD,1DC_MAD,SKU_0138,2024-12-27,66,forecast,11.6,True,24.88,48,reorder_point,1.7,False,18.1,7.1,0.377
4732,FC_MAD1,IXD_MAD,1DC_MAD,SKU_0115,2024-12-27,73,forecast,10.7,False,48.62,44,reorder_point,1.0,False,29.3,10.9,0.666
4733,FC_MAD1,IXD_MAD,1DC_MAD,SKU_0031,2024-12-27,60,forecast,13.0,False,29.34,44,reorder_point,2.7,False,21.52,6.7,0.489
4734,FC_MAD1,IXD_MAD,1DC_MAD,SKU_0080,2024-12-27,23,forecast,9.1,False,20.19,12,reorder_point,0.6,True,10.54,7.5,0.878
4735,FC_MAD2,IXD_MAD,1DC_MAD,SKU_0191,2024-12-27,204,forecast,8.3,False,97.92,143,reorder_point,2.5,False,68.64,8.5,0.48
4736,FC_MAD2,IXD_MAD,1DC_MAD,SKU_0209,2024-12-27,81,forecast,5.5,False,73.87,51,reorder_point,2.1,False,46.51,10.5,0.912
4737,FC_MAD2,IXD_MAD,1DC_MAD,SKU_0126,2024-12-27,166,forecast,10.3,True,119.69,109,reorder_point,2.3,False,78.59,10.1,0.721
4738,FC_PAR1,IXD_PAR,1DC_CDG,SKU_0125,2024-12-27,56,forecast,11.8,False,7.95,53,reorder_point,1.5,False,7.53,4.9,0.142
4739,FC_PAR1,IXD_PAR,1DC_CDG,SKU_0031,2024-12-27,78,forecast,3.7,True,66.85,42,reorder_point,0.9,False,35.99,9.5,0.857
4740,FC_PAR2,IXD_PAR,1DC_BCN,SKU_0008,2024-12-27,49,forecast,9.4,False,17.49,41,reorder_point,2.3,False,14.64,9.7,0.357
4741,FC_PAR2,IXD_PAR,1DC_BCN,SKU_0173,2024-12-27,22,forecast,7.9,False,6.34,10,reorder_point,1.4,False,2.88,9.9,0.288
4742,FC_PAR2,IXD_PAR,1DC_BCN,SKU_0159,2024-12-27,50,forecast,9.7,False,23.85,45,reorder_point,2.3,False,21.46,10.0,0.477
4743,FC_PAR2,IXD_PAR,1DC_BCN,SKU_0140,2024-12-27,16,forecast,4.5,False,10.3,11,reorder_point,2.6,False,7.08,10.6,0.644
4744,FC_PAR2,IXD_PAR,1DC_BCN,SKU_0079,2024-12-27,22,forecast,12.5,False,14.54,12,reorder_point,0.6,False,7.93,7.0,0.661
4745,FC_PAR2,IXD_PAR,1DC_BCN,SKU_0203,2024-12-27,51,forecast,4.5,False,38.81,41,reorder_point,1.6,False,31.2,6.8,0.761
4746,FC_BER1,IXD_BER,1DC_CDG,SKU_0149,2024-12-27,51,forecast,7.0,False,11.17,43,reorder_point,3.0,False,9.42,5.8,0.219
4747,FC_BER1,IXD_BER,1DC_CDG,SKU_0125,2024-12-27,77,forecast,11.1,False,56.21,43,reorder_point,1.2,False,31.39,8.8,0.73
4748,FC_BER1,IXD_BER,1DC_CDG,SKU_0246,2024-12-27,213,forecast,12.2,False,229.19,111,reorder_point,2.3,False,119.44,11.5,1.076
4749,FC_BER1,IXD_BER,1DC_CDG,SKU_0161,2024-12-27,223,forecast,4.8,False,37.24,132,reorder_point,2.7,False,22.04,4.3,0.167
4750,FC_BER1,IXD_BER,1DC_CDG,SKU_0238,2024-12-27,172,forecast,13.9,False,21.84,112,reorder_point,0.7,False,14.22,6.6,0.127
4751,FC_BER1,IXD_BER,1DC_CDG,SKU_0206,2024-12-27,23,forecast,3.7,False,13.34,11,reorder_point,1.9,False,6.38,6.6,0.58
4752,FC_BER1,IXD_BER,1DC_CDG,SKU_0002,2024-12-27,80,forecast,4.5,False,27.2,51,reorder_point,1.6,False,17.34,9.9,0.34
4753,FC_BER1,IXD_BER,1DC_CDG,SKU_0092,2024-12-27,66,forecast,6.0,True,52.4,41,reorder_point,2.1,False,32.55,7.7,0.794
4754,FC_MUN1,IXD_BER,1DC_BCN,SKU_0145,2024-12-27,77,forecast,4.8,False,82.24,49,reorder_point,1.1,False,52.33,11.5,1.068
4755,FC_MUN1,IXD_BER,1DC_BCN,SKU_0037,2024-12-27,51,forecast,3.8,False,38.51,48,reorder_point,1.2,True,36.24,11.0,0.755
4756,FC_MUN1,IXD_BER,1DC_BCN,SKU_0160,2024-12-27,20,forecast,11.4,False,6.72,14,reorder_point,2.0,False,4.7,9.2,0.336
4757,FC_MUN1,IXD_BER,1DC_BCN,SKU_0244,2024-12-27,75,forecast,13.3,False,21.3,40,reorder_point,2.6,False,11.36,9.3,0.284
4758,FC_MUN1,IXD_BER,1DC_BCN,SKU_0099,2024-12-27,23,forecast,6.5,False,6.39,13,reorder_point,1.9,False,3.61,12.5,0.278
4759,FC_MUN1,IXD_BER,1DC_BCN,SKU_0077,2024-12-27,194,forecast,7.3,False,162.77,133,reorder_point,1.1,False,111.59,5.7,0.839
4760,FC_BCN1,IXD_BCN,1DC_BCN,SKU_0019,2024-12-28,49,forecast,13.2,False,38.22,49,reorder_point,2.8,False,38.22,7.6,0.78
4761,FC_BCN1,IXD_BCN,1DC_BCN,SKU_0174,2024-12-28,16,forecast,11.5,False,14.38,11,reorder_point,2.0,True,9.89,8.3,0.899
4762,FC_BCN2,IXD_BCN,1DC_BCN,SKU_0177,2024-12-28,19,forecast,13.7,True,14.29,11,reorder_point,0.8,False,8.27,10.2,0.752
4763,FC_BCN2,IXD_BCN,1DC_BCN,SKU_0117,2024-12-28,16,forecast,9.7,False,10.78,13,reorder_point,2.4,False,8.76,10.5,0.674
4764,FC_BCN2,IXD_BCN,1DC_BCN,SKU_0007,2024-12-28,23,forecast,5.3,True,13.5,11,reorder_point,2.3,False,6.46,7.7,0.587
4765,FC_BCN2,IXD_BCN,1DC_BCN,SKU_0131,2024-12-28,80,forecast,3.6,False,34.16,50,reorder_point,2.0,False,21.35,6.6,0.427
4766,FC_BCN2,IXD_BCN,1DC_BCN,SKU_0092,2024-12-28,85,forecast,4.3,False,60.09,46,reorder_point,2.1,False,32.52,11.4,0.707
4767,FC_BCN2,IXD_BCN,1DC_BCN,SKU_0198,2024-12-28,232,forecast,10.2,False,124.58,133,reorder_point,2.5,False,71.42,9.9,0.537
4768,FC_BCN2,IXD_BCN,1DC_BCN,SKU_0137,2024-12-28,74,forecast,4.9,False,22.79,47,reorder_point,1.5,False,14.48,9.6,0.308
4769,FC_BCN2,IXD_BCN,1DC_BCN,SKU_0078,2024-12-28,17,forecast,12.8,False,4.42,11,reorder_point,2.1,False,2.86,7.2,0.26
4770,FC_MAD1,IXD_MAD,1DC_MAD,SKU_0245,2024-12-28,56,forecast,13.3,False,22.62,48,reorder_point,2.0,False,19.39,9.5,0.404
4771,FC_MAD1,IXD_MAD,1DC_MAD,SKU_0077,2024-12-28,140,forecast,6.3,False,140.98,115,reorder_point,1.6,False,115.8,8.6,1.007
4772,FC_MAD1,IXD_MAD,1DC_MAD,SKU_0211,2024-12-28,56,forecast,13.6,False,23.07,50,reorder_point,1.4,False,20.6,5.5,0.412
4773,FC_MAD1,IXD_MAD,1DC_MAD,SKU_0128,2024-12-28,17,forecast,9.4,False,16.35,11,reorder_point,1.7,False,10.58,7.5,0.962
4774,FC_MAD1,IXD_MAD,1DC_MAD,SKU_0241,2024-12-28,22,forecast,7.4,False,9.61,13,reorder_point,1.5,False,5.68,10.6,0.437
4775,FC_MAD1,IXD_MAD,1DC_MAD,SKU_0026,2024-12-28,17,forecast,10.1,False,16.54,11,reorder_point,3.0,False,10.7,8.4,0.973
4776,FC_MAD2,IXD_MAD,1DC_MAD,SKU_0068,2024-12-28,64,forecast,9.7,False,56.13,41,reorder_point,2.3,False,35.96,8.5,0.877
4777,FC_MAD2,IXD_MAD,1DC_MAD,SKU_0177,2024-12-28,17,forecast,12.2,False,8.01,13,reorder_point,1.1,False,6.12,9.0,0.471
4778,FC_MAD2,IXD_MAD,1DC_MAD,SKU_0184,2024-12-28,163,forecast,7.6,False,42.87,119,reorder_point,2.6,False,31.3,7.5,0.263
4779,FC_MAD2,IXD_MAD,1DC_MAD,SKU_0164,2024-12-28,19,forecast,5.0,False,14.67,11,reorder_point,2.4,False,8.49,10.9,0.772
4780,FC_MAD2,IXD_MAD,1DC_MAD,SKU_0073,2024-12-28,60,forecast,12.0,False,20.58,52,reorder_point,0.8,False,17.84,8.7,0.343
4781,FC_PAR1,IXD_PAR,1DC_MAD,SKU_0076,2024-12-28,187,forecast,5.9,False,70.31,130,reorder_point,1.3,False,48.88,6.5,0.376
4782,FC_PAR1,IXD_PAR,1DC_MAD,SKU_0193,2024-12-28,82,forecast,9.6,False,79.21,47,reorder_point,1.1,False,45.4,4.6,0.966
4783,FC_PAR1,IXD_PAR,1DC_MAD,SKU_0085,2024-12-28,18,forecast,10.3,False,8.05,13,reorder_point,2.0,False,5.81,8.5,0.447
4784,FC_PAR1,IXD_PAR,1DC_MAD,SKU_0242,2024-12-28,169,forecast,11.4,False,96.84,133,reorder_point,0.9,False,76.21,6.6,0.573
4785,FC_PAR1,IXD_PAR,1DC_MAD,SKU_0174,2024-12-28,16,forecast,4.4,True,8.93,13,reorder_point,0.7,False,7.25,7.0,0.558
4786,FC_PAR1,IXD_PAR,1DC_MAD,SKU_0197,2024-12-28,138,forecast,3.9,False,91.77,123,reorder_point,1.0,False,81.8,5.9,0.665
4787,FC_PAR1,IXD_PAR,1DC_MAD,SKU_0157,2024-12-28,20,forecast,13.2,True,14.7,13,reorder_point,1.2,False,9.55,7.2,0.735
4788,FC_PAR1,IXD_PAR,1DC_MAD,SKU_0027,2024-12-28,19,forecast,8.0,False,13.62,11,reorder_point,0.6,False,7.89,11.2,0.717
4789,FC_PAR2,IXD_PAR,1DC_CDG,SKU_0134,2024-12-28,57,forecast,13.0,False,6.67,45,reorder_point,2.3,False,5.27,10.0,0.117
4790,FC_PAR2,IXD_PAR,1DC_CDG,SKU_0131,2024-12-28,86,forecast,12.0,False,36.21,43,reorder_point,2.1,False,18.1,8.7,0.421
4791,FC_PAR2,IXD_PAR,1DC_CDG,SKU_0146,2024-12-28,135,forecast,8.1,False,29.84,119,reorder_point,0.6,False,26.3,12.6,0.221
4792,FC_PAR2,IXD_PAR,1DC_CDG,SKU_0013,2024-12-28,72,forecast,8.0,False,68.76,50,reorder_point,3.0,False,47.75,12.3,0.955
4793,FC_PAR2,IXD_PAR,1DC_CDG,SKU_0213,2024-12-28,21,forecast,13.9,False,7.9,10,reorder_point,2.6,False,3.76,10.1,0.376
4794,FC_PAR2,IXD_PAR,1DC_CDG,SKU_0055,2024-12-28,21,forecast,12.0,False,10.08,12,reorder_point,2.5,False,5.76,7.5,0.48
4795,FC_PAR2,IXD_PAR,1DC_CDG,SKU_0154,2024-12-28,165,forecast,11.5,False,83.98,137,reorder_point,1.8,False,69.73,7.9,0.509
4796,FC_PAR2,IXD_PAR,1DC_CDG,SKU_0159,2024-12-28,83,forecast,12.7,False,55.03,51,reorder_point,0.8,False,33.81,8.6,0.663
4797,FC_BER1,IXD_BER,1DC_CDG,SKU_0008,2024-12-28,67,forecast,3.2,False,61.24,42,reorder_point,1.6,True,38.39,9.1,0.914
4798,FC_BER1,IXD_BER,1DC_CDG,SKU_0169,2024-12-28,55,forecast,13.2,False,26.62,43,reorder_point,3.0,False,20.81,9.6,0.484
4799,FC_BER1,IXD_BER,1DC_CDG,SKU_0029,2024-12-28,168,forecast,11.6,False,87.86,117,reorder_point,1.2,False,61.19,7.0,0.523
4800,FC_BER1,IXD_BER,1DC_CDG,SKU_0053,2024-12-28,183,forecast,9.2,False,152.26,133,reorder_point,2.0,False,110.66,10.6,0.832
4801,FC_BER1,IXD_BER,1DC_CDG,SKU_0189,2024-12-28,68,forecast,10.8,False,54.74,40,reorder_point,1.9,False,32.2,9.1,0.805
4802,FC_BER1,IXD_BER,1DC_CDG,SKU_0023,2024-12-28,54,forecast,5.5,False,16.63,48,reorder_point,2.7,False,14.78,5.8,0.308
4803,FC_MUN1,IXD_BCN,1DC_CDG,SKU_0043,2024-12-28,16,forecast,9.9,False,13.95,13,reorder_point,2.7,False,11.34,9.8,0.872
4804,FC_MUN1,IXD_BCN,1DC_CDG,SKU_0107,2024-12-28,59,forecast,11.2,False,48.67,51,reorder_point,2.1,False,42.07,10.2,0.825
4805,FC_MUN1,IXD_BCN,1DC_CDG,SKU_0050,2024-12-28,204,forecast,4.9,False,80.38,137,reorder_point,2.8,False,53.98,9.9,0.394
4806,FC_BCN1,IXD_BCN,1DC_BCN,SKU_0184,2024-12-29,157,forecast,6.5,False,80.86,126,reorder_point,2.7,False,64.89,9.0,0.515
4807,FC_BCN1,IXD_BCN,1DC_BCN,SKU_0066,2024-12-29,73,forecast,8.2,False,50.44,40,reorder_point,1.2,False,27.64,12.3,0.691
4808,FC_BCN1,IXD_BCN,1DC_BCN,SKU_0004,2024-12-29,77,forecast,12.5,False,46.12,44,reorder_point,0.8,False,26.36,4.5,0.599
4809,FC_BCN1,IXD_BCN,1DC_BCN,SKU_0181,2024-12-29,145,forecast,11.8,False,112.52,142,reorder_point,1.1,False,110.19,10.2,0.776
4810,FC_BCN1,IXD_BCN,1DC_BCN,SKU_0054,2024-12-29,59,forecast,5.5,False,39.77,41,reorder_point,1.4,False,27.63,9.7,0.674
4811,FC_BCN1,IXD_BCN,1DC_BCN,SKU_0086,2024-12-29,20,forecast,10.0,False,17.2,11,reorder_point,2.8,False,9.46,8.7,0.86
4812,FC_BCN1,IXD_BCN,1DC_BCN,SKU_0013,2024-12-29,52,forecast,12.7,False,26.94,48,reorder_point,2.8,False,24.86,10.6,0.518
4813,FC_BCN1,IXD_BCN,1DC_BCN,SKU_0095,2024-12-29,239,forecast,7.4,False,56.64,121,reorder_point,1.6,False,28.68,8.0,0.237
4814,FC_BCN2,IXD_BCN,1DC_BCN,SKU_0211,2024-12-29,54,forecast,3.1,False,39.74,49,reorder_point,1.6,False,36.06,8.8,0.736
4815,FC_BCN2,IXD_BCN,1DC_BCN,SKU_0171,2024-12-29,220,forecast,7.3,False,209.88,112,reorder_point,2.4,False,106.85,8.4,0.954
4816,FC_MAD1,IXD_MAD,1DC_MAD,SKU_0062,2024-12-29,60,forecast,13.2,False,40.8,52,reorder_point,2.9,False,35.36,8.0,0.68
4817,FC_MAD1,IXD_MAD,1DC_MAD,SKU_0007,2024-12-29,19,forecast,12.0,False,7.07,13,reorder_point,1.2,False,4.84,9.8,0.372
4818,FC_MAD2,IXD_MAD,1DC_MAD,SKU_0150,2024-12-29,60,forecast,9.5,False,51.84,44,reorder_point,2.6,False,38.02,7.9,0.864
4819,FC_MAD2,IXD_MAD,1DC_MAD,SKU_0074,2024-12-29,18,forecast,11.7,False,12.37,11,reorder_point,0.8,False,7.56,6.5,0.687
4820,FC_MAD2,IXD_MAD,1DC_MAD,SKU_0241,2024-12-29,16,forecast,7.2,False,14.42,11,reorder_point,1.1,False,9.91,9.7,0.901
4821,FC_MAD2,IXD_MAD,1DC_MAD,SKU_0125,2024-12-29,62,forecast,3.8,False,47.49,44,reorder_point,1.3,False,33.7,6.4,0.766
4822,FC_MAD2,IXD_MAD,1DC_MAD,SKU_0101,2024-12-29,16,forecast,6.5,True,5.41,12,reorder_point,1.1,True,4.06,8.3,0.338
4823,FC_MAD2,IXD_MAD,1DC_MAD,SKU_0022,2024-12-29,18,forecast,9.1,False,18.86,11,reorder_point,2.0,False,11.53,6.2,1.048
4824,FC_MAD2,IXD_MAD,1DC_MAD,SKU_0088,2024-12-29,60,forecast,5.4,False,52.62,47,reorder_point,2.7,False,41.22,9.5,0.877
4825,FC_PAR1,IXD_PAR,1DC_AMS,SKU_0032,2024-12-29,239,forecast,5.8,False,195.26,117,reorder_point,0.9,False,95.59,8.8,0.817
4826,FC_PAR1,IXD_PAR,1DC_AMS,SKU_0219,2024-12-29,18,forecast,5.3,False,19.35,11,reorder_point,1.7,False,11.82,5.3,1.075
4827,FC_PAR1,IXD_PAR,1DC_AMS,SKU_0220,2024-12-29,181,forecast,4.6,False,140.28,140,reorder_point,2.0,False,108.5,8.8,0.775
4828,FC_PAR1,IXD_PAR,1DC_AMS,SKU_0220,2024-12-29,178,forecast,4.8,False,178.53,141,reorder_point,1.9,False,141.42,8.0,1.003
4829,FC_PAR1,IXD_PAR,1DC_AMS,SKU_0241,2024-12-29,18,forecast,5.5,False,10.08,11,reorder_point,0.5,False,6.16,3.9,0.56
4830,FC_PAR1,IXD_PAR,1DC_AMS,SKU_0092,2024-12-29,77,forecast,9.0,False,80.62,42,reorder_point,1.5,False,43.97,7.6,1.047
4831,FC_PAR1,IXD_PAR,1DC_AMS,SKU_0136,2024-12-29,73,forecast,11.8,False,48.47,45,reorder_point,0.8,False,29.88,5.5,0.664
4832,FC_PAR2,IXD_PAR,1DC_MUC,SKU_0250,2024-12-29,20,forecast,4.0,False,5.62,11,reorder_point,2.9,False,3.09,8.1,0.281
4833,FC_PAR2,IXD_PAR,1DC_MUC,SKU_0031,2024-12-29,69,forecast,12.8,False,70.24,44,reorder_point,2.5,True,44.79,8.5,1.018
4834,FC_PAR2,IXD_PAR,1DC_MUC,SKU_0191,2024-12-29,202,forecast,13.8,False,156.95,137,reorder_point,1.0,False,106.45,9.7,0.777
4835,FC_PAR2,IXD_PAR,1DC_MUC,SKU_0183,2024-12-29,14,forecast,9.6,False,3.99,10,reorder_point,0.6,False,2.85,4.5,0.285
4836,FC_PAR2,IXD_PAR,1DC_MUC,SKU_0038,2024-12-29,161,forecast,5.2,False,114.79,135,reorder_point,2.6,False,96.25,6.8,0.713
4837,FC_PAR2,IXD_PAR,1DC_MUC,SKU_0021,2024-12-29,77,forecast,13.6,False,47.43,42,reorder_point,1.0,False,25.87,8.4,0.616
4838,FC_BER1,IXD_BER,1DC_AMS,SKU_0246,2024-12-29,150,forecast,5.8,False,32.85,138,reorder_point,2.3,False,30.22,8.4,0.219
4839,FC_BER1,IXD_BER,1DC_AMS,SKU_0035,2024-12-29,141,forecast,13.0,False,21.15,130,reorder_point,1.8,False,19.5,13.3,0.15
4840,FC_BER1,IXD_BER,1DC_AMS,SKU_0078,2024-12-29,22,forecast,9.3,False,24.11,13,reorder_point,0.9,False,14.25,6.4,1.096
4841,FC_BER1,IXD_BER,1DC_AMS,SKU_0075,2024-12-29,75,forecast,7.0,False,75.45,46,reorder_point,1.9,False,46.28,9.4,1.006
4842,FC_BER1,IXD_BER,1DC_AMS,SKU_0054,2024-12-29,52,forecast,13.3,False,26.31,47,reorder_point,1.9,False,23.78,9.0,0.506
4843,FC_BER1,IXD_BER,1DC_AMS,SKU_0219,2024-12-29,23,forecast,13.2,False,12.37,10,reorder_point,1.4,False,5.38,9.5,0.538
4844,FC_BER1,IXD_BER,1DC_AMS,SKU_0016,2024-12-29,54,forecast,12.5,False,10.37,45,reorder_point,1.3,False,8.64,8.6,0.192
4845,FC_BER1,IXD_BER,1DC_AMS,SKU_0009,2024-12-29,13,forecast,7.2,False,7.47,12,reorder_point,1.7,False,6.9,4.9,0.575
4846,FC_MUN1,IXD_MAD,1DC_MUC,SKU_0220,2024-12-29,218,forecast,13.7,False,220.18,111,reorder_point,2.2,False,112.11,6.4,1.01
4847,FC_MUN1,IXD_MAD,1DC_MUC,SKU_0129,2024-12-29,52,forecast,7.3,False,26.36,52,reorder_point,0.8,False,26.36,9.4,0.507
4848,FC_MUN1,IXD_MAD,1DC_MUC,SKU_0219,2024-12-29,18,forecast,4.5,False,2.36,11,reorder_point,2.0,False,1.44,9.0,0.131
4849,FC_MUN1,IXD_MAD,1DC_MUC,SKU_0223,2024-12-29,57,forecast,11.3,False,31.58,42,reorder_point,0.9,False,23.27,7.3,0.554
