transfer_id,from_node,to_node,sku_id,units,transit_hrs,handling_cost_eur,transit_cost_eur,storage_cost_eur,total_cost_eur,transfer_mode,status,transfer_date
1,IXD_MAD,FC_MAD1,SKU_0073,889,5.1,0.137,0.345,0.096,513.84,road,completed,2024-09-01
2,IXD_PAR,FC_PAR1,SKU_0097,247,4.6,0.041,0.328,0.091,113.62,road,completed,2024-09-01
3,RDC_IBE,IXD_BCN,SKU_0099,366,7.0,0.057,0.799,0.093,347.33,road,completed,2024-09-01
4,RDC_LYS,IXD_PAR,SKU_0214,228,4.3,0.061,0.368,0.088,117.88,road,completed,2024-09-01
5,1DC_MAD,IXD_MAD,SKU_0105,734,10.1,0.088,0.105,0.037,168.82,road,completed,2024-09-01
6,1DC_BCN,IXD_PAR,SKU_0072,844,7.0,0.143,0.617,0.036,671.82,road,completed,2024-09-01
7,IXD_BCN,FC_BCN1,SKU_0153,820,6.0,0.081,0.778,0.023,723.24,road,completed,2024-09-02
8,IXD_PAR,FC_PAR1,SKU_0137,73,3.2,0.04,0.681,0.096,59.64,road,completed,2024-09-02
9,1DC_BCN,IXD_BER,SKU_0178,682,9.3,0.053,0.688,0.082,561.29,road,completed,2024-09-02
10,RDC_FRA,IXD_PAR,SKU_0018,131,7.8,0.076,0.307,0.09,61.96,road,completed,2024-09-02
11,RDC_LYS,IXD_PAR,SKU_0238,114,8.8,0.042,0.607,0.076,82.65,road,completed,2024-09-02
12,IXD_PAR,FC_PAR2,SKU_0208,207,4.0,0.033,0.606,0.029,138.28,road,completed,2024-09-02
13,1DC_BCN,IXD_PAR,SKU_0181,557,9.2,0.08,0.461,0.058,333.64,road,completed,2024-09-02
14,IXD_MAD,FC_MAD2,SKU_0135,755,4.0,0.148,0.534,0.095,586.63,road,completed,2024-09-02
15,IXD_BER,FC_BER1,SKU_0083,289,1.0,0.106,0.386,0.079,165.02,road,completed,2024-09-02
16,IXD_PAR,FC_MUN1,SKU_0067,156,3.3,0.049,0.486,0.099,98.9,road,completed,2024-09-02
17,RDC_LYS,IXD_PAR,SKU_0099,562,9.5,0.05,0.408,0.046,283.25,road,completed,2024-09-02
18,IXD_PAR,FC_PAR1,SKU_0227,708,3.5,0.113,0.741,0.057,644.99,road,completed,2024-09-02
19,IXD_BER,FC_BER1,SKU_0238,205,3.9,0.122,0.224,0.078,86.92,road,completed,2024-09-02
20,IXD_BCN,FC_BCN2,SKU_0136,25,2.5,0.083,0.556,0.093,18.3,road,completed,2024-09-02
21,IXD_PAR,FC_PAR1,SKU_0028,130,3.6,0.132,0.721,0.091,122.72,road,completed,2024-09-02
22,IXD_MAD,FC_MAD1,SKU_0106,513,6.1,0.098,0.495,0.052,330.88,road,completed,2024-09-02
23,RDC_IBE,IXD_MAD,SKU_0113,128,9.5,0.032,0.056,0.023,14.21,road,completed,2024-09-02
24,IXD_PAR,FC_PAR2,SKU_0049,345,6.3,0.132,0.313,0.015,158.7,road,completed,2024-09-02
25,1DC_MAD,IXD_MAD,SKU_0011,596,9.6,0.116,0.332,0.03,284.89,road,completed,2024-09-02
26,1DC_BCN,IXD_BCN,SKU_0074,339,8.9,0.146,0.516,0.053,242.38,road,completed,2024-09-02
27,RDC_LYS,IXD_PAR,SKU_0169,78,7.4,0.055,0.42,0.058,41.57,road,completed,2024-09-02
28,IXD_BCN,FC_BCN1,SKU_0146,819,3.8,0.118,0.63,0.057,659.3,road,completed,2024-09-02
29,1DC_CDG,IXD_PAR,SKU_0019,113,7.6,0.085,0.674,0.09,95.94,road,completed,2024-09-02
30,RDC_FRA,IXD_PAR,SKU_0159,490,9.4,0.13,0.493,0.06,334.67,road,completed,2024-09-03
31,RDC_FRA,IXD_PAR,SKU_0122,241,9.2,0.147,0.129,0.047,77.84,road,completed,2024-09-03
32,IXD_MAD,FC_MAD1,SKU_0089,644,4.6,0.141,0.113,0.011,170.66,road,completed,2024-09-03
33,IXD_BER,FC_BER1,SKU_0121,319,5.1,0.036,0.496,0.052,186.3,road,completed,2024-09-03
34,1DC_BCN,IXD_BCN,SKU_0034,399,6.9,0.078,0.608,0.016,280.1,road,completed,2024-09-03
35,IXD_BCN,FC_BCN1,SKU_0025,23,2.3,0.093,0.304,0.032,9.87,road,completed,2024-09-03
36,1DC_BCN,IXD_PAR,SKU_0002,531,8.8,0.031,0.162,0.023,114.7,road,completed,2024-09-03
37,RDC_IBE,IXD_BCN,SKU_0180,425,8.6,0.097,0.214,0.098,173.82,road,completed,2024-09-03
38,IXD_BCN,FC_BCN1,SKU_0025,885,4.0,0.146,0.107,0.092,305.32,road,completed,2024-09-03
39,IXD_BCN,FC_BCN2,SKU_0145,220,3.2,0.125,0.595,0.02,162.8,road,completed,2024-09-03
40,IXD_BER,FC_BER1,SKU_0112,650,2.3,0.038,0.679,0.02,479.05,road,completed,2024-09-03
41,RDC_LYS,IXD_PAR,SKU_0021,830,8.3,0.126,0.633,0.048,669.81,road,completed,2024-09-03
42,RDC_IBE,IXD_MAD,SKU_0191,175,7.2,0.061,0.151,0.097,54.08,road,completed,2024-09-03
43,IXD_PAR,FC_PAR2,SKU_0032,463,5.5,0.084,0.131,0.091,141.68,road,completed,2024-09-03
44,RDC_FRA,IXD_PAR,SKU_0223,821,9.2,0.132,0.64,0.064,686.36,road,completed,2024-09-03
45,IXD_PAR,FC_PAR2,SKU_0010,180,5.1,0.115,0.743,0.024,158.76,road,completed,2024-09-03
46,1DC_BCN,IXD_BCN,SKU_0235,353,9.1,0.093,0.299,0.052,156.73,road,completed,2024-09-03
47,IXD_PAR,FC_PAR2,SKU_0001,194,3.0,0.065,0.776,0.069,176.54,road,completed,2024-09-03
48,IXD_MAD,FC_MAD1,SKU_0056,270,4.9,0.044,0.397,0.039,129.6,road,completed,2024-09-03
49,IXD_PAR,FC_MUN1,SKU_0242,147,3.8,0.131,0.771,0.024,136.12,road,completed,2024-09-03
50,1DC_MAD,IXD_MAD,SKU_0103,112,7.7,0.107,0.061,0.02,21.06,road,completed,2024-09-03
51,IXD_BER,FC_BER1,SKU_0109,871,2.1,0.118,0.662,0.035,709.87,road,completed,2024-09-03
52,RDC_IBE,IXD_MAD,SKU_0131,783,8.3,0.139,0.511,0.014,519.91,road,completed,2024-09-03
53,IXD_PAR,FC_PAR1,SKU_0059,52,4.0,0.114,0.736,0.048,46.7,road,completed,2024-09-03
54,IXD_PAR,FC_MUN1,SKU_0045,601,2.5,0.144,0.582,0.086,488.01,road,completed,2024-09-03
55,RDC_LYS,IXD_PAR,SKU_0233,672,10.0,0.035,0.644,0.054,492.58,road,completed,2024-09-04
56,IXD_BER,FC_BER1,SKU_0211,629,3.5,0.13,0.291,0.055,299.4,road,completed,2024-09-04
57,IXD_PAR,FC_PAR1,SKU_0233,436,5.0,0.071,0.396,0.095,245.03,road,completed,2024-09-04
58,IXD_MAD,FC_MAD2,SKU_0029,372,4.3,0.09,0.487,0.067,239.57,road,completed,2024-09-04
59,IXD_MAD,FC_MAD1,SKU_0198,240,4.9,0.048,0.637,0.026,170.64,road,completed,2024-09-04
60,IXD_PAR,FC_MUN1,SKU_0110,348,3.9,0.106,0.146,0.088,118.32,road,completed,2024-09-04
61,IXD_PAR,FC_PAR1,SKU_0177,332,6.4,0.071,0.256,0.015,113.54,road,completed,2024-09-04
62,1DC_BCN,IXD_BCN,SKU_0040,678,9.5,0.076,0.295,0.087,310.52,road,completed,2024-09-04
63,IXD_PAR,FC_PAR1,SKU_0231,226,4.7,0.096,0.465,0.098,148.93,road,completed,2024-09-04
64,1DC_MAD,IXD_MAD,SKU_0064,332,8.8,0.059,0.312,0.048,139.11,road,completed,2024-09-04
65,RDC_IBE,IXD_MAD,SKU_0199,799,7.2,0.093,0.772,0.079,754.26,road,completed,2024-09-04
66,IXD_PAR,FC_PAR2,SKU_0172,397,2.9,0.048,0.054,0.081,72.65,road,completed,2024-09-04
67,RDC_IBE,IXD_MAD,SKU_0029,226,11.6,0.058,0.527,0.067,147.35,road,completed,2024-09-04
68,1DC_BCN,IXD_BCN,SKU_0231,394,7.7,0.031,0.736,0.089,337.26,road,completed,2024-09-04
69,RDC_IBE,IXD_BCN,SKU_0092,786,7.0,0.123,0.131,0.044,234.23,road,completed,2024-09-04
70,1DC_MAD,IXD_MAD,SKU_0018,382,8.6,0.096,0.135,0.059,110.78,road,completed,2024-09-04
71,IXD_BER,FC_BER1,SKU_0010,610,5.2,0.123,0.332,0.091,333.06,road,completed,2024-09-04
72,IXD_PAR,FC_MUN1,SKU_0006,397,6.1,0.103,0.639,0.022,303.31,road,completed,2024-09-04
73,RDC_LYS,IXD_PAR,SKU_0010,691,6.7,0.143,0.467,0.018,433.95,road,completed,2024-09-04
74,IXD_BCN,FC_BCN1,SKU_0076,246,4.8,0.089,0.154,0.011,62.48,road,completed,2024-09-04
75,IXD_BER,FC_BER1,SKU_0102,599,4.1,0.065,0.385,0.047,297.7,road,completed,2024-09-04
76,1DC_MAD,IXD_MAD,SKU_0214,668,7.0,0.054,0.174,0.045,182.36,road,completed,2024-09-04
77,IXD_PAR,FC_MUN1,SKU_0189,251,3.8,0.113,0.125,0.038,69.28,road,completed,2024-09-04
78,1DC_BCN,IXD_BCN,SKU_0118,367,8.8,0.134,0.71,0.053,329.2,road,completed,2024-09-04
79,IXD_BCN,FC_BCN2,SKU_0028,292,6.0,0.132,0.774,0.049,278.86,road,completed,2024-09-04
80,RDC_LYS,IXD_PAR,SKU_0152,246,9.9,0.149,0.243,0.044,107.26,road,completed,2024-09-04
81,IXD_BCN,FC_BCN2,SKU_0241,223,4.3,0.091,0.201,0.091,85.41,road,completed,2024-09-04
82,IXD_BCN,FC_BCN2,SKU_0128,327,3.8,0.095,0.496,0.038,205.68,road,completed,2024-09-04
83,RDC_LYS,IXD_PAR,SKU_0092,565,7.7,0.064,0.406,0.032,283.63,road,completed,2024-09-04
84,IXD_PAR,FC_PAR1,SKU_0225,364,5.2,0.101,0.651,0.025,282.83,road,completed,2024-09-04
85,IXD_PAR,FC_PAR1,SKU_0210,641,5.3,0.085,0.473,0.095,418.57,road,completed,2024-09-04
86,RDC_IBE,IXD_MAD,SKU_0237,836,8.2,0.065,0.596,0.094,631.18,road,completed,2024-09-04
87,1DC_MAD,IXD_MAD,SKU_0006,29,9.8,0.044,0.527,0.065,18.44,road,completed,2024-09-04
88,RDC_IBE,IXD_BCN,SKU_0195,869,9.3,0.069,0.26,0.029,311.1,road,completed,2024-09-04
89,IXD_BCN,FC_BCN1,SKU_0113,740,2.6,0.104,0.335,0.094,394.42,road,completed,2024-09-04
90,RDC_FRA,IXD_BER,SKU_0218,823,8.9,0.126,0.745,0.076,779.38,road,completed,2024-09-04
91,1DC_BCN,IXD_BCN,SKU_0191,707,10.4,0.105,0.146,0.041,206.44,road,completed,2024-09-04
92,RDC_LYS,IXD_PAR,SKU_0153,362,9.1,0.107,0.35,0.029,175.93,road,completed,2024-09-04
93,1DC_MAD,IXD_MAD,SKU_0045,856,7.8,0.073,0.284,0.058,355.24,road,completed,2024-09-05
94,RDC_FRA,IXD_PAR,SKU_0032,246,11.0,0.044,0.384,0.021,110.45,road,completed,2024-09-05
95,RDC_IBE,IXD_MAD,SKU_0094,590,8.5,0.054,0.157,0.036,145.73,road,completed,2024-09-05
96,RDC_IBE,IXD_MAD,SKU_0087,108,7.4,0.067,0.465,0.09,67.18,road,completed,2024-09-05
97,RDC_FRA,IXD_PAR,SKU_0118,90,10.2,0.058,0.763,0.09,81.99,road,completed,2024-09-05
98,IXD_MAD,FC_MAD2,SKU_0230,733,2.9,0.04,0.092,0.041,126.81,road,completed,2024-09-05
99,1DC_CDG,IXD_PAR,SKU_0085,463,6.5,0.049,0.731,0.029,374.57,road,completed,2024-09-05
100,IXD_BER,FC_BER1,SKU_0051,709,4.5,0.082,0.625,0.01,508.35,road,completed,2024-09-05
101,IXD_MAD,FC_MAD1,SKU_0170,566,1.1,0.109,0.578,0.06,422.8,road,completed,2024-09-05
102,IXD_MAD,FC_MAD1,SKU_0124,358,4.8,0.109,0.643,0.014,274.23,road,completed,2024-09-05
103,IXD_PAR,FC_MUN1,SKU_0010,866,4.6,0.076,0.512,0.019,525.66,road,completed,2024-09-05
104,IXD_MAD,FC_MAD1,SKU_0248,895,3.9,0.098,0.256,0.017,332.05,road,completed,2024-09-05
105,RDC_LYS,IXD_PAR,SKU_0053,121,6.7,0.122,0.113,0.039,33.15,road,completed,2024-09-05
106,IXD_PAR,FC_PAR2,SKU_0247,49,5.2,0.045,0.438,0.045,25.87,road,completed,2024-09-05
107,1DC_BCN,IXD_BCN,SKU_0193,438,10.7,0.06,0.223,0.043,142.79,road,completed,2024-09-05
108,IXD_BCN,FC_BCN2,SKU_0222,195,5.4,0.081,0.316,0.018,80.92,road,completed,2024-09-05
109,IXD_BCN,FC_BCN1,SKU_0189,851,5.7,0.059,0.515,0.096,570.17,road,completed,2024-09-05
110,IXD_BCN,FC_BCN2,SKU_0131,316,2.5,0.067,0.702,0.013,247.11,road,completed,2024-09-05
111,IXD_PAR,FC_MUN1,SKU_0201,365,1.0,0.128,0.622,0.097,309.15,road,completed,2024-09-05
112,IXD_PAR,FC_MUN1,SKU_0236,317,6.3,0.138,0.666,0.077,279.28,road,completed,2024-09-05
113,RDC_LYS,IXD_PAR,SKU_0129,235,10.7,0.042,0.233,0.078,82.95,road,completed,2024-09-05
114,RDC_LYS,IXD_PAR,SKU_0220,824,9.6,0.082,0.08,0.051,175.51,road,completed,2024-09-05
115,IXD_PAR,FC_PAR2,SKU_0177,537,3.7,0.128,0.353,0.015,266.35,road,completed,2024-09-05
116,RDC_IBE,IXD_BCN,SKU_0212,364,10.9,0.076,0.37,0.094,196.56,road,completed,2024-09-05
117,RDC_LYS,IXD_PAR,SKU_0132,389,8.8,0.115,0.37,0.095,225.62,road,completed,2024-09-05
118,IXD_BER,FC_BER1,SKU_0096,374,5.6,0.046,0.622,0.033,262.17,road,completed,2024-09-05
119,1DC_CDG,IXD_PAR,SKU_0167,746,6.6,0.061,0.185,0.034,208.88,road,completed,2024-09-05
120,1DC_CDG,IXD_PAR,SKU_0146,466,6.7,0.055,0.487,0.079,289.39,road,completed,2024-09-05
121,RDC_IBE,IXD_BCN,SKU_0002,88,8.3,0.096,0.565,0.011,59.14,road,completed,2024-09-05
122,RDC_FRA,IXD_PAR,SKU_0100,667,9.2,0.045,0.212,0.071,218.78,road,completed,2024-09-05
123,IXD_MAD,FC_MAD1,SKU_0021,599,7.1,0.041,0.494,0.083,370.18,road,completed,2024-09-05
124,IXD_BCN,FC_BCN2,SKU_0225,638,5.1,0.03,0.686,0.096,518.06,road,completed,2024-09-05
125,IXD_PAR,FC_MUN1,SKU_0117,451,5.1,0.119,0.127,0.013,116.81,road,completed,2024-09-05
126,IXD_BER,FC_BER1,SKU_0176,882,3.7,0.079,0.28,0.08,387.2,road,completed,2024-09-06
127,1DC_MUC,IXD_PAR,SKU_0176,550,9.2,0.104,0.176,0.02,165.0,road,completed,2024-09-06
128,IXD_BER,FC_BER1,SKU_0087,832,4.0,0.089,0.108,0.018,178.88,road,completed,2024-09-06
129,IXD_PAR,FC_MUN1,SKU_0146,271,2.3,0.044,0.295,0.074,111.92,road,completed,2024-09-06
130,IXD_PAR,FC_MUN1,SKU_0205,206,4.3,0.104,0.764,0.048,188.7,road,completed,2024-09-06
131,RDC_LYS,IXD_PAR,SKU_0024,551,7.2,0.135,0.29,0.078,277.15,road,completed,2024-09-06
132,IXD_BER,FC_BER1,SKU_0029,412,4.2,0.05,0.122,0.04,87.34,road,completed,2024-09-06
133,IXD_MAD,FC_MAD2,SKU_0045,567,4.7,0.041,0.604,0.095,419.58,road,completed,2024-09-06
134,RDC_LYS,IXD_PAR,SKU_0060,823,8.0,0.064,0.059,0.053,144.85,road,completed,2024-09-06
135,IXD_BER,FC_BER1,SKU_0084,476,4.8,0.066,0.609,0.049,344.62,road,completed,2024-09-06
136,IXD_PAR,FC_PAR2,SKU_0182,279,3.3,0.132,0.691,0.054,244.68,road,completed,2024-09-06
137,RDC_IBE,IXD_MAD,SKU_0195,150,8.3,0.137,0.729,0.056,138.3,road,completed,2024-09-06
138,IXD_PAR,FC_MUN1,SKU_0072,861,6.5,0.037,0.627,0.041,607.0,road,completed,2024-09-06
139,IXD_MAD,FC_MAD2,SKU_0196,701,4.6,0.076,0.09,0.073,167.54,road,completed,2024-09-06
140,IXD_BER,FC_BER1,SKU_0178,448,1.5,0.113,0.214,0.054,170.69,road,completed,2024-09-06
141,IXD_PAR,FC_PAR1,SKU_0123,523,1.7,0.039,0.281,0.025,180.43,road,completed,2024-09-06
142,RDC_IBE,IXD_MAD,SKU_0068,871,9.8,0.123,0.67,0.022,709.87,road,completed,2024-09-06
143,IXD_PAR,FC_MUN1,SKU_0215,411,4.8,0.074,0.623,0.095,325.51,road,completed,2024-09-06
144,IXD_BCN,FC_BCN1,SKU_0210,530,2.0,0.137,0.225,0.098,243.8,road,completed,2024-09-06
145,IXD_PAR,FC_MUN1,SKU_0117,282,1.8,0.067,0.121,0.088,77.83,road,completed,2024-09-06
146,1DC_CDG,IXD_PAR,SKU_0150,500,10.5,0.121,0.44,0.099,330.0,road,completed,2024-09-06
147,RDC_IBE,IXD_BCN,SKU_0056,707,7.1,0.14,0.257,0.066,327.34,road,completed,2024-09-06
148,IXD_MAD,FC_MAD2,SKU_0189,793,2.3,0.112,0.74,0.054,718.46,road,completed,2024-09-06
149,1DC_MAD,IXD_MAD,SKU_0055,101,8.4,0.11,0.378,0.046,53.93,road,completed,2024-09-06
150,IXD_BER,FC_BER1,SKU_0025,882,7.3,0.087,0.643,0.055,692.37,road,completed,2024-09-06
151,IXD_PAR,FC_MUN1,SKU_0090,894,2.8,0.09,0.578,0.054,645.47,road,completed,2024-09-06
152,IXD_PAR,FC_PAR2,SKU_0180,614,3.3,0.135,0.115,0.093,210.6,road,completed,2024-09-06
153,IXD_PAR,FC_PAR1,SKU_0018,682,4.1,0.134,0.091,0.044,183.46,road,completed,2024-09-06
154,RDC_IBE,IXD_MAD,SKU_0164,754,7.2,0.032,0.695,0.097,621.3,road,completed,2024-09-06
155,1DC_MAD,IXD_MAD,SKU_0196,525,7.9,0.11,0.772,0.045,486.68,road,completed,2024-09-06
156,IXD_BER,FC_BER1,SKU_0038,38,5.0,0.076,0.658,0.015,28.46,road,completed,2024-09-06
157,RDC_IBE,IXD_MAD,SKU_0225,344,8.6,0.14,0.246,0.019,139.32,road,completed,2024-09-06
158,RDC_IBE,IXD_MAD,SKU_0188,473,10.0,0.041,0.655,0.029,342.93,road,completed,2024-09-06
159,IXD_MAD,FC_MAD1,SKU_0154,402,4.0,0.087,0.09,0.074,100.9,road,completed,2024-09-06
160,1DC_BCN,IXD_BCN,SKU_0139,296,9.3,0.112,0.173,0.075,106.56,road,completed,2024-09-07
161,RDC_FRA,IXD_PAR,SKU_0078,811,5.0,0.068,0.441,0.048,451.73,road,completed,2024-09-07
162,IXD_PAR,FC_MUN1,SKU_0018,166,3.3,0.079,0.333,0.02,71.71,road,completed,2024-09-07
163,IXD_MAD,FC_MAD2,SKU_0077,666,2.2,0.069,0.613,0.099,520.15,road,completed,2024-09-07
164,RDC_IBE,IXD_MAD,SKU_0089,778,9.2,0.091,0.193,0.089,290.19,road,completed,2024-09-07
165,RDC_LYS,IXD_PAR,SKU_0239,87,10.6,0.051,0.789,0.015,74.39,road,completed,2024-09-07
166,1DC_MUC,IXD_PAR,SKU_0080,68,8.9,0.051,0.128,0.071,17.0,road,completed,2024-09-07
167,RDC_IBE,IXD_BCN,SKU_0104,753,8.4,0.06,0.713,0.082,643.81,road,completed,2024-09-07
168,RDC_IBE,IXD_MAD,SKU_0020,229,7.9,0.067,0.269,0.066,92.06,road,completed,2024-09-07
169,IXD_BCN,FC_BCN2,SKU_0224,866,6.0,0.077,0.684,0.078,726.57,road,completed,2024-09-07
170,RDC_LYS,IXD_PAR,SKU_0247,677,8.0,0.128,0.421,0.055,408.91,road,completed,2024-09-08
171,1DC_CDG,IXD_PAR,SKU_0021,745,8.1,0.071,0.115,0.053,178.06,road,completed,2024-09-08
172,1DC_MUC,IXD_PAR,SKU_0188,522,7.9,0.04,0.158,0.072,140.94,road,completed,2024-09-08
173,IXD_PAR,FC_PAR1,SKU_0210,102,2.6,0.105,0.365,0.068,54.88,road,completed,2024-09-08
174,1DC_MUC,IXD_PAR,SKU_0157,425,7.2,0.063,0.413,0.099,244.37,road,completed,2024-09-08
175,IXD_PAR,FC_PAR2,SKU_0200,539,5.1,0.082,0.677,0.093,459.23,road,completed,2024-09-08
176,IXD_MAD,FC_MAD2,SKU_0131,400,3.5,0.042,0.713,0.052,322.8,road,completed,2024-09-08
177,RDC_IBE,IXD_MAD,SKU_0148,624,7.0,0.098,0.196,0.072,228.38,road,completed,2024-09-08
178,IXD_BCN,FC_BCN2,SKU_0098,758,4.0,0.134,0.785,0.067,747.39,road,completed,2024-09-08
179,1DC_BCN,IXD_BCN,SKU_0044,682,8.4,0.083,0.696,0.08,585.84,road,completed,2024-09-08
180,IXD_PAR,FC_PAR1,SKU_0087,207,1.0,0.065,0.197,0.073,69.34,road,completed,2024-09-08
181,IXD_MAD,FC_MAD2,SKU_0129,672,5.6,0.121,0.365,0.08,380.35,road,completed,2024-09-09
182,IXD_PAR,FC_PAR1,SKU_0230,368,4.6,0.102,0.544,0.087,269.74,road,completed,2024-09-09
183,IXD_BER,FC_BER1,SKU_0154,686,2.9,0.091,0.573,0.064,499.41,road,completed,2024-09-09
184,1DC_MAD,IXD_MAD,SKU_0002,234,8.4,0.075,0.694,0.046,190.71,road,completed,2024-09-09
185,RDC_FRA,IXD_PAR,SKU_0166,721,7.7,0.055,0.325,0.097,343.92,road,completed,2024-09-09
186,IXD_PAR,FC_MUN1,SKU_0202,899,3.6,0.113,0.34,0.039,442.31,road,completed,2024-09-09
187,1DC_BCN,IXD_BCN,SKU_0067,785,10.2,0.144,0.266,0.012,331.27,road,completed,2024-09-09
188,RDC_IBE,IXD_BCN,SKU_0034,173,10.4,0.074,0.244,0.022,58.82,road,completed,2024-09-09
189,IXD_BER,FC_BER1,SKU_0079,790,7.7,0.059,0.648,0.076,618.57,road,completed,2024-09-09
190,IXD_BCN,FC_BCN1,SKU_0215,342,2.3,0.107,0.224,0.036,125.51,road,completed,2024-09-09
191,IXD_MAD,FC_MAD1,SKU_0109,201,5.8,0.047,0.543,0.054,129.44,road,completed,2024-09-09
192,RDC_FRA,IXD_BER,SKU_0052,588,9.8,0.09,0.411,0.016,304.0,road,completed,2024-09-09
193,RDC_IBE,IXD_BCN,SKU_0066,343,10.4,0.093,0.684,0.058,286.4,road,completed,2024-09-09
194,IXD_BER,FC_BER1,SKU_0029,664,2.1,0.102,0.678,0.065,561.08,road,completed,2024-09-09
195,RDC_IBE,IXD_MAD,SKU_0194,834,9.0,0.104,0.202,0.055,301.07,road,completed,2024-09-09
196,IXD_MAD,FC_MAD2,SKU_0210,459,3.0,0.116,0.349,0.062,241.89,road,completed,2024-09-09
197,IXD_MAD,FC_MAD1,SKU_0132,145,3.7,0.145,0.208,0.088,63.95,road,completed,2024-09-09
198,RDC_FRA,IXD_BER,SKU_0234,407,7.1,0.06,0.078,0.083,89.95,road,completed,2024-09-09
199,IXD_MAD,FC_MAD2,SKU_0140,522,6.0,0.058,0.524,0.022,315.29,road,completed,2024-09-10
200,IXD_BCN,FC_BCN1,SKU_0242,548,3.9,0.078,0.55,0.094,395.66,road,completed,2024-09-10
201,RDC_LYS,IXD_PAR,SKU_0153,877,11.8,0.124,0.594,0.015,642.84,road,completed,2024-09-10
202,IXD_BER,FC_BER1,SKU_0040,756,5.3,0.082,0.451,0.091,471.74,road,completed,2024-09-10
203,IXD_PAR,FC_MUN1,SKU_0113,487,5.8,0.119,0.383,0.08,283.43,road,completed,2024-09-10
204,IXD_BER,FC_BER1,SKU_0172,749,4.3,0.039,0.797,0.098,699.57,road,completed,2024-09-10
205,IXD_BCN,FC_BCN1,SKU_0167,610,6.0,0.083,0.731,0.055,530.09,road,completed,2024-09-10
206,RDC_IBE,IXD_MAD,SKU_0009,390,8.9,0.035,0.368,0.098,195.39,road,completed,2024-09-10
207,IXD_MAD,FC_MAD1,SKU_0031,76,5.7,0.115,0.231,0.035,28.96,road,completed,2024-09-10
208,IXD_PAR,FC_MUN1,SKU_0049,418,2.9,0.063,0.504,0.065,264.18,road,completed,2024-09-10
209,IXD_BER,FC_BER1,SKU_0021,236,5.5,0.047,0.276,0.046,87.08,road,completed,2024-09-10
210,IXD_PAR,FC_PAR2,SKU_0047,290,1.1,0.102,0.311,0.079,142.68,road,completed,2024-09-10
211,IXD_BER,FC_BER1,SKU_0009,31,4.6,0.086,0.465,0.071,19.28,road,completed,2024-09-10
212,RDC_LYS,IXD_PAR,SKU_0131,683,8.2,0.123,0.644,0.012,532.06,road,completed,2024-09-10
213,IXD_BER,FC_BER1,SKU_0231,723,2.6,0.142,0.476,0.081,505.38,road,completed,2024-09-10
214,IXD_PAR,FC_PAR1,SKU_0177,36,4.5,0.062,0.072,0.055,6.8,road,completed,2024-09-10
215,1DC_BCN,IXD_PAR,SKU_0089,758,8.3,0.103,0.331,0.03,351.71,road,completed,2024-09-10
216,IXD_PAR,FC_PAR1,SKU_0061,410,5.1,0.077,0.587,0.054,294.38,road,completed,2024-09-10
217,IXD_PAR,FC_MUN1,SKU_0037,173,2.2,0.049,0.573,0.038,114.18,road,completed,2024-09-10
218,1DC_BCN,IXD_BER,SKU_0194,351,9.5,0.034,0.161,0.011,72.31,road,completed,2024-09-10
219,IXD_PAR,FC_MUN1,SKU_0190,81,3.6,0.133,0.407,0.048,47.63,road,completed,2024-09-10
220,IXD_PAR,FC_MUN1,SKU_0178,596,4.1,0.035,0.289,0.033,212.77,road,completed,2024-09-10
221,IXD_MAD,FC_MAD2,SKU_0167,628,5.9,0.111,0.138,0.049,187.14,road,completed,2024-09-10
222,1DC_BCN,IXD_BCN,SKU_0195,58,5.5,0.037,0.352,0.087,27.61,road,completed,2024-09-10
223,IXD_BCN,FC_BCN2,SKU_0094,562,4.0,0.136,0.31,0.061,284.93,road,completed,2024-09-10
224,RDC_IBE,IXD_MAD,SKU_0222,284,8.4,0.082,0.187,0.026,83.78,road,completed,2024-09-10
225,IXD_BCN,FC_BCN2,SKU_0191,568,5.4,0.148,0.282,0.079,289.11,road,completed,2024-09-10
226,IXD_MAD,FC_MAD2,SKU_0168,107,5.3,0.102,0.206,0.015,34.56,road,completed,2024-09-10
227,IXD_BCN,FC_BCN2,SKU_0112,617,3.2,0.069,0.734,0.053,528.15,road,completed,2024-09-10
228,IXD_PAR,FC_PAR2,SKU_0154,398,3.9,0.082,0.663,0.047,315.22,road,completed,2024-09-10
229,RDC_IBE,IXD_BCN,SKU_0207,163,8.3,0.092,0.414,0.014,84.76,road,completed,2024-09-10
230,RDC_IBE,IXD_BCN,SKU_0117,867,8.6,0.075,0.646,0.031,651.98,road,completed,2024-09-10
231,1DC_MAD,IXD_MAD,SKU_0071,341,8.8,0.046,0.381,0.1,179.71,road,completed,2024-09-10
232,1DC_BCN,IXD_BER,SKU_0130,610,9.6,0.124,0.19,0.036,213.5,road,completed,2024-09-10
233,RDC_LYS,IXD_PAR,SKU_0020,534,8.2,0.073,0.29,0.088,240.83,road,completed,2024-09-10
234,1DC_MAD,IXD_MAD,SKU_0147,118,9.4,0.062,0.597,0.042,82.72,road,completed,2024-09-10
235,IXD_BER,FC_BER1,SKU_0068,647,5.2,0.142,0.101,0.098,220.63,road,completed,2024-09-10
236,1DC_CDG,IXD_PAR,SKU_0153,267,5.1,0.081,0.793,0.051,246.98,road,completed,2024-09-10
237,IXD_MAD,FC_MAD1,SKU_0165,884,3.0,0.143,0.565,0.044,664.77,road,completed,2024-09-11
238,IXD_PAR,FC_MUN1,SKU_0136,503,5.5,0.048,0.071,0.081,100.6,road,completed,2024-09-11
239,IXD_BCN,FC_BCN1,SKU_0101,26,4.3,0.1,0.799,0.034,24.26,road,completed,2024-09-11
240,1DC_BCN,IXD_BER,SKU_0093,30,9.0,0.137,0.635,0.08,25.56,road,completed,2024-09-11
241,IXD_MAD,FC_MAD2,SKU_0014,447,3.4,0.077,0.331,0.044,202.04,road,completed,2024-09-11
242,IXD_BCN,FC_BCN1,SKU_0008,377,1.9,0.132,0.533,0.073,278.23,road,completed,2024-09-11
243,IXD_BER,FC_BER1,SKU_0125,570,2.1,0.137,0.21,0.082,244.53,road,completed,2024-09-11
244,RDC_IBE,IXD_MAD,SKU_0238,636,8.1,0.085,0.707,0.086,558.41,road,completed,2024-09-11
245,RDC_IBE,IXD_BCN,SKU_0084,176,9.6,0.04,0.643,0.08,134.29,road,completed,2024-09-11
246,1DC_BCN,IXD_BER,SKU_0152,147,10.1,0.139,0.254,0.016,60.12,road,completed,2024-09-11
247,RDC_LYS,IXD_PAR,SKU_0065,711,8.8,0.108,0.176,0.019,215.43,road,completed,2024-09-11
248,RDC_IBE,IXD_BCN,SKU_0112,683,6.6,0.058,0.388,0.099,372.24,road,completed,2024-09-11
249,RDC_IBE,IXD_BCN,SKU_0243,896,9.6,0.125,0.056,0.092,244.61,road,completed,2024-09-11
250,RDC_IBE,IXD_MAD,SKU_0068,398,9.6,0.094,0.626,0.011,290.94,road,completed,2024-09-11
251,IXD_PAR,FC_PAR1,SKU_0056,839,3.8,0.054,0.712,0.056,689.66,road,completed,2024-09-11
252,1DC_CDG,IXD_PAR,SKU_0206,393,7.2,0.138,0.464,0.047,255.06,road,completed,2024-09-11
253,IXD_BCN,FC_BCN1,SKU_0236,587,4.8,0.035,0.087,0.042,96.27,road,completed,2024-09-11
254,RDC_LYS,IXD_PAR,SKU_0140,138,7.2,0.134,0.09,0.018,33.4,road,completed,2024-09-11
255,IXD_PAR,FC_PAR2,SKU_0057,721,6.5,0.095,0.566,0.082,535.7,road,completed,2024-09-11
256,IXD_PAR,FC_PAR2,SKU_0139,129,3.6,0.088,0.516,0.092,89.78,road,completed,2024-09-11
257,1DC_CDG,IXD_PAR,SKU_0205,308,8.3,0.136,0.785,0.088,310.77,road,completed,2024-09-11
258,IXD_BCN,FC_BCN2,SKU_0172,795,6.4,0.131,0.766,0.034,740.15,road,completed,2024-09-11
259,RDC_FRA,IXD_BER,SKU_0228,630,4.9,0.109,0.306,0.02,274.05,road,completed,2024-09-11
260,1DC_BCN,IXD_BCN,SKU_0001,875,7.3,0.131,0.733,0.045,795.38,road,completed,2024-09-11
261,IXD_PAR,FC_PAR2,SKU_0220,822,4.8,0.068,0.299,0.08,367.43,road,completed,2024-09-11
262,1DC_BCN,IXD_BER,SKU_0128,841,6.9,0.103,0.717,0.066,745.13,road,completed,2024-09-11
263,RDC_IBE,IXD_BCN,SKU_0170,254,8.5,0.063,0.742,0.082,225.3,road,completed,2024-09-11
264,RDC_IBE,IXD_MAD,SKU_0214,458,9.1,0.147,0.433,0.038,283.04,road,completed,2024-09-11
265,IXD_BCN,FC_BCN2,SKU_0025,339,5.3,0.076,0.17,0.057,102.72,road,completed,2024-09-11
266,1DC_BCN,IXD_BER,SKU_0183,363,8.0,0.075,0.205,0.018,108.17,road,completed,2024-09-11
267,RDC_LYS,IXD_PAR,SKU_0162,224,8.4,0.039,0.784,0.041,193.54,road,completed,2024-09-11
268,RDC_IBE,IXD_BCN,SKU_0243,474,9.2,0.091,0.406,0.037,253.12,road,completed,2024-09-11
269,1DC_BCN,IXD_PAR,SKU_0115,194,8.0,0.12,0.22,0.066,78.76,road,completed,2024-09-11
270,IXD_BCN,FC_BCN2,SKU_0196,409,6.1,0.134,0.468,0.089,282.62,road,completed,2024-09-11
271,IXD_PAR,FC_PAR2,SKU_0171,555,5.1,0.149,0.75,0.035,518.37,road,completed,2024-09-11
272,1DC_MAD,IXD_MAD,SKU_0056,669,8.1,0.112,0.422,0.011,364.61,road,completed,2024-09-11
273,IXD_PAR,FC_MUN1,SKU_0115,300,2.7,0.033,0.389,0.065,146.1,road,completed,2024-09-11
274,RDC_FRA,IXD_BER,SKU_0191,518,7.7,0.088,0.479,0.086,338.25,road,completed,2024-09-12
275,1DC_BCN,IXD_BER,SKU_0130,268,9.6,0.119,0.247,0.04,108.81,road,completed,2024-09-12
276,1DC_BCN,IXD_BCN,SKU_0153,343,8.4,0.1,0.762,0.021,302.87,road,completed,2024-09-12
277,IXD_BCN,FC_BCN2,SKU_0237,152,5.3,0.092,0.374,0.038,76.61,road,completed,2024-09-12
278,1DC_CDG,IXD_PAR,SKU_0018,456,8.9,0.084,0.718,0.069,397.18,road,completed,2024-09-12
279,IXD_BER,FC_BER1,SKU_0156,140,3.5,0.067,0.294,0.1,64.54,road,completed,2024-09-12
280,IXD_PAR,FC_MUN1,SKU_0216,203,6.8,0.076,0.122,0.049,50.14,road,completed,2024-09-12
281,IXD_BCN,FC_BCN2,SKU_0176,325,4.3,0.149,0.313,0.053,167.38,road,completed,2024-09-12
282,IXD_MAD,FC_MAD2,SKU_0109,550,3.7,0.041,0.25,0.067,196.9,road,completed,2024-09-12
283,1DC_BCN,IXD_BCN,SKU_0159,25,10.9,0.088,0.48,0.053,15.53,road,completed,2024-09-12
284,IXD_BCN,FC_BCN2,SKU_0232,373,5.6,0.042,0.487,0.072,224.17,road,completed,2024-09-12
285,IXD_PAR,FC_PAR2,SKU_0137,813,5.2,0.053,0.415,0.029,404.06,road,completed,2024-09-12
286,IXD_BCN,FC_BCN1,SKU_0045,629,2.1,0.131,0.438,0.058,394.38,road,completed,2024-09-12
287,RDC_IBE,IXD_MAD,SKU_0098,867,10.0,0.095,0.447,0.087,545.34,road,completed,2024-09-12
288,RDC_IBE,IXD_MAD,SKU_0167,43,9.4,0.085,0.063,0.038,8.0,road,completed,2024-09-12
289,IXD_BER,FC_BER1,SKU_0065,368,2.2,0.03,0.066,0.011,39.38,road,completed,2024-09-12
290,IXD_BCN,FC_BCN1,SKU_0092,750,3.6,0.104,0.434,0.085,467.25,road,completed,2024-09-12
291,RDC_FRA,IXD_PAR,SKU_0055,74,6.3,0.033,0.42,0.084,39.74,road,completed,2024-09-12
292,RDC_IBE,IXD_MAD,SKU_0207,487,8.9,0.09,0.675,0.065,404.21,road,completed,2024-09-12
293,1DC_MUC,IXD_PAR,SKU_0068,871,9.4,0.055,0.738,0.045,729.9,road,completed,2024-09-12
294,IXD_BCN,FC_BCN1,SKU_0150,69,3.9,0.055,0.683,0.025,52.65,road,completed,2024-09-12
295,IXD_PAR,FC_PAR2,SKU_0151,230,5.1,0.036,0.645,0.079,174.8,road,completed,2024-09-12
296,1DC_BCN,IXD_PAR,SKU_0197,332,8.9,0.111,0.31,0.065,161.35,road,completed,2024-09-13
297,IXD_BER,FC_BER1,SKU_0038,450,3.4,0.037,0.335,0.016,174.6,road,completed,2024-09-13
298,IXD_BCN,FC_BCN1,SKU_0041,498,4.0,0.068,0.244,0.073,191.73,road,completed,2024-09-13
299,IXD_BCN,FC_BCN2,SKU_0075,113,4.2,0.125,0.506,0.087,81.13,road,completed,2024-09-13
300,IXD_MAD,FC_MAD2,SKU_0094,449,3.8,0.107,0.621,0.073,359.65,road,completed,2024-09-13
301,RDC_LYS,IXD_PAR,SKU_0110,61,8.9,0.035,0.145,0.078,15.74,road,completed,2024-09-13
302,RDC_IBE,IXD_MAD,SKU_0049,553,8.4,0.085,0.735,0.027,468.39,road,completed,2024-09-13
303,IXD_PAR,FC_PAR2,SKU_0095,595,5.4,0.098,0.167,0.016,167.2,road,completed,2024-09-13
304,IXD_PAR,FC_MUN1,SKU_0223,517,3.1,0.105,0.394,0.046,281.77,road,completed,2024-09-13
305,1DC_MUC,IXD_PAR,SKU_0042,547,10.3,0.132,0.658,0.071,470.97,road,completed,2024-09-13
306,IXD_PAR,FC_PAR2,SKU_0052,568,4.7,0.081,0.629,0.015,411.8,road,completed,2024-09-13
307,1DC_BCN,IXD_BCN,SKU_0021,191,10.1,0.045,0.104,0.03,34.19,road,completed,2024-09-13
308,IXD_PAR,FC_MUN1,SKU_0202,235,2.6,0.061,0.105,0.036,47.47,road,completed,2024-09-13
309,IXD_MAD,FC_MAD2,SKU_0074,712,2.2,0.123,0.299,0.081,358.14,road,completed,2024-09-13
310,RDC_LYS,IXD_PAR,SKU_0159,455,11.5,0.097,0.145,0.024,121.03,road,completed,2024-09-13
311,RDC_LYS,IXD_PAR,SKU_0010,658,5.9,0.133,0.754,0.072,631.02,road,completed,2024-09-13
312,1DC_MUC,IXD_PAR,SKU_0247,85,7.5,0.112,0.265,0.044,35.78,road,completed,2024-09-13
313,IXD_BCN,FC_BCN1,SKU_0244,565,5.4,0.117,0.53,0.083,412.45,road,completed,2024-09-13
314,IXD_MAD,FC_MAD1,SKU_0121,124,5.7,0.069,0.719,0.012,99.2,road,completed,2024-09-13
315,RDC_IBE,IXD_BCN,SKU_0010,840,8.1,0.056,0.065,0.026,123.48,road,completed,2024-09-13
316,RDC_IBE,IXD_BCN,SKU_0054,616,7.7,0.051,0.695,0.048,489.1,road,completed,2024-09-13
317,RDC_IBE,IXD_MAD,SKU_0049,176,9.7,0.097,0.733,0.019,149.42,road,completed,2024-09-13
318,1DC_MAD,IXD_MAD,SKU_0105,858,8.6,0.119,0.61,0.02,642.64,road,completed,2024-09-13
319,IXD_PAR,FC_PAR1,SKU_0052,506,4.8,0.043,0.535,0.034,309.67,road,completed,2024-09-13
320,IXD_BER,FC_BER1,SKU_0140,471,2.2,0.034,0.672,0.017,340.53,road,completed,2024-09-14
321,IXD_BCN,FC_BCN2,SKU_0195,640,4.1,0.042,0.184,0.058,181.76,road,completed,2024-09-14
322,RDC_IBE,IXD_MAD,SKU_0233,199,8.1,0.071,0.645,0.047,151.84,road,completed,2024-09-14
323,RDC_IBE,IXD_BCN,SKU_0050,754,7.1,0.076,0.602,0.074,567.01,road,completed,2024-09-14
324,1DC_BCN,IXD_BCN,SKU_0225,893,8.2,0.085,0.182,0.073,303.62,road,completed,2024-09-14
325,IXD_PAR,FC_PAR2,SKU_0088,366,4.5,0.047,0.775,0.095,335.62,road,completed,2024-09-15
326,IXD_PAR,FC_MUN1,SKU_0164,816,4.8,0.136,0.709,0.04,722.16,road,completed,2024-09-15
327,RDC_LYS,IXD_PAR,SKU_0174,617,9.7,0.058,0.517,0.078,402.9,road,completed,2024-09-15
328,RDC_FRA,IXD_BER,SKU_0154,761,7.3,0.097,0.422,0.061,441.38,road,completed,2024-09-15
329,1DC_BCN,IXD_BER,SKU_0171,557,9.7,0.144,0.799,0.1,580.95,road,completed,2024-09-15
330,IXD_PAR,FC_PAR1,SKU_0070,418,4.8,0.109,0.499,0.07,283.4,road,completed,2024-09-16
331,RDC_IBE,IXD_BCN,SKU_0075,113,9.2,0.073,0.135,0.086,33.22,road,completed,2024-09-16
332,IXD_PAR,FC_PAR2,SKU_0232,242,6.7,0.055,0.203,0.025,68.49,road,completed,2024-09-16
333,RDC_FRA,IXD_PAR,SKU_0034,536,6.5,0.123,0.495,0.046,355.9,road,completed,2024-09-16
334,IXD_BER,FC_BER1,SKU_0208,565,2.7,0.12,0.209,0.018,196.05,road,completed,2024-09-16
335,RDC_IBE,IXD_MAD,SKU_0016,749,9.9,0.111,0.354,0.088,414.2,road,completed,2024-09-16
336,IXD_BCN,FC_BCN2,SKU_0180,650,4.0,0.124,0.751,0.076,618.15,road,completed,2024-09-16
337,RDC_LYS,IXD_PAR,SKU_0021,38,10.2,0.071,0.379,0.016,17.71,road,completed,2024-09-16
338,RDC_IBE,IXD_BCN,SKU_0175,76,11.1,0.085,0.48,0.014,44.0,road,completed,2024-09-16
339,IXD_PAR,FC_PAR2,SKU_0157,482,4.0,0.103,0.791,0.088,473.32,road,completed,2024-09-16
340,RDC_LYS,IXD_PAR,SKU_0066,184,8.9,0.063,0.3,0.077,80.96,road,completed,2024-09-16
341,IXD_MAD,FC_MAD1,SKU_0182,581,5.1,0.082,0.368,0.068,300.96,road,completed,2024-09-16
342,1DC_BCN,IXD_BCN,SKU_0142,65,8.3,0.099,0.702,0.076,57.01,road,completed,2024-09-16
343,IXD_BCN,FC_BCN2,SKU_0032,837,3.6,0.146,0.609,0.036,662.07,road,completed,2024-09-16
344,RDC_LYS,IXD_PAR,SKU_0143,377,9.1,0.059,0.25,0.067,141.75,road,completed,2024-09-16
345,IXD_MAD,FC_MAD1,SKU_0233,244,4.1,0.124,0.241,0.09,111.02,road,completed,2024-09-16
346,IXD_MAD,FC_MAD1,SKU_0078,483,5.5,0.113,0.575,0.077,369.5,road,completed,2024-09-16
347,IXD_MAD,FC_MAD1,SKU_0088,236,5.7,0.102,0.593,0.011,166.62,road,completed,2024-09-16
348,RDC_LYS,IXD_PAR,SKU_0065,46,7.9,0.064,0.522,0.022,27.97,road,completed,2024-09-16
349,IXD_MAD,FC_MAD2,SKU_0136,686,3.9,0.07,0.519,0.051,439.04,road,completed,2024-09-16
350,RDC_FRA,IXD_BER,SKU_0005,602,10.3,0.042,0.164,0.081,172.77,road,completed,2024-09-16
351,1DC_BCN,IXD_BER,SKU_0240,285,9.7,0.136,0.635,0.058,236.26,road,completed,2024-09-17
352,RDC_FRA,IXD_PAR,SKU_0042,28,6.3,0.1,0.061,0.049,5.88,road,completed,2024-09-17
353,IXD_MAD,FC_MAD2,SKU_0222,123,2.2,0.13,0.565,0.066,93.6,road,completed,2024-09-17
354,IXD_BCN,FC_BCN2,SKU_0088,684,4.2,0.037,0.553,0.042,432.29,road,completed,2024-09-17
355,1DC_MAD,IXD_MAD,SKU_0128,632,9.2,0.087,0.449,0.015,348.23,road,completed,2024-09-17
356,IXD_MAD,FC_MAD2,SKU_0196,510,5.7,0.052,0.326,0.052,219.3,road,completed,2024-09-17
357,RDC_FRA,IXD_PAR,SKU_0010,721,7.6,0.044,0.223,0.03,214.14,road,completed,2024-09-17
358,1DC_BCN,IXD_BCN,SKU_0237,210,7.7,0.14,0.362,0.05,115.92,road,completed,2024-09-17
359,1DC_CDG,IXD_PAR,SKU_0049,261,9.8,0.038,0.125,0.018,47.24,road,completed,2024-09-17
360,RDC_FRA,IXD_BER,SKU_0157,317,11.0,0.113,0.168,0.047,103.98,road,completed,2024-09-17
361,RDC_FRA,IXD_BER,SKU_0023,396,8.3,0.066,0.209,0.063,133.85,road,completed,2024-09-17
362,1DC_BCN,IXD_BCN,SKU_0165,688,10.7,0.044,0.107,0.084,161.68,road,completed,2024-09-17
363,1DC_MUC,IXD_PAR,SKU_0220,859,7.7,0.115,0.374,0.018,435.51,road,completed,2024-09-17
364,IXD_BER,FC_BER1,SKU_0108,742,4.2,0.141,0.294,0.027,342.8,road,completed,2024-09-17
365,1DC_MAD,IXD_MAD,SKU_0036,352,9.1,0.112,0.673,0.056,296.03,road,completed,2024-09-17
366,1DC_MUC,IXD_PAR,SKU_0211,753,6.4,0.098,0.584,0.064,561.74,road,completed,2024-09-17
367,IXD_BER,FC_BER1,SKU_0250,468,2.6,0.085,0.462,0.1,302.8,road,completed,2024-09-17
368,IXD_MAD,FC_MAD2,SKU_0046,142,3.1,0.148,0.341,0.011,71.0,road,completed,2024-09-17
369,IXD_BER,FC_BER1,SKU_0023,167,2.5,0.054,0.569,0.081,117.57,road,completed,2024-09-17
370,IXD_BCN,FC_BCN2,SKU_0072,61,4.7,0.085,0.203,0.09,23.06,road,completed,2024-09-17
371,IXD_PAR,FC_MUN1,SKU_0004,129,5.0,0.078,0.156,0.067,38.83,road,completed,2024-09-17
372,IXD_MAD,FC_MAD2,SKU_0147,137,3.9,0.111,0.144,0.095,47.95,road,completed,2024-09-17
373,1DC_BCN,IXD_BER,SKU_0211,443,11.5,0.142,0.175,0.094,182.07,road,completed,2024-09-17
374,1DC_BCN,IXD_BCN,SKU_0234,435,9.6,0.068,0.264,0.045,164.0,road,completed,2024-09-17
375,IXD_BER,FC_BER1,SKU_0157,463,3.6,0.087,0.279,0.053,194.0,road,completed,2024-09-17
376,IXD_MAD,FC_MAD1,SKU_0153,546,3.2,0.137,0.117,0.031,155.61,road,completed,2024-09-17
377,RDC_IBE,IXD_MAD,SKU_0125,649,9.0,0.123,0.602,0.095,532.18,road,completed,2024-09-17
378,1DC_MAD,IXD_MAD,SKU_0213,483,10.6,0.08,0.696,0.021,384.95,road,completed,2024-09-17
379,1DC_BCN,IXD_BER,SKU_0076,897,8.5,0.102,0.517,0.087,633.28,road,completed,2024-09-17
380,RDC_LYS,IXD_PAR,SKU_0079,772,7.0,0.045,0.362,0.014,325.01,road,completed,2024-09-17
381,IXD_PAR,FC_PAR1,SKU_0250,727,4.4,0.048,0.072,0.048,122.14,road,completed,2024-09-18
382,RDC_IBE,IXD_MAD,SKU_0249,533,7.2,0.078,0.28,0.018,200.41,road,completed,2024-09-18
383,IXD_BCN,FC_BCN1,SKU_0098,91,4.3,0.111,0.326,0.025,42.04,road,completed,2024-09-18
384,1DC_MAD,IXD_MAD,SKU_0188,365,10.1,0.102,0.733,0.055,324.85,road,completed,2024-09-18
385,IXD_BCN,FC_BCN1,SKU_0146,35,3.5,0.053,0.66,0.089,28.07,road,completed,2024-09-18
386,IXD_MAD,FC_MAD2,SKU_0189,786,6.4,0.128,0.77,0.076,765.56,road,completed,2024-09-18
387,1DC_BCN,IXD_BCN,SKU_0013,160,7.8,0.086,0.068,0.086,38.4,road,completed,2024-09-18
388,1DC_MAD,IXD_MAD,SKU_0224,560,5.8,0.107,0.674,0.073,478.24,road,completed,2024-09-18
389,RDC_IBE,IXD_BCN,SKU_0152,661,5.8,0.048,0.764,0.052,571.1,road,completed,2024-09-18
390,1DC_MAD,IXD_MAD,SKU_0012,828,8.9,0.096,0.217,0.062,310.5,road,completed,2024-09-18
391,RDC_LYS,IXD_PAR,SKU_0028,735,9.9,0.044,0.231,0.079,260.19,road,completed,2024-09-18
392,IXD_PAR,FC_MUN1,SKU_0236,834,4.1,0.085,0.168,0.06,261.04,road,completed,2024-09-18
393,IXD_PAR,FC_MUN1,SKU_0113,566,6.8,0.129,0.234,0.011,211.68,road,completed,2024-09-18
394,RDC_LYS,IXD_PAR,SKU_0034,627,8.8,0.121,0.677,0.04,525.43,road,completed,2024-09-18
395,IXD_PAR,FC_PAR1,SKU_0176,286,1.3,0.126,0.333,0.051,145.86,road,completed,2024-09-18
396,1DC_MAD,IXD_MAD,SKU_0230,432,8.7,0.093,0.282,0.071,192.67,road,completed,2024-09-18
397,RDC_LYS,IXD_PAR,SKU_0151,537,8.8,0.114,0.156,0.026,158.95,road,completed,2024-09-18
398,1DC_BCN,IXD_BCN,SKU_0054,30,8.6,0.059,0.535,0.063,19.71,road,completed,2024-09-18
399,RDC_LYS,IXD_PAR,SKU_0149,742,6.7,0.096,0.616,0.017,540.92,road,completed,2024-09-18
400,IXD_PAR,FC_MUN1,SKU_0064,219,5.3,0.03,0.391,0.096,113.22,road,completed,2024-09-18
401,1DC_MUC,IXD_PAR,SKU_0223,309,8.7,0.064,0.685,0.025,239.17,road,completed,2024-09-18
402,RDC_IBE,IXD_BCN,SKU_0147,591,11.4,0.047,0.44,0.098,345.73,road,completed,2024-09-18
403,1DC_CDG,IXD_PAR,SKU_0204,822,6.0,0.079,0.556,0.063,573.76,road,completed,2024-09-18
404,RDC_FRA,IXD_BER,SKU_0070,870,10.8,0.122,0.786,0.02,807.36,road,completed,2024-09-18
405,RDC_FRA,IXD_BER,SKU_0034,266,9.4,0.091,0.197,0.011,79.53,road,completed,2024-09-19
406,IXD_PAR,FC_PAR2,SKU_0183,700,3.9,0.087,0.745,0.026,600.6,road,completed,2024-09-19
407,IXD_PAR,FC_PAR2,SKU_0032,755,4.4,0.069,0.32,0.089,360.89,road,completed,2024-09-19
408,IXD_MAD,FC_MAD2,SKU_0022,841,2.8,0.092,0.795,0.021,763.63,road,completed,2024-09-19
409,IXD_PAR,FC_PAR1,SKU_0183,464,4.5,0.079,0.425,0.083,272.37,road,completed,2024-09-19
410,RDC_IBE,IXD_BCN,SKU_0044,721,8.9,0.138,0.632,0.09,620.06,road,completed,2024-09-19
411,IXD_BCN,FC_BCN2,SKU_0134,810,3.7,0.133,0.693,0.088,740.34,road,completed,2024-09-19
412,RDC_IBE,IXD_BCN,SKU_0142,396,5.2,0.129,0.09,0.036,100.98,road,completed,2024-09-19
413,RDC_IBE,IXD_BCN,SKU_0049,804,8.0,0.119,0.237,0.04,318.38,road,completed,2024-09-19
414,1DC_BCN,IXD_BER,SKU_0131,626,11.1,0.145,0.453,0.086,428.18,road,completed,2024-09-19
415,IXD_MAD,FC_MAD2,SKU_0110,253,4.2,0.127,0.349,0.084,141.68,road,completed,2024-09-19
416,1DC_BCN,IXD_BER,SKU_0037,483,10.1,0.052,0.447,0.067,273.38,road,completed,2024-09-19
417,IXD_PAR,FC_PAR1,SKU_0132,809,5.1,0.112,0.395,0.018,424.73,road,completed,2024-09-19
418,1DC_BCN,IXD_BCN,SKU_0217,564,8.7,0.138,0.61,0.041,445.0,road,completed,2024-09-19
419,1DC_BCN,IXD_BCN,SKU_0166,857,10.2,0.122,0.587,0.053,653.03,road,completed,2024-09-19
420,1DC_BCN,IXD_BCN,SKU_0048,549,8.8,0.044,0.109,0.037,104.31,road,completed,2024-09-19
421,IXD_MAD,FC_MAD1,SKU_0162,896,4.6,0.041,0.605,0.076,646.91,road,completed,2024-09-19
422,IXD_BCN,FC_BCN1,SKU_0195,322,3.3,0.094,0.492,0.023,196.1,road,completed,2024-09-19
423,IXD_PAR,FC_PAR2,SKU_0057,327,5.8,0.1,0.677,0.011,257.68,road,completed,2024-09-19
424,1DC_BCN,IXD_BCN,SKU_0152,482,6.4,0.103,0.235,0.042,183.16,road,completed,2024-09-19
425,IXD_BCN,FC_BCN1,SKU_0027,653,5.2,0.074,0.55,0.028,425.76,road,completed,2024-09-19
426,RDC_IBE,IXD_BCN,SKU_0007,473,9.0,0.038,0.053,0.073,77.57,road,completed,2024-09-19
427,IXD_BCN,FC_BCN2,SKU_0176,760,1.1,0.078,0.6,0.087,581.4,road,completed,2024-09-19
428,RDC_LYS,IXD_PAR,SKU_0204,676,11.9,0.093,0.145,0.038,186.58,road,completed,2024-09-19
429,1DC_BCN,IXD_BCN,SKU_0137,418,7.9,0.099,0.503,0.03,264.18,road,completed,2024-09-19
430,IXD_PAR,FC_PAR1,SKU_0230,282,5.4,0.047,0.743,0.055,238.29,road,completed,2024-09-19
431,1DC_BCN,IXD_PAR,SKU_0022,829,9.0,0.057,0.478,0.087,515.64,road,completed,2024-09-19
432,1DC_BCN,IXD_BER,SKU_0007,744,9.1,0.031,0.546,0.035,455.33,road,completed,2024-09-19
433,RDC_LYS,IXD_PAR,SKU_0123,773,8.4,0.114,0.698,0.016,640.04,road,completed,2024-09-19
434,1DC_BCN,IXD_BCN,SKU_0113,77,8.0,0.149,0.445,0.044,49.13,road,completed,2024-09-19
435,1DC_BCN,IXD_PAR,SKU_0026,734,7.1,0.095,0.322,0.06,350.12,road,completed,2024-09-19
436,IXD_MAD,FC_MAD2,SKU_0132,276,3.5,0.109,0.655,0.037,221.08,road,completed,2024-09-19
437,IXD_BCN,FC_BCN1,SKU_0178,487,1.0,0.041,0.722,0.024,383.27,road,completed,2024-09-19
438,IXD_BER,FC_BER1,SKU_0100,374,1.6,0.063,0.56,0.038,247.21,road,completed,2024-09-19
439,IXD_BER,FC_BER1,SKU_0118,117,6.2,0.07,0.63,0.095,93.02,road,completed,2024-09-19
440,1DC_BCN,IXD_BCN,SKU_0036,59,8.8,0.093,0.543,0.072,41.77,road,completed,2024-09-19
441,IXD_MAD,FC_MAD2,SKU_0146,452,3.9,0.089,0.492,0.027,274.82,road,completed,2024-09-19
442,RDC_FRA,IXD_BER,SKU_0093,758,9.1,0.085,0.109,0.013,156.91,road,completed,2024-09-19
443,RDC_IBE,IXD_MAD,SKU_0089,864,7.9,0.103,0.521,0.068,597.89,road,completed,2024-09-20
444,IXD_BCN,FC_BCN1,SKU_0017,536,1.7,0.113,0.437,0.096,346.26,road,completed,2024-09-20
445,IXD_BCN,FC_BCN1,SKU_0053,306,5.1,0.144,0.171,0.064,115.97,road,completed,2024-09-20
446,IXD_PAR,FC_MUN1,SKU_0056,153,4.4,0.113,0.098,0.032,37.18,road,completed,2024-09-20
447,1DC_MAD,IXD_MAD,SKU_0145,34,7.8,0.064,0.086,0.054,6.94,road,completed,2024-09-20
448,IXD_BER,FC_BER1,SKU_0142,336,5.7,0.109,0.546,0.011,223.78,road,completed,2024-09-20
449,RDC_LYS,IXD_PAR,SKU_0225,367,5.6,0.082,0.602,0.023,259.47,road,completed,2024-09-20
450,IXD_PAR,FC_PAR2,SKU_0141,520,6.4,0.126,0.085,0.039,130.0,road,completed,2024-09-20
451,RDC_IBE,IXD_BCN,SKU_0175,492,9.1,0.118,0.473,0.034,307.5,road,completed,2024-09-20
452,IXD_MAD,FC_MAD2,SKU_0155,899,5.8,0.099,0.134,0.079,280.49,road,completed,2024-09-20
453,IXD_BER,FC_BER1,SKU_0136,792,4.8,0.095,0.335,0.047,377.78,road,completed,2024-09-20
454,RDC_FRA,IXD_BER,SKU_0106,737,9.8,0.111,0.406,0.016,392.82,road,completed,2024-09-20
455,IXD_PAR,FC_MUN1,SKU_0048,632,7.5,0.079,0.742,0.061,557.42,road,completed,2024-09-20
456,RDC_LYS,IXD_PAR,SKU_0177,413,7.5,0.063,0.455,0.065,240.78,road,completed,2024-09-20
457,IXD_BCN,FC_BCN2,SKU_0025,726,3.0,0.047,0.296,0.025,267.17,road,completed,2024-09-20
458,IXD_PAR,FC_MUN1,SKU_0010,390,5.8,0.147,0.303,0.04,191.1,road,completed,2024-09-20
459,IXD_PAR,FC_PAR2,SKU_0042,291,4.4,0.065,0.667,0.017,217.96,road,completed,2024-09-20
460,IXD_BER,FC_BER1,SKU_0133,625,3.4,0.042,0.715,0.02,485.62,road,completed,2024-09-20
461,IXD_MAD,FC_MAD2,SKU_0016,468,1.1,0.141,0.678,0.017,391.25,road,completed,2024-09-20
462,RDC_IBE,IXD_MAD,SKU_0026,266,8.2,0.109,0.453,0.038,159.6,road,completed,2024-09-20
463,RDC_IBE,IXD_MAD,SKU_0240,338,10.6,0.032,0.343,0.038,139.59,road,completed,2024-09-20
464,RDC_FRA,IXD_BER,SKU_0204,386,10.4,0.052,0.358,0.025,167.91,road,completed,2024-09-20
465,RDC_IBE,IXD_MAD,SKU_0013,533,5.6,0.109,0.059,0.038,109.8,road,completed,2024-09-20
466,IXD_PAR,FC_PAR1,SKU_0102,691,1.3,0.06,0.621,0.085,529.31,road,completed,2024-09-20
467,IXD_BCN,FC_BCN1,SKU_0076,635,4.0,0.076,0.364,0.054,313.69,road,completed,2024-09-20
468,1DC_MAD,IXD_MAD,SKU_0201,503,8.4,0.104,0.571,0.075,377.25,road,completed,2024-09-20
469,IXD_PAR,FC_PAR1,SKU_0115,449,4.0,0.038,0.064,0.062,73.64,road,completed,2024-09-20
470,RDC_IBE,IXD_BCN,SKU_0193,60,9.1,0.078,0.777,0.039,53.64,road,completed,2024-09-20
471,1DC_BCN,IXD_BER,SKU_0018,78,11.3,0.148,0.595,0.064,62.95,road,completed,2024-09-20
472,1DC_MAD,IXD_MAD,SKU_0089,484,8.7,0.147,0.308,0.012,226.03,road,completed,2024-09-20
473,IXD_BCN,FC_BCN1,SKU_0077,300,1.0,0.039,0.37,0.086,148.5,road,completed,2024-09-20
474,1DC_BCN,IXD_BER,SKU_0011,403,8.0,0.09,0.375,0.082,220.44,road,completed,2024-09-20
475,RDC_IBE,IXD_MAD,SKU_0042,136,5.3,0.084,0.456,0.026,76.98,road,completed,2024-09-20
476,1DC_MAD,IXD_MAD,SKU_0083,218,7.8,0.057,0.409,0.045,111.4,road,completed,2024-09-20
477,IXD_BCN,FC_BCN1,SKU_0048,24,4.2,0.111,0.212,0.09,9.91,road,completed,2024-09-20
478,1DC_CDG,IXD_PAR,SKU_0213,814,9.9,0.137,0.411,0.043,481.07,road,completed,2024-09-20
479,IXD_PAR,FC_MUN1,SKU_0157,297,5.7,0.142,0.341,0.059,160.97,road,completed,2024-09-20
480,1DC_MAD,IXD_MAD,SKU_0071,139,9.7,0.064,0.364,0.098,73.11,road,completed,2024-09-20
481,IXD_BCN,FC_BCN1,SKU_0113,387,3.7,0.087,0.525,0.036,250.78,road,completed,2024-09-20
482,IXD_PAR,FC_PAR2,SKU_0174,787,2.7,0.129,0.325,0.08,420.26,road,completed,2024-09-20
483,1DC_CDG,IXD_PAR,SKU_0115,601,9.0,0.059,0.339,0.071,281.87,road,completed,2024-09-21
484,RDC_LYS,IXD_PAR,SKU_0103,374,9.9,0.089,0.714,0.039,314.91,road,completed,2024-09-21
485,IXD_BCN,FC_BCN2,SKU_0124,563,5.8,0.077,0.245,0.066,218.44,road,completed,2024-09-21
486,IXD_PAR,FC_PAR1,SKU_0144,509,3.2,0.083,0.356,0.028,237.7,road,completed,2024-09-21
487,1DC_BCN,IXD_PAR,SKU_0245,38,7.1,0.053,0.443,0.049,20.71,road,completed,2024-09-21
488,IXD_MAD,FC_MAD1,SKU_0125,602,7.7,0.135,0.551,0.055,446.08,road,completed,2024-09-21
489,IXD_BER,FC_BER1,SKU_0171,751,2.8,0.124,0.598,0.026,561.75,road,completed,2024-09-22
490,IXD_BCN,FC_BCN1,SKU_0176,739,6.7,0.069,0.451,0.037,411.62,road,completed,2024-09-22
491,RDC_IBE,IXD_MAD,SKU_0211,91,9.0,0.079,0.246,0.047,33.85,road,completed,2024-09-22
492,IXD_BCN,FC_BCN2,SKU_0220,345,4.2,0.04,0.098,0.09,78.66,road,completed,2024-09-22
493,RDC_IBE,IXD_MAD,SKU_0161,650,7.1,0.09,0.681,0.066,544.05,road,completed,2024-09-22
494,IXD_BER,FC_BER1,SKU_0081,826,5.7,0.082,0.357,0.015,375.0,road,completed,2024-09-22
495,IXD_BCN,FC_BCN2,SKU_0004,839,5.3,0.122,0.312,0.031,390.14,road,completed,2024-09-22
496,IXD_BER,FC_BER1,SKU_0010,129,6.8,0.07,0.569,0.025,85.66,road,completed,2024-09-22
497,IXD_BER,FC_BER1,SKU_0020,775,3.9,0.046,0.796,0.096,726.95,road,completed,2024-09-22
498,IXD_PAR,FC_PAR2,SKU_0040,724,2.7,0.073,0.415,0.051,390.24,road,completed,2024-09-22
499,IXD_MAD,FC_MAD2,SKU_0030,408,2.0,0.095,0.155,0.095,140.76,road,completed,2024-09-22
500,RDC_IBE,IXD_MAD,SKU_0205,494,8.4,0.108,0.425,0.015,270.71,road,completed,2024-09-22
501,1DC_CDG,IXD_PAR,SKU_0009,757,7.9,0.122,0.45,0.05,470.85,road,completed,2024-09-23
502,IXD_PAR,FC_PAR2,SKU_0093,477,3.5,0.112,0.212,0.06,183.17,road,completed,2024-09-23
503,RDC_IBE,IXD_MAD,SKU_0049,150,7.5,0.149,0.58,0.016,111.75,road,completed,2024-09-23
504,IXD_MAD,FC_MAD2,SKU_0100,614,5.8,0.105,0.237,0.063,248.67,road,completed,2024-09-23
505,IXD_BCN,FC_BCN1,SKU_0100,634,1.0,0.092,0.615,0.029,466.62,road,completed,2024-09-23
506,IXD_PAR,FC_MUN1,SKU_0131,299,4.1,0.087,0.726,0.027,251.16,road,completed,2024-09-23
507,RDC_IBE,IXD_BCN,SKU_0067,326,6.9,0.077,0.508,0.035,202.12,road,completed,2024-09-23
508,1DC_BCN,IXD_BCN,SKU_0098,428,8.8,0.066,0.443,0.098,259.8,road,completed,2024-09-23
509,RDC_FRA,IXD_BER,SKU_0237,884,8.3,0.081,0.354,0.099,472.06,road,completed,2024-09-23
510,RDC_FRA,IXD_PAR,SKU_0069,294,8.6,0.145,0.232,0.023,117.6,road,completed,2024-09-23
511,1DC_CDG,IXD_PAR,SKU_0176,63,7.0,0.1,0.18,0.038,20.03,road,completed,2024-09-23
512,RDC_IBE,IXD_MAD,SKU_0151,548,9.0,0.047,0.186,0.078,170.43,road,completed,2024-09-23
513,1DC_MUC,IXD_PAR,SKU_0036,680,8.8,0.112,0.315,0.029,310.08,road,completed,2024-09-23
514,1DC_CDG,IXD_PAR,SKU_0084,317,9.8,0.11,0.174,0.031,99.86,road,completed,2024-09-23
515,1DC_BCN,IXD_BCN,SKU_0197,570,6.5,0.133,0.389,0.053,327.75,road,completed,2024-09-23
516,1DC_BCN,IXD_BCN,SKU_0193,67,8.7,0.117,0.07,0.032,14.67,road,completed,2024-09-23
517,IXD_PAR,FC_MUN1,SKU_0062,184,4.8,0.081,0.766,0.089,172.22,road,completed,2024-09-23
518,IXD_PAR,FC_PAR1,SKU_0070,671,4.5,0.128,0.792,0.023,632.75,road,completed,2024-09-23
519,IXD_MAD,FC_MAD2,SKU_0208,283,6.5,0.059,0.586,0.096,209.7,road,completed,2024-09-23
520,RDC_FRA,IXD_PAR,SKU_0015,784,7.7,0.051,0.516,0.09,515.09,road,completed,2024-09-23
521,IXD_PAR,FC_PAR2,SKU_0140,172,5.1,0.047,0.205,0.092,59.17,road,completed,2024-09-24
522,1DC_BCN,IXD_BCN,SKU_0092,394,10.2,0.092,0.602,0.025,283.29,road,completed,2024-09-24
523,1DC_MAD,IXD_MAD,SKU_0123,576,7.9,0.044,0.133,0.093,155.52,road,completed,2024-09-24
524,IXD_PAR,FC_PAR2,SKU_0006,698,1.2,0.085,0.674,0.073,580.74,road,completed,2024-09-24
525,IXD_MAD,FC_MAD1,SKU_0065,749,5.7,0.128,0.275,0.084,364.76,road,completed,2024-09-24
526,IXD_PAR,FC_MUN1,SKU_0168,636,4.6,0.058,0.133,0.083,174.26,road,completed,2024-09-24
527,IXD_BER,FC_BER1,SKU_0054,139,3.9,0.111,0.148,0.024,39.34,road,completed,2024-09-24
528,IXD_PAR,FC_PAR1,SKU_0154,762,5.0,0.099,0.26,0.048,310.13,road,completed,2024-09-24
529,IXD_PAR,FC_PAR1,SKU_0132,238,1.0,0.115,0.656,0.082,203.01,road,completed,2024-09-24
530,1DC_BCN,IXD_BCN,SKU_0220,374,7.2,0.115,0.151,0.027,109.58,road,completed,2024-09-24
531,IXD_MAD,FC_MAD1,SKU_0090,55,3.5,0.131,0.418,0.016,31.07,road,completed,2024-09-24
532,IXD_MAD,FC_MAD1,SKU_0079,208,4.1,0.058,0.636,0.083,161.62,road,completed,2024-09-24
533,IXD_BCN,FC_BCN1,SKU_0064,465,4.1,0.147,0.75,0.09,458.95,road,completed,2024-09-24
534,IXD_PAR,FC_PAR1,SKU_0011,407,2.3,0.099,0.515,0.076,280.83,road,completed,2024-09-24
535,IXD_BCN,FC_BCN2,SKU_0170,665,1.8,0.128,0.215,0.07,274.64,road,completed,2024-09-24
536,IXD_MAD,FC_MAD2,SKU_0106,166,4.5,0.033,0.105,0.017,25.73,road,completed,2024-09-24
537,IXD_BCN,FC_BCN2,SKU_0002,722,5.3,0.035,0.053,0.058,105.41,road,completed,2024-09-24
538,1DC_MAD,IXD_MAD,SKU_0033,76,8.0,0.05,0.456,0.031,40.81,road,completed,2024-09-24
539,IXD_PAR,FC_PAR2,SKU_0197,70,4.6,0.093,0.446,0.036,40.25,road,completed,2024-09-24
540,1DC_BCN,IXD_BER,SKU_0218,477,10.7,0.134,0.265,0.088,232.3,road,completed,2024-09-24
541,IXD_MAD,FC_MAD1,SKU_0208,496,6.0,0.129,0.723,0.065,454.83,road,completed,2024-09-24
542,RDC_IBE,IXD_BCN,SKU_0232,518,8.7,0.077,0.293,0.076,231.03,road,completed,2024-09-24
543,IXD_PAR,FC_PAR2,SKU_0184,459,4.4,0.123,0.187,0.095,185.9,road,completed,2024-09-24
544,1DC_MAD,IXD_MAD,SKU_0109,40,8.8,0.036,0.567,0.091,27.76,road,completed,2024-09-24
545,1DC_MUC,IXD_PAR,SKU_0101,862,12.9,0.146,0.199,0.077,363.76,rail,completed,2024-09-24
546,IXD_BCN,FC_BCN1,SKU_0040,884,6.8,0.109,0.758,0.065,823.89,road,completed,2024-09-24
547,IXD_PAR,FC_PAR2,SKU_0230,326,2.2,0.076,0.362,0.052,159.74,road,completed,2024-09-25
548,IXD_PAR,FC_PAR1,SKU_0158,897,5.1,0.116,0.279,0.012,365.08,road,completed,2024-09-25
549,1DC_BCN,IXD_BCN,SKU_0055,798,8.0,0.143,0.383,0.027,441.29,road,completed,2024-09-25
550,IXD_PAR,FC_PAR1,SKU_0188,119,5.7,0.091,0.184,0.096,44.15,road,completed,2024-09-25
551,IXD_MAD,FC_MAD1,SKU_0217,760,4.2,0.143,0.564,0.072,592.04,road,completed,2024-09-25
552,IXD_MAD,FC_MAD2,SKU_0110,819,4.1,0.118,0.703,0.029,696.15,road,completed,2024-09-25
553,IXD_MAD,FC_MAD2,SKU_0085,65,3.1,0.044,0.257,0.052,22.95,road,completed,2024-09-25
554,IXD_BER,FC_BER1,SKU_0119,571,9.5,0.082,0.082,0.069,133.04,road,completed,2024-09-25
555,RDC_IBE,IXD_BCN,SKU_0228,379,8.5,0.102,0.689,0.021,307.75,road,completed,2024-09-25
556,1DC_BCN,IXD_BER,SKU_0165,769,8.3,0.059,0.211,0.096,281.45,road,completed,2024-09-25
557,RDC_LYS,IXD_PAR,SKU_0074,77,10.5,0.045,0.778,0.068,68.61,road,completed,2024-09-25
558,1DC_BCN,IXD_BER,SKU_0023,347,9.9,0.072,0.444,0.068,202.65,road,completed,2024-09-25
559,IXD_PAR,FC_MUN1,SKU_0128,810,3.7,0.071,0.296,0.095,374.22,road,completed,2024-09-25
560,1DC_MAD,IXD_MAD,SKU_0131,800,8.9,0.046,0.194,0.015,204.0,road,completed,2024-09-25
561,IXD_PAR,FC_PAR1,SKU_0066,417,6.4,0.094,0.529,0.011,264.38,road,completed,2024-09-25
562,1DC_MAD,IXD_MAD,SKU_0063,538,5.5,0.111,0.689,0.059,462.14,road,completed,2024-09-25
563,RDC_LYS,IXD_PAR,SKU_0158,251,11.8,0.049,0.352,0.035,109.44,road,completed,2024-09-25
564,IXD_PAR,FC_PAR2,SKU_0012,87,1.3,0.145,0.387,0.031,48.98,road,completed,2024-09-25
565,RDC_FRA,IXD_PAR,SKU_0018,68,9.0,0.081,0.194,0.014,19.65,road,completed,2024-09-25
566,IXD_PAR,FC_PAR1,SKU_0022,208,2.9,0.105,0.451,0.089,134.16,road,completed,2024-09-25
567,IXD_MAD,FC_MAD1,SKU_0120,341,4.2,0.08,0.631,0.075,268.03,road,completed,2024-09-25
568,IXD_BCN,FC_BCN1,SKU_0178,42,3.4,0.104,0.341,0.065,21.42,road,completed,2024-09-25
569,IXD_PAR,FC_PAR2,SKU_0104,880,5.7,0.042,0.665,0.087,698.72,road,completed,2024-09-25
570,RDC_IBE,IXD_MAD,SKU_0222,109,7.3,0.068,0.373,0.03,51.34,road,completed,2024-09-25
571,RDC_IBE,IXD_MAD,SKU_0150,524,4.2,0.069,0.791,0.072,488.37,road,completed,2024-09-25
572,1DC_MAD,IXD_MAD,SKU_0246,288,4.8,0.046,0.522,0.047,177.12,road,completed,2024-09-25
573,IXD_BCN,FC_BCN2,SKU_0031,695,2.0,0.087,0.535,0.059,473.3,road,completed,2024-09-26
574,IXD_MAD,FC_MAD2,SKU_0231,344,2.6,0.145,0.752,0.07,332.65,road,completed,2024-09-26
575,RDC_IBE,IXD_MAD,SKU_0008,446,6.2,0.127,0.626,0.09,375.98,road,completed,2024-09-26
576,IXD_MAD,FC_MAD1,SKU_0199,371,2.9,0.031,0.65,0.041,267.86,road,completed,2024-09-26
577,IXD_BCN,FC_BCN1,SKU_0095,435,3.8,0.105,0.765,0.033,392.81,road,completed,2024-09-26
578,RDC_LYS,IXD_PAR,SKU_0185,897,9.7,0.072,0.224,0.098,353.42,road,completed,2024-09-26
579,RDC_IBE,IXD_MAD,SKU_0229,642,7.1,0.13,0.727,0.05,582.29,road,completed,2024-09-26
580,IXD_MAD,FC_MAD1,SKU_0217,849,5.5,0.055,0.085,0.062,171.5,road,completed,2024-09-26
581,1DC_MAD,IXD_MAD,SKU_0241,533,7.5,0.039,0.468,0.045,294.22,road,completed,2024-09-26
582,RDC_FRA,IXD_PAR,SKU_0231,522,7.9,0.031,0.263,0.026,167.04,road,completed,2024-09-26
583,RDC_FRA,IXD_PAR,SKU_0112,87,8.7,0.09,0.29,0.078,39.85,road,completed,2024-09-26
584,1DC_CDG,IXD_PAR,SKU_0122,661,7.2,0.107,0.054,0.081,159.96,road,completed,2024-09-26
585,1DC_BCN,IXD_BCN,SKU_0225,865,7.3,0.041,0.229,0.085,307.07,road,completed,2024-09-26
586,RDC_IBE,IXD_MAD,SKU_0071,864,8.2,0.14,0.11,0.075,280.8,road,completed,2024-09-26
587,RDC_IBE,IXD_MAD,SKU_0028,383,8.4,0.109,0.469,0.075,250.1,road,completed,2024-09-26
588,1DC_BCN,IXD_BCN,SKU_0120,806,7.7,0.065,0.534,0.074,542.44,road,completed,2024-09-26
589,IXD_PAR,FC_PAR1,SKU_0097,97,4.0,0.092,0.74,0.089,89.34,road,completed,2024-09-26
590,IXD_PAR,FC_PAR1,SKU_0144,607,5.1,0.113,0.459,0.085,398.8,road,completed,2024-09-26
591,IXD_MAD,FC_MAD2,SKU_0242,356,3.1,0.105,0.382,0.054,192.6,road,completed,2024-09-26
592,RDC_IBE,IXD_BCN,SKU_0075,547,3.7,0.044,0.189,0.071,166.29,road,completed,2024-09-26
593,1DC_BCN,IXD_BCN,SKU_0058,554,9.7,0.137,0.682,0.044,478.1,road,completed,2024-09-26
594,RDC_FRA,IXD_BER,SKU_0146,501,5.9,0.1,0.458,0.016,287.57,road,completed,2024-09-26
595,IXD_BER,FC_BER1,SKU_0106,719,3.4,0.104,0.139,0.076,229.36,road,completed,2024-09-26
596,IXD_MAD,FC_MAD1,SKU_0223,483,3.0,0.09,0.526,0.073,332.79,road,completed,2024-09-26
597,IXD_BER,FC_BER1,SKU_0117,830,2.0,0.066,0.454,0.048,471.44,road,completed,2024-09-26
598,IXD_PAR,FC_MUN1,SKU_0170,347,1.3,0.089,0.412,0.072,198.83,road,completed,2024-09-26
599,1DC_BCN,IXD_BCN,SKU_0232,493,6.6,0.068,0.599,0.047,352.0,road,completed,2024-09-26
600,1DC_MAD,IXD_MAD,SKU_0168,768,8.5,0.131,0.218,0.031,291.84,road,completed,2024-09-26
601,IXD_PAR,FC_MUN1,SKU_0177,115,5.7,0.141,0.589,0.049,89.59,road,completed,2024-09-26
602,IXD_BER,FC_BER1,SKU_0115,73,2.0,0.095,0.755,0.034,64.53,road,completed,2024-09-26
603,1DC_BCN,IXD_BER,SKU_0191,781,9.2,0.121,0.167,0.098,301.47,road,completed,2024-09-26
604,1DC_MAD,IXD_MAD,SKU_0018,274,8.9,0.092,0.379,0.06,145.49,road,completed,2024-09-26
605,RDC_IBE,IXD_MAD,SKU_0043,751,10.6,0.123,0.757,0.063,708.19,road,completed,2024-09-26
606,IXD_PAR,FC_PAR2,SKU_0199,789,5.2,0.104,0.213,0.056,294.3,road,completed,2024-09-26
607,IXD_MAD,FC_MAD2,SKU_0209,720,2.7,0.034,0.499,0.062,428.4,road,completed,2024-09-26
608,1DC_BCN,IXD_BCN,SKU_0107,150,9.3,0.04,0.606,0.03,101.4,road,completed,2024-09-26
609,RDC_LYS,IXD_PAR,SKU_0145,866,10.5,0.089,0.72,0.051,744.76,road,completed,2024-09-27
610,IXD_PAR,FC_PAR1,SKU_0125,147,5.2,0.123,0.27,0.058,66.3,road,completed,2024-09-27
611,IXD_PAR,FC_PAR2,SKU_0062,282,5.0,0.054,0.33,0.081,131.13,road,completed,2024-09-27
612,IXD_BCN,FC_BCN1,SKU_0027,447,5.9,0.124,0.629,0.097,379.95,road,completed,2024-09-27
613,IXD_MAD,FC_MAD1,SKU_0003,537,3.1,0.103,0.173,0.07,185.8,road,completed,2024-09-27
614,RDC_IBE,IXD_BCN,SKU_0228,750,8.6,0.075,0.69,0.048,609.75,road,completed,2024-09-27
615,RDC_IBE,IXD_BCN,SKU_0174,654,11.4,0.039,0.399,0.052,320.46,road,completed,2024-09-27
616,IXD_BCN,FC_BCN1,SKU_0202,361,3.6,0.102,0.587,0.014,253.78,road,completed,2024-09-27
617,1DC_BCN,IXD_BCN,SKU_0039,196,6.6,0.039,0.128,0.06,44.49,road,completed,2024-09-27
618,1DC_BCN,IXD_BER,SKU_0081,55,9.0,0.043,0.743,0.018,44.22,road,completed,2024-09-27
619,IXD_MAD,FC_MAD2,SKU_0024,514,5.2,0.138,0.243,0.018,205.09,road,completed,2024-09-27
620,IXD_BER,FC_BER1,SKU_0094,327,2.7,0.052,0.235,0.029,103.33,road,completed,2024-09-27
621,IXD_PAR,FC_PAR2,SKU_0151,96,6.4,0.08,0.791,0.037,87.17,road,completed,2024-09-27
622,IXD_BCN,FC_BCN2,SKU_0168,440,3.7,0.054,0.2,0.056,136.4,road,completed,2024-09-27
623,IXD_PAR,FC_PAR1,SKU_0086,39,4.2,0.037,0.753,0.034,32.14,road,completed,2024-09-27
624,1DC_MUC,IXD_PAR,SKU_0231,842,7.6,0.038,0.475,0.047,471.52,road,completed,2024-09-27
625,IXD_MAD,FC_MAD2,SKU_0067,492,6.0,0.032,0.345,0.049,209.59,road,completed,2024-09-27
626,IXD_BER,FC_BER1,SKU_0125,539,2.0,0.055,0.098,0.082,126.66,road,completed,2024-09-27
627,IXD_MAD,FC_MAD1,SKU_0243,896,2.0,0.063,0.752,0.035,761.6,road,completed,2024-09-27
628,IXD_BCN,FC_BCN2,SKU_0056,374,5.7,0.11,0.197,0.042,130.53,road,completed,2024-09-27
629,IXD_BCN,FC_BCN2,SKU_0011,407,3.0,0.143,0.499,0.064,287.34,road,completed,2024-09-27
630,IXD_PAR,FC_PAR1,SKU_0094,120,4.2,0.14,0.114,0.013,32.04,road,completed,2024-09-27
631,RDC_IBE,IXD_BCN,SKU_0110,804,7.5,0.144,0.728,0.035,729.23,road,completed,2024-09-27
632,IXD_MAD,FC_MAD2,SKU_0194,503,3.4,0.097,0.482,0.024,303.31,road,completed,2024-09-27
633,IXD_BCN,FC_BCN1,SKU_0013,640,1.6,0.041,0.337,0.029,260.48,road,completed,2024-09-27
634,1DC_MAD,IXD_MAD,SKU_0210,839,7.5,0.15,0.151,0.06,302.88,road,completed,2024-09-27
635,IXD_PAR,FC_PAR2,SKU_0192,824,4.8,0.044,0.787,0.088,757.26,road,completed,2024-09-27
636,RDC_LYS,IXD_PAR,SKU_0036,543,8.9,0.055,0.713,0.048,443.09,road,completed,2024-09-28
637,RDC_IBE,IXD_MAD,SKU_0132,236,5.2,0.139,0.795,0.066,236.0,road,completed,2024-09-28
638,IXD_PAR,FC_PAR1,SKU_0030,444,3.4,0.084,0.142,0.074,133.2,road,completed,2024-09-28
639,RDC_FRA,IXD_BER,SKU_0126,655,8.5,0.127,0.121,0.023,177.51,road,completed,2024-09-28
640,1DC_MAD,IXD_MAD,SKU_0059,740,8.1,0.118,0.321,0.017,337.44,road,completed,2024-09-28
641,RDC_LYS,IXD_PAR,SKU_0091,462,9.2,0.05,0.616,0.087,347.89,road,completed,2024-09-28
642,IXD_PAR,FC_PAR1,SKU_0179,868,2.3,0.116,0.798,0.072,855.85,road,completed,2024-09-29
643,1DC_CDG,IXD_PAR,SKU_0069,832,6.6,0.084,0.422,0.078,485.89,road,completed,2024-09-29
644,RDC_FRA,IXD_BER,SKU_0137,702,7.8,0.094,0.146,0.036,193.75,road,completed,2024-09-29
645,RDC_IBE,IXD_MAD,SKU_0103,219,7.9,0.075,0.498,0.01,127.68,road,completed,2024-09-29
646,IXD_BER,FC_BER1,SKU_0165,733,7.1,0.107,0.379,0.031,378.96,road,completed,2024-09-29
647,RDC_IBE,IXD_MAD,SKU_0232,162,7.7,0.145,0.239,0.087,76.3,road,completed,2024-09-29
648,1DC_BCN,IXD_PAR,SKU_0101,544,8.5,0.06,0.27,0.1,233.92,road,completed,2024-09-30
649,IXD_PAR,FC_MUN1,SKU_0123,375,3.1,0.103,0.258,0.052,154.88,road,completed,2024-09-30
650,IXD_BCN,FC_BCN2,SKU_0109,339,4.3,0.03,0.394,0.037,156.28,road,completed,2024-09-30
651,IXD_BCN,FC_BCN1,SKU_0177,349,5.2,0.052,0.312,0.026,136.11,road,completed,2024-09-30
652,RDC_IBE,IXD_MAD,SKU_0069,326,9.6,0.121,0.258,0.044,137.9,road,completed,2024-09-30
653,IXD_PAR,FC_PAR2,SKU_0236,25,2.1,0.12,0.539,0.064,18.07,road,completed,2024-09-30
654,IXD_PAR,FC_MUN1,SKU_0237,848,3.9,0.095,0.141,0.039,233.2,road,completed,2024-09-30
655,1DC_BCN,IXD_PAR,SKU_0234,458,9.3,0.081,0.31,0.074,212.97,road,completed,2024-09-30
656,IXD_BCN,FC_BCN2,SKU_0241,197,4.5,0.109,0.386,0.099,117.02,road,completed,2024-09-30
657,IXD_PAR,FC_PAR1,SKU_0141,507,5.2,0.05,0.438,0.063,279.36,road,completed,2024-09-30
658,IXD_MAD,FC_MAD1,SKU_0030,376,4.9,0.121,0.784,0.031,351.94,road,completed,2024-09-30
659,IXD_PAR,FC_PAR2,SKU_0141,156,5.6,0.117,0.695,0.06,136.03,road,completed,2024-09-30
660,RDC_IBE,IXD_BCN,SKU_0006,761,6.8,0.031,0.426,0.091,417.03,road,completed,2024-09-30
661,RDC_IBE,IXD_MAD,SKU_0149,867,8.8,0.046,0.183,0.02,215.88,road,completed,2024-09-30
662,1DC_CDG,IXD_PAR,SKU_0051,670,7.8,0.098,0.209,0.076,256.61,road,completed,2024-09-30
663,RDC_FRA,IXD_PAR,SKU_0151,886,9.5,0.145,0.058,0.038,213.53,road,completed,2024-09-30
664,1DC_BCN,IXD_BCN,SKU_0204,708,9.3,0.102,0.743,0.022,613.84,road,completed,2024-09-30
665,IXD_PAR,FC_PAR2,SKU_0147,828,3.5,0.098,0.434,0.057,487.69,road,completed,2024-09-30
666,IXD_PAR,FC_PAR2,SKU_0238,236,5.3,0.058,0.681,0.037,183.14,road,completed,2024-09-30
667,IXD_BCN,FC_BCN1,SKU_0122,677,6.3,0.034,0.225,0.079,228.83,road,completed,2024-09-30
668,IXD_BCN,FC_BCN2,SKU_0028,825,2.2,0.095,0.161,0.044,247.5,road,completed,2024-09-30
669,RDC_LYS,IXD_PAR,SKU_0245,710,11.1,0.036,0.295,0.095,302.46,road,completed,2024-09-30
670,1DC_BCN,IXD_BCN,SKU_0036,681,9.5,0.076,0.084,0.097,175.02,road,completed,2024-09-30
671,IXD_PAR,FC_MUN1,SKU_0148,307,2.8,0.14,0.127,0.05,97.32,road,completed,2024-09-30
672,RDC_IBE,IXD_BCN,SKU_0104,322,9.4,0.089,0.403,0.073,181.93,road,completed,2024-10-01
673,1DC_BCN,IXD_BCN,SKU_0038,343,7.0,0.102,0.37,0.035,173.9,road,completed,2024-10-01
674,IXD_MAD,FC_MAD2,SKU_0195,254,2.6,0.142,0.566,0.059,194.82,road,completed,2024-10-01
675,IXD_BER,FC_BER1,SKU_0020,363,1.0,0.067,0.755,0.069,323.43,road,completed,2024-10-01
676,IXD_MAD,FC_MAD1,SKU_0173,655,5.8,0.138,0.652,0.017,528.59,road,completed,2024-10-01
677,IXD_PAR,FC_PAR1,SKU_0172,690,3.1,0.09,0.083,0.099,187.68,road,completed,2024-10-01
678,1DC_BCN,IXD_BCN,SKU_0060,395,9.1,0.057,0.312,0.023,154.84,road,completed,2024-10-01
679,RDC_FRA,IXD_PAR,SKU_0052,292,9.9,0.031,0.304,0.067,117.38,road,completed,2024-10-01
680,IXD_PAR,FC_PAR2,SKU_0137,758,6.0,0.082,0.236,0.094,312.3,road,completed,2024-10-01
681,1DC_CDG,IXD_PAR,SKU_0139,497,7.6,0.037,0.132,0.041,104.37,road,completed,2024-10-01
682,1DC_MAD,IXD_MAD,SKU_0029,884,10.0,0.09,0.654,0.065,715.16,road,completed,2024-10-01
683,RDC_IBE,IXD_BCN,SKU_0186,747,7.4,0.076,0.554,0.04,500.49,road,completed,2024-10-01
684,RDC_FRA,IXD_PAR,SKU_0060,423,7.6,0.096,0.259,0.018,157.78,road,completed,2024-10-01
685,IXD_PAR,FC_MUN1,SKU_0006,802,2.7,0.119,0.575,0.061,605.51,road,completed,2024-10-01
686,RDC_IBE,IXD_BCN,SKU_0212,130,10.0,0.097,0.186,0.085,47.84,road,completed,2024-10-01
687,RDC_IBE,IXD_MAD,SKU_0099,375,8.5,0.123,0.774,0.061,359.25,road,completed,2024-10-01
688,1DC_MUC,IXD_PAR,SKU_0171,546,6.8,0.044,0.484,0.055,318.32,road,completed,2024-10-01
689,IXD_PAR,FC_PAR2,SKU_0017,480,2.6,0.102,0.31,0.089,240.48,road,completed,2024-10-01
690,1DC_BCN,IXD_BER,SKU_0229,676,9.5,0.102,0.242,0.096,297.44,road,completed,2024-10-01
691,1DC_MAD,IXD_MAD,SKU_0250,310,7.8,0.104,0.087,0.014,63.55,road,completed,2024-10-01
692,1DC_BCN,IXD_BCN,SKU_0245,25,7.3,0.104,0.12,0.058,7.05,road,completed,2024-10-01
693,1DC_MAD,IXD_MAD,SKU_0240,215,9.2,0.04,0.403,0.096,115.89,road,completed,2024-10-01
694,IXD_MAD,FC_MAD1,SKU_0205,414,3.4,0.13,0.228,0.014,154.01,road,completed,2024-10-01
695,RDC_LYS,IXD_PAR,SKU_0087,597,11.0,0.128,0.475,0.069,401.18,road,completed,2024-10-01
696,IXD_BER,FC_BER1,SKU_0006,548,5.1,0.043,0.481,0.05,314.55,road,completed,2024-10-01
697,IXD_BER,FC_BER1,SKU_0026,38,5.0,0.127,0.795,0.064,37.47,road,completed,2024-10-01
698,IXD_BCN,FC_BCN1,SKU_0085,240,3.8,0.063,0.568,0.074,169.2,road,completed,2024-10-01
699,1DC_MAD,IXD_MAD,SKU_0022,557,7.3,0.074,0.682,0.049,448.39,road,completed,2024-10-01
700,IXD_PAR,FC_PAR2,SKU_0227,598,5.1,0.085,0.433,0.081,358.2,road,completed,2024-10-01
701,RDC_IBE,IXD_BCN,SKU_0121,662,8.2,0.141,0.523,0.06,479.29,road,completed,2024-10-02
702,1DC_BCN,IXD_BER,SKU_0046,80,10.0,0.105,0.213,0.054,29.76,road,completed,2024-10-02
703,IXD_BCN,FC_BCN2,SKU_0190,453,4.8,0.045,0.774,0.026,382.78,road,completed,2024-10-02
704,1DC_MUC,IXD_PAR,SKU_0022,682,8.3,0.108,0.174,0.05,226.42,road,completed,2024-10-02
705,RDC_FRA,IXD_BER,SKU_0226,391,5.7,0.132,0.459,0.05,250.63,road,completed,2024-10-02
706,IXD_PAR,FC_PAR1,SKU_0033,289,2.8,0.114,0.778,0.015,262.12,road,completed,2024-10-02
707,IXD_MAD,FC_MAD1,SKU_0156,474,5.0,0.136,0.287,0.018,209.03,road,completed,2024-10-02
708,IXD_PAR,FC_PAR2,SKU_0077,378,1.4,0.083,0.548,0.082,269.51,road,completed,2024-10-02
709,IXD_BCN,FC_BCN2,SKU_0017,280,3.3,0.099,0.726,0.012,234.36,road,completed,2024-10-02
710,IXD_BCN,FC_BCN2,SKU_0008,729,6.7,0.07,0.748,0.037,623.29,road,completed,2024-10-02
711,RDC_FRA,IXD_BER,SKU_0167,781,5.9,0.141,0.159,0.02,249.92,road,completed,2024-10-02
712,RDC_LYS,IXD_PAR,SKU_0142,864,6.4,0.144,0.605,0.081,717.12,road,completed,2024-10-02
713,IXD_BCN,FC_BCN1,SKU_0231,433,2.2,0.077,0.352,0.042,203.94,road,completed,2024-10-02
714,IXD_MAD,FC_MAD1,SKU_0165,324,5.6,0.059,0.678,0.079,264.38,road,completed,2024-10-02
715,IXD_PAR,FC_MUN1,SKU_0003,434,7.6,0.141,0.31,0.06,221.77,road,completed,2024-10-02
716,RDC_IBE,IXD_BCN,SKU_0072,397,8.6,0.083,0.225,0.03,134.19,road,completed,2024-10-02
717,IXD_BCN,FC_BCN1,SKU_0189,543,1.3,0.036,0.127,0.023,101.0,road,completed,2024-10-02
718,IXD_MAD,FC_MAD1,SKU_0031,802,4.3,0.055,0.731,0.068,684.91,road,completed,2024-10-02
719,RDC_LYS,IXD_PAR,SKU_0232,449,7.0,0.03,0.396,0.067,221.36,road,completed,2024-10-02
720,1DC_BCN,IXD_PAR,SKU_0220,446,7.5,0.131,0.203,0.081,185.09,road,completed,2024-10-02
721,RDC_FRA,IXD_BER,SKU_0049,363,10.0,0.109,0.245,0.022,136.49,road,completed,2024-10-02
722,1DC_BCN,IXD_PAR,SKU_0022,707,12.5,0.096,0.21,0.068,264.42,rail,completed,2024-10-02
723,1DC_MAD,IXD_MAD,SKU_0014,190,8.2,0.069,0.738,0.03,159.03,road,completed,2024-10-02
724,IXD_PAR,FC_PAR1,SKU_0121,771,3.1,0.041,0.743,0.099,680.79,road,completed,2024-10-02
725,RDC_LYS,IXD_PAR,SKU_0060,135,10.9,0.121,0.305,0.037,62.51,road,completed,2024-10-02
726,IXD_MAD,FC_MAD2,SKU_0218,444,5.3,0.119,0.711,0.041,386.72,road,completed,2024-10-02
727,IXD_BCN,FC_BCN2,SKU_0139,888,6.6,0.058,0.334,0.061,402.26,road,completed,2024-10-02
728,IXD_BCN,FC_BCN2,SKU_0039,860,3.0,0.08,0.323,0.057,395.6,road,completed,2024-10-02
729,IXD_BCN,FC_BCN2,SKU_0099,218,1.0,0.108,0.207,0.014,71.72,road,completed,2024-10-02
730,1DC_MAD,IXD_MAD,SKU_0025,464,8.6,0.124,0.085,0.01,101.62,road,completed,2024-10-02
731,1DC_MAD,IXD_MAD,SKU_0213,737,6.6,0.129,0.709,0.04,647.09,road,completed,2024-10-02
732,1DC_CDG,IXD_PAR,SKU_0230,157,10.9,0.042,0.128,0.059,35.95,road,completed,2024-10-03
733,IXD_MAD,FC_MAD2,SKU_0004,895,3.2,0.108,0.402,0.074,522.68,road,completed,2024-10-03
734,IXD_PAR,FC_PAR1,SKU_0179,746,3.2,0.087,0.378,0.045,380.46,road,completed,2024-10-03
735,1DC_BCN,IXD_BER,SKU_0089,226,9.7,0.079,0.675,0.019,174.7,road,completed,2024-10-03
736,RDC_IBE,IXD_BCN,SKU_0012,253,8.0,0.147,0.569,0.021,186.46,road,completed,2024-10-03
737,IXD_PAR,FC_MUN1,SKU_0098,372,5.3,0.148,0.658,0.075,327.73,road,completed,2024-10-03
738,RDC_IBE,IXD_MAD,SKU_0002,68,9.4,0.147,0.147,0.097,26.59,road,completed,2024-10-03
739,1DC_BCN,IXD_PAR,SKU_0104,414,8.1,0.067,0.791,0.07,384.19,road,completed,2024-10-03
740,IXD_MAD,FC_MAD2,SKU_0235,106,4.8,0.084,0.608,0.093,83.21,road,completed,2024-10-03
741,1DC_BCN,IXD_BCN,SKU_0082,156,6.6,0.145,0.51,0.05,109.98,road,completed,2024-10-03
742,1DC_BCN,IXD_BCN,SKU_0186,76,7.0,0.106,0.144,0.067,24.09,road,completed,2024-10-03
743,RDC_IBE,IXD_BCN,SKU_0128,797,9.3,0.13,0.697,0.032,684.62,road,completed,2024-10-03
744,RDC_IBE,IXD_BCN,SKU_0011,647,8.8,0.112,0.247,0.013,240.68,road,completed,2024-10-03
745,1DC_MUC,IXD_PAR,SKU_0166,67,8.2,0.067,0.305,0.045,27.94,road,completed,2024-10-03
746,IXD_BER,FC_BER1,SKU_0182,374,4.9,0.131,0.319,0.052,187.75,road,completed,2024-10-03
747,RDC_IBE,IXD_MAD,SKU_0118,811,9.0,0.115,0.447,0.084,523.91,road,completed,2024-10-03
748,RDC_IBE,IXD_MAD,SKU_0043,368,8.7,0.062,0.458,0.088,223.74,road,completed,2024-10-03
749,IXD_BCN,FC_BCN1,SKU_0198,439,3.1,0.102,0.594,0.049,327.06,road,completed,2024-10-03
750,IXD_PAR,FC_MUN1,SKU_0204,428,3.6,0.072,0.497,0.025,254.23,road,completed,2024-10-03
751,IXD_BCN,FC_BCN2,SKU_0109,261,5.0,0.122,0.175,0.069,95.53,road,completed,2024-10-03
752,IXD_PAR,FC_PAR1,SKU_0176,262,3.9,0.114,0.778,0.088,256.76,road,completed,2024-10-03
753,IXD_BCN,FC_BCN2,SKU_0009,764,5.2,0.091,0.559,0.052,536.33,road,completed,2024-10-03
754,RDC_IBE,IXD_BCN,SKU_0038,187,9.0,0.111,0.526,0.082,134.45,road,completed,2024-10-03
755,IXD_PAR,FC_PAR1,SKU_0202,843,6.3,0.11,0.277,0.037,357.43,road,completed,2024-10-03
756,IXD_PAR,FC_PAR2,SKU_0200,654,4.6,0.066,0.296,0.073,284.49,road,completed,2024-10-03
757,RDC_IBE,IXD_MAD,SKU_0162,396,6.1,0.086,0.515,0.063,262.94,road,completed,2024-10-03
758,1DC_CDG,IXD_PAR,SKU_0098,755,9.0,0.054,0.485,0.034,432.61,road,completed,2024-10-03
759,IXD_MAD,FC_MAD1,SKU_0104,824,4.2,0.064,0.347,0.095,416.94,road,completed,2024-10-03
760,1DC_MAD,IXD_MAD,SKU_0188,635,7.8,0.119,0.763,0.093,619.12,road,completed,2024-10-03
761,1DC_MUC,IXD_PAR,SKU_0215,232,9.4,0.083,0.679,0.011,179.34,road,completed,2024-10-03
762,IXD_BER,FC_BER1,SKU_0113,673,4.7,0.143,0.772,0.051,650.12,road,completed,2024-10-03
763,1DC_BCN,IXD_BCN,SKU_0219,646,7.7,0.103,0.21,0.046,231.91,road,completed,2024-10-03
764,1DC_BCN,IXD_BER,SKU_0014,751,4.6,0.144,0.472,0.084,525.7,road,completed,2024-10-03
765,1DC_MAD,IXD_MAD,SKU_0133,720,9.0,0.098,0.113,0.086,213.84,road,completed,2024-10-04
766,IXD_MAD,FC_MAD2,SKU_0004,473,4.2,0.094,0.755,0.041,420.97,road,completed,2024-10-04
767,RDC_LYS,IXD_PAR,SKU_0101,541,10.3,0.044,0.12,0.018,98.46,road,completed,2024-10-04
768,RDC_FRA,IXD_BER,SKU_0118,534,7.2,0.106,0.171,0.052,175.69,road,completed,2024-10-04
769,1DC_BCN,IXD_BER,SKU_0173,493,10.7,0.135,0.183,0.031,172.06,road,completed,2024-10-04
770,IXD_BCN,FC_BCN2,SKU_0069,391,1.6,0.072,0.582,0.087,289.73,road,completed,2024-10-04
771,IXD_PAR,FC_MUN1,SKU_0053,685,5.5,0.034,0.272,0.045,240.43,road,completed,2024-10-04
772,1DC_MAD,IXD_MAD,SKU_0140,287,8.0,0.126,0.117,0.069,89.54,road,completed,2024-10-04
773,1DC_MAD,IXD_MAD,SKU_0233,651,9.6,0.147,0.65,0.068,563.12,road,completed,2024-10-04
774,RDC_LYS,IXD_PAR,SKU_0053,100,8.8,0.073,0.505,0.015,59.3,road,completed,2024-10-04
775,RDC_IBE,IXD_MAD,SKU_0145,738,8.9,0.048,0.742,0.024,600.73,road,completed,2024-10-04
776,RDC_IBE,IXD_BCN,SKU_0184,336,10.5,0.081,0.737,0.063,296.02,road,completed,2024-10-04
777,IXD_BCN,FC_BCN1,SKU_0223,563,2.1,0.054,0.461,0.06,323.72,road,completed,2024-10-04
778,IXD_BER,FC_BER1,SKU_0115,316,7.2,0.11,0.499,0.099,223.73,road,completed,2024-10-04
779,IXD_PAR,FC_MUN1,SKU_0057,355,5.3,0.113,0.27,0.069,160.46,road,completed,2024-10-04
780,IXD_MAD,FC_MAD1,SKU_0171,869,2.4,0.118,0.156,0.03,264.18,road,completed,2024-10-04
781,1DC_MUC,IXD_PAR,SKU_0014,141,7.3,0.049,0.216,0.072,47.52,road,completed,2024-10-04
782,IXD_MAD,FC_MAD2,SKU_0187,284,2.5,0.086,0.37,0.067,148.53,road,completed,2024-10-04
783,IXD_BER,FC_BER1,SKU_0075,43,5.3,0.055,0.115,0.056,9.72,road,completed,2024-10-04
784,RDC_IBE,IXD_MAD,SKU_0019,654,8.0,0.07,0.767,0.073,595.14,road,completed,2024-10-04
785,IXD_BCN,FC_BCN1,SKU_0096,347,1.0,0.148,0.172,0.046,127.0,road,completed,2024-10-05
786,IXD_PAR,FC_PAR2,SKU_0082,20,5.6,0.101,0.649,0.011,15.22,road,completed,2024-10-05
787,IXD_MAD,FC_MAD2,SKU_0014,493,6.3,0.049,0.789,0.055,440.25,road,completed,2024-10-05
788,1DC_MAD,IXD_MAD,SKU_0204,766,9.5,0.097,0.583,0.047,556.88,road,completed,2024-10-05
789,1DC_BCN,IXD_BER,SKU_0026,51,6.6,0.078,0.559,0.095,37.33,road,completed,2024-10-05
790,IXD_MAD,FC_MAD1,SKU_0073,339,4.0,0.051,0.208,0.1,121.7,road,completed,2024-10-05
791,1DC_CDG,IXD_PAR,SKU_0111,868,8.1,0.124,0.777,0.069,841.96,road,completed,2024-10-06
792,IXD_BCN,FC_BCN1,SKU_0164,185,2.8,0.047,0.072,0.089,38.48,road,completed,2024-10-06
793,RDC_LYS,IXD_PAR,SKU_0047,685,8.5,0.104,0.653,0.01,525.39,road,completed,2024-10-06
794,1DC_BCN,IXD_PAR,SKU_0155,473,6.6,0.131,0.085,0.034,118.25,road,completed,2024-10-06
795,RDC_LYS,IXD_PAR,SKU_0241,376,8.8,0.123,0.069,0.042,87.98,road,completed,2024-10-06
796,IXD_MAD,FC_MAD1,SKU_0143,795,2.8,0.035,0.129,0.038,160.59,road,completed,2024-10-07
797,IXD_BCN,FC_BCN2,SKU_0002,716,4.4,0.091,0.618,0.081,565.64,road,completed,2024-10-07
798,IXD_PAR,FC_MUN1,SKU_0209,610,4.2,0.039,0.574,0.046,401.99,road,completed,2024-10-07
799,RDC_IBE,IXD_MAD,SKU_0152,137,5.6,0.142,0.2,0.067,56.03,road,completed,2024-10-07
800,RDC_IBE,IXD_BCN,SKU_0102,587,6.3,0.067,0.408,0.046,305.83,road,completed,2024-10-07
801,RDC_IBE,IXD_MAD,SKU_0003,819,8.2,0.105,0.783,0.062,778.05,road,completed,2024-10-07
802,RDC_FRA,IXD_PAR,SKU_0079,124,10.3,0.127,0.189,0.096,51.09,road,completed,2024-10-07
803,RDC_LYS,IXD_PAR,SKU_0120,409,7.3,0.089,0.681,0.035,329.25,road,completed,2024-10-07
804,IXD_BER,FC_BER1,SKU_0062,817,1.0,0.118,0.622,0.05,645.43,road,completed,2024-10-07
805,IXD_PAR,FC_PAR2,SKU_0053,720,5.1,0.083,0.333,0.031,321.84,road,completed,2024-10-07
806,1DC_BCN,IXD_BCN,SKU_0025,434,9.0,0.127,0.793,0.022,408.83,road,completed,2024-10-07
807,IXD_BCN,FC_BCN2,SKU_0031,460,2.6,0.093,0.276,0.059,196.88,road,completed,2024-10-07
808,IXD_PAR,FC_PAR2,SKU_0164,273,3.6,0.051,0.116,0.021,51.32,road,completed,2024-10-07
809,1DC_BCN,IXD_BCN,SKU_0043,693,10.9,0.141,0.751,0.057,657.66,road,completed,2024-10-07
810,IXD_BCN,FC_BCN2,SKU_0147,702,4.2,0.036,0.117,0.022,122.85,road,completed,2024-10-07
811,IXD_BCN,FC_BCN2,SKU_0208,332,2.8,0.086,0.575,0.018,225.43,road,completed,2024-10-07
812,IXD_PAR,FC_PAR2,SKU_0146,466,5.6,0.127,0.715,0.027,404.95,road,completed,2024-10-07
813,RDC_IBE,IXD_BCN,SKU_0190,89,9.6,0.051,0.292,0.072,36.93,road,completed,2024-10-07
814,IXD_MAD,FC_MAD1,SKU_0220,818,3.8,0.146,0.612,0.014,631.5,road,completed,2024-10-07
815,IXD_MAD,FC_MAD1,SKU_0133,679,4.0,0.124,0.386,0.076,397.89,road,completed,2024-10-07
816,IXD_BER,FC_BER1,SKU_0042,357,3.7,0.111,0.096,0.026,83.18,road,completed,2024-10-07
817,IXD_BCN,FC_BCN2,SKU_0211,831,6.2,0.109,0.349,0.049,421.32,road,completed,2024-10-07
818,1DC_MAD,IXD_MAD,SKU_0124,813,7.9,0.048,0.638,0.08,622.76,road,completed,2024-10-07
819,IXD_BCN,FC_BCN2,SKU_0250,46,2.1,0.091,0.358,0.072,23.97,road,completed,2024-10-07
820,IXD_MAD,FC_MAD2,SKU_0194,770,3.8,0.083,0.32,0.09,379.61,road,completed,2024-10-07
821,RDC_IBE,IXD_MAD,SKU_0177,225,9.6,0.145,0.589,0.039,173.93,road,completed,2024-10-07
822,RDC_IBE,IXD_BCN,SKU_0143,330,7.9,0.048,0.438,0.048,176.22,road,completed,2024-10-08
823,IXD_MAD,FC_MAD1,SKU_0142,754,7.4,0.139,0.513,0.037,519.51,road,completed,2024-10-08
824,IXD_PAR,FC_PAR1,SKU_0154,76,3.9,0.04,0.226,0.054,24.32,road,completed,2024-10-08
825,IXD_MAD,FC_MAD1,SKU_0229,673,5.6,0.032,0.62,0.012,446.87,road,completed,2024-10-08
826,1DC_MAD,IXD_MAD,SKU_0175,549,10.8,0.032,0.561,0.026,339.83,road,completed,2024-10-08
827,RDC_FRA,IXD_PAR,SKU_0108,673,11.5,0.088,0.644,0.023,508.12,road,completed,2024-10-08
828,IXD_PAR,FC_PAR1,SKU_0081,666,3.9,0.048,0.186,0.025,172.49,road,completed,2024-10-08
829,1DC_MAD,IXD_MAD,SKU_0103,658,8.6,0.033,0.646,0.039,472.44,road,completed,2024-10-08
830,1DC_MAD,IXD_MAD,SKU_0184,173,8.7,0.057,0.244,0.034,57.96,road,completed,2024-10-08
831,1DC_BCN,IXD_BER,SKU_0133,239,10.2,0.097,0.751,0.07,219.4,road,completed,2024-10-08
832,IXD_PAR,FC_PAR1,SKU_0139,705,5.1,0.056,0.767,0.021,595.02,road,completed,2024-10-08
833,IXD_PAR,FC_PAR1,SKU_0194,898,5.9,0.148,0.14,0.063,315.2,road,completed,2024-10-08
834,1DC_BCN,IXD_PAR,SKU_0012,540,7.8,0.078,0.16,0.092,178.2,road,completed,2024-10-08
835,RDC_IBE,IXD_BCN,SKU_0165,252,6.0,0.084,0.615,0.039,185.98,road,completed,2024-10-08
836,RDC_IBE,IXD_MAD,SKU_0200,286,7.7,0.066,0.385,0.024,135.85,road,completed,2024-10-08
837,1DC_BCN,IXD_BCN,SKU_0224,290,9.7,0.149,0.731,0.093,282.17,road,completed,2024-10-08
838,IXD_PAR,FC_MUN1,SKU_0198,280,4.5,0.071,0.562,0.051,191.52,road,completed,2024-10-08
839,RDC_IBE,IXD_BCN,SKU_0126,279,9.3,0.092,0.654,0.068,227.11,road,completed,2024-10-08
840,IXD_MAD,FC_MAD2,SKU_0215,295,4.5,0.036,0.728,0.1,254.88,road,completed,2024-10-08
841,IXD_BCN,FC_BCN1,SKU_0169,24,3.3,0.13,0.636,0.032,19.15,road,completed,2024-10-08
842,IXD_PAR,FC_MUN1,SKU_0063,465,4.0,0.121,0.766,0.042,431.99,road,completed,2024-10-08
843,IXD_PAR,FC_MUN1,SKU_0245,115,2.5,0.117,0.734,0.039,102.35,road,completed,2024-10-08
844,RDC_IBE,IXD_MAD,SKU_0060,360,10.3,0.09,0.778,0.097,347.4,road,completed,2024-10-08
845,RDC_IBE,IXD_MAD,SKU_0137,760,8.5,0.142,0.611,0.092,642.2,road,completed,2024-10-08
846,RDC_LYS,IXD_PAR,SKU_0084,467,7.5,0.13,0.335,0.019,226.03,road,completed,2024-10-08
847,IXD_MAD,FC_MAD1,SKU_0241,776,3.3,0.136,0.14,0.077,273.93,road,completed,2024-10-08
848,IXD_BCN,FC_BCN1,SKU_0156,667,3.0,0.034,0.481,0.065,386.86,road,completed,2024-10-08
849,RDC_IBE,IXD_MAD,SKU_0068,692,9.2,0.046,0.391,0.048,335.62,road,completed,2024-10-08
850,1DC_BCN,IXD_PAR,SKU_0230,477,8.9,0.132,0.57,0.095,380.17,road,completed,2024-10-08
851,1DC_BCN,IXD_BCN,SKU_0115,348,9.0,0.107,0.3,0.045,157.3,road,completed,2024-10-08
852,IXD_PAR,FC_MUN1,SKU_0123,273,3.7,0.08,0.587,0.088,206.12,road,completed,2024-10-08
853,1DC_CDG,IXD_PAR,SKU_0202,746,8.8,0.089,0.143,0.046,207.39,road,completed,2024-10-08
854,RDC_FRA,IXD_PAR,SKU_0061,38,10.0,0.148,0.482,0.022,24.78,road,completed,2024-10-08
855,1DC_BCN,IXD_BCN,SKU_0144,239,4.7,0.057,0.14,0.058,60.95,road,completed,2024-10-08
856,IXD_BCN,FC_BCN2,SKU_0181,340,4.1,0.127,0.513,0.027,226.78,road,completed,2024-10-08
857,RDC_IBE,IXD_MAD,SKU_0049,789,8.2,0.074,0.204,0.084,285.62,road,completed,2024-10-08
858,IXD_MAD,FC_MAD2,SKU_0189,245,6.7,0.099,0.647,0.013,185.96,road,completed,2024-10-08
859,1DC_CDG,IXD_PAR,SKU_0198,651,10.7,0.095,0.576,0.061,476.53,road,completed,2024-10-08
860,1DC_BCN,IXD_PAR,SKU_0036,730,9.4,0.135,0.411,0.014,408.8,road,completed,2024-10-08
861,1DC_MAD,IXD_MAD,SKU_0226,840,10.3,0.114,0.481,0.059,549.36,road,completed,2024-10-08
862,RDC_IBE,IXD_BCN,SKU_0108,202,12.1,0.13,0.471,0.092,139.99,rail,completed,2024-10-09
863,RDC_IBE,IXD_BCN,SKU_0139,85,9.2,0.132,0.484,0.092,60.18,road,completed,2024-10-09
864,IXD_PAR,FC_PAR1,SKU_0123,60,2.6,0.103,0.453,0.047,36.18,road,completed,2024-10-09
865,IXD_PAR,FC_PAR1,SKU_0212,300,4.3,0.1,0.14,0.042,84.6,road,completed,2024-10-09
866,RDC_IBE,IXD_BCN,SKU_0088,289,7.7,0.147,0.292,0.09,152.88,road,completed,2024-10-09
867,RDC_IBE,IXD_MAD,SKU_0189,124,7.1,0.149,0.61,0.057,101.18,road,completed,2024-10-09
868,IXD_MAD,FC_MAD1,SKU_0129,328,4.5,0.046,0.53,0.053,206.31,road,completed,2024-10-09
869,IXD_MAD,FC_MAD1,SKU_0177,871,5.0,0.075,0.136,0.041,219.49,road,completed,2024-10-09
870,IXD_MAD,FC_MAD1,SKU_0200,767,7.1,0.048,0.102,0.021,131.16,road,completed,2024-10-09
871,1DC_CDG,IXD_PAR,SKU_0074,89,7.9,0.117,0.338,0.088,48.33,road,completed,2024-10-09
872,IXD_MAD,FC_MAD1,SKU_0119,469,4.1,0.083,0.399,0.052,250.45,road,completed,2024-10-09
873,IXD_PAR,FC_PAR1,SKU_0007,380,1.3,0.053,0.744,0.096,339.34,road,completed,2024-10-09
874,IXD_PAR,FC_PAR2,SKU_0074,797,4.0,0.125,0.224,0.072,335.54,road,completed,2024-10-09
875,IXD_BER,FC_BER1,SKU_0025,457,1.9,0.113,0.617,0.046,354.63,road,completed,2024-10-09
876,RDC_IBE,IXD_MAD,SKU_0145,115,8.6,0.053,0.626,0.039,82.57,road,completed,2024-10-09
877,1DC_BCN,IXD_BCN,SKU_0022,820,6.8,0.032,0.074,0.086,157.44,road,completed,2024-10-09
878,RDC_FRA,IXD_PAR,SKU_0250,139,10.3,0.148,0.599,0.028,107.73,road,completed,2024-10-09
879,1DC_CDG,IXD_PAR,SKU_0151,572,8.4,0.088,0.609,0.029,415.27,road,completed,2024-10-09
880,RDC_IBE,IXD_MAD,SKU_0082,77,8.4,0.054,0.519,0.024,45.97,road,completed,2024-10-09
881,IXD_PAR,FC_MUN1,SKU_0167,318,3.4,0.135,0.249,0.072,145.01,road,completed,2024-10-09
882,IXD_PAR,FC_PAR1,SKU_0234,513,5.5,0.14,0.582,0.085,413.99,road,completed,2024-10-09
883,IXD_PAR,FC_PAR1,SKU_0205,468,3.5,0.128,0.597,0.051,363.17,road,completed,2024-10-09
884,IXD_BCN,FC_BCN2,SKU_0080,44,2.7,0.076,0.476,0.062,27.02,road,completed,2024-10-09
885,1DC_CDG,IXD_PAR,SKU_0223,25,9.3,0.112,0.332,0.03,11.85,road,completed,2024-10-09
886,RDC_IBE,IXD_MAD,SKU_0116,404,10.2,0.068,0.59,0.087,300.98,road,completed,2024-10-10
887,1DC_MAD,IXD_MAD,SKU_0140,524,9.5,0.092,0.629,0.061,409.77,road,completed,2024-10-10
888,1DC_BCN,IXD_BCN,SKU_0129,98,8.8,0.049,0.354,0.038,43.22,road,completed,2024-10-10
889,IXD_BCN,FC_BCN2,SKU_0112,509,4.6,0.039,0.18,0.091,157.79,road,completed,2024-10-10
890,RDC_IBE,IXD_MAD,SKU_0182,352,8.6,0.103,0.194,0.048,121.44,road,completed,2024-10-10
891,IXD_PAR,FC_PAR1,SKU_0059,518,1.6,0.111,0.648,0.027,407.15,road,completed,2024-10-10
892,1DC_CDG,IXD_PAR,SKU_0186,121,9.4,0.114,0.094,0.034,29.28,road,completed,2024-10-10
893,RDC_IBE,IXD_MAD,SKU_0145,91,7.5,0.095,0.425,0.068,53.51,road,completed,2024-10-10
894,IXD_MAD,FC_MAD1,SKU_0124,652,2.8,0.139,0.546,0.056,483.13,road,completed,2024-10-10
895,1DC_BCN,IXD_BCN,SKU_0249,119,9.4,0.089,0.498,0.034,73.9,road,completed,2024-10-10
896,IXD_MAD,FC_MAD2,SKU_0090,102,4.4,0.137,0.451,0.082,68.34,road,completed,2024-10-10
897,IXD_BCN,FC_BCN2,SKU_0189,688,5.5,0.042,0.497,0.044,401.1,road,completed,2024-10-10
898,IXD_BCN,FC_BCN2,SKU_0209,354,4.8,0.091,0.786,0.099,345.5,road,completed,2024-10-10
899,IXD_BER,FC_BER1,SKU_0064,828,4.4,0.092,0.118,0.061,224.39,road,completed,2024-10-10
900,IXD_BCN,FC_BCN1,SKU_0240,432,1.6,0.072,0.655,0.062,340.85,road,completed,2024-10-10
901,IXD_MAD,FC_MAD2,SKU_0014,121,3.4,0.036,0.396,0.088,62.92,road,completed,2024-10-10
902,IXD_PAR,FC_MUN1,SKU_0043,162,6.1,0.087,0.596,0.074,122.63,road,completed,2024-10-10
903,RDC_IBE,IXD_BCN,SKU_0233,198,6.1,0.07,0.236,0.075,75.44,road,completed,2024-10-10
904,RDC_IBE,IXD_BCN,SKU_0227,803,9.2,0.075,0.71,0.071,687.37,road,completed,2024-10-10
905,IXD_PAR,FC_PAR2,SKU_0161,32,5.6,0.06,0.06,0.062,5.82,road,completed,2024-10-10
906,IXD_MAD,FC_MAD1,SKU_0065,820,1.0,0.048,0.514,0.05,501.84,road,completed,2024-10-10
907,RDC_FRA,IXD_PAR,SKU_0145,31,10.2,0.145,0.29,0.017,14.01,road,completed,2024-10-10
908,1DC_MAD,IXD_MAD,SKU_0103,456,9.6,0.105,0.274,0.065,202.46,road,completed,2024-10-10
909,IXD_BCN,FC_BCN1,SKU_0054,497,6.3,0.116,0.177,0.097,193.83,road,completed,2024-10-10
910,IXD_BCN,FC_BCN2,SKU_0100,300,3.0,0.038,0.526,0.079,192.9,road,completed,2024-10-10
911,IXD_PAR,FC_PAR1,SKU_0007,715,3.8,0.116,0.496,0.092,503.36,road,completed,2024-10-10
912,IXD_PAR,FC_PAR2,SKU_0086,39,3.3,0.093,0.47,0.016,22.58,road,completed,2024-10-10
913,1DC_CDG,IXD_PAR,SKU_0207,149,7.4,0.095,0.678,0.074,126.2,road,completed,2024-10-10
914,RDC_IBE,IXD_BCN,SKU_0035,877,5.1,0.138,0.112,0.054,266.61,road,completed,2024-10-10
915,IXD_PAR,FC_PAR1,SKU_0049,445,1.7,0.105,0.744,0.076,411.62,road,completed,2024-10-10
916,IXD_PAR,FC_PAR2,SKU_0101,54,1.8,0.125,0.247,0.04,22.25,road,completed,2024-10-10
917,IXD_BCN,FC_BCN2,SKU_0096,640,4.4,0.053,0.378,0.048,306.56,road,completed,2024-10-11
918,1DC_BCN,IXD_BCN,SKU_0139,709,9.1,0.054,0.534,0.078,472.19,road,completed,2024-10-11
919,IXD_PAR,FC_PAR1,SKU_0175,625,2.8,0.147,0.128,0.026,188.12,road,completed,2024-10-11
920,1DC_MUC,IXD_PAR,SKU_0136,568,8.0,0.073,0.301,0.083,259.58,road,completed,2024-10-11
921,IXD_MAD,FC_MAD2,SKU_0152,635,2.0,0.11,0.796,0.094,635.0,road,completed,2024-10-11
922,IXD_BCN,FC_BCN2,SKU_0183,449,3.6,0.079,0.109,0.062,112.25,road,completed,2024-10-11
923,IXD_PAR,FC_MUN1,SKU_0165,330,4.0,0.115,0.196,0.026,111.21,road,completed,2024-10-11
924,IXD_PAR,FC_MUN1,SKU_0131,803,3.4,0.064,0.408,0.071,436.03,road,completed,2024-10-11
925,IXD_BCN,FC_BCN1,SKU_0011,553,5.2,0.122,0.646,0.076,466.73,road,completed,2024-10-11
926,IXD_MAD,FC_MAD2,SKU_0139,830,2.9,0.12,0.589,0.094,666.49,road,completed,2024-10-11
927,IXD_PAR,FC_MUN1,SKU_0079,104,5.1,0.147,0.103,0.084,34.74,road,completed,2024-10-11
928,IXD_BER,FC_BER1,SKU_0039,504,1.0,0.142,0.308,0.095,274.68,road,completed,2024-10-11
929,1DC_BCN,IXD_BER,SKU_0100,430,9.4,0.137,0.518,0.058,306.59,road,completed,2024-10-11
930,IXD_BCN,FC_BCN1,SKU_0033,481,6.0,0.033,0.469,0.033,257.34,road,completed,2024-10-11
931,RDC_IBE,IXD_MAD,SKU_0109,756,8.3,0.121,0.258,0.074,342.47,road,completed,2024-10-11
932,RDC_FRA,IXD_BER,SKU_0103,722,7.4,0.123,0.697,0.031,614.42,road,completed,2024-10-11
933,IXD_PAR,FC_PAR2,SKU_0178,860,4.7,0.095,0.436,0.028,480.74,road,completed,2024-10-11
934,RDC_IBE,IXD_MAD,SKU_0168,111,8.4,0.049,0.688,0.056,88.02,road,completed,2024-10-11
935,RDC_IBE,IXD_MAD,SKU_0191,28,9.6,0.143,0.655,0.049,23.72,road,completed,2024-10-11
936,1DC_MUC,IXD_PAR,SKU_0067,531,5.9,0.122,0.076,0.012,111.51,road,completed,2024-10-11
937,1DC_MAD,IXD_MAD,SKU_0001,60,6.4,0.032,0.722,0.077,49.86,road,completed,2024-10-11
938,IXD_BER,FC_BER1,SKU_0218,112,3.8,0.116,0.669,0.082,97.1,road,completed,2024-10-11
939,RDC_LYS,IXD_PAR,SKU_0101,167,8.6,0.144,0.571,0.08,132.77,road,completed,2024-10-11
940,RDC_LYS,IXD_PAR,SKU_0038,769,7.5,0.122,0.316,0.078,396.8,road,completed,2024-10-11
941,1DC_MAD,IXD_MAD,SKU_0209,607,7.7,0.044,0.767,0.043,518.38,road,completed,2024-10-11
942,IXD_PAR,FC_MUN1,SKU_0150,180,4.6,0.101,0.698,0.077,157.68,road,completed,2024-10-11
943,IXD_BCN,FC_BCN2,SKU_0043,315,3.9,0.046,0.614,0.027,216.41,road,completed,2024-10-11
944,1DC_BCN,IXD_BCN,SKU_0210,705,10.9,0.136,0.083,0.049,188.94,road,completed,2024-10-11
945,IXD_PAR,FC_PAR1,SKU_0102,40,4.7,0.095,0.272,0.06,17.08,road,completed,2024-10-11
946,IXD_BER,FC_BER1,SKU_0148,139,2.7,0.085,0.619,0.093,110.78,road,completed,2024-10-11
947,RDC_IBE,IXD_BCN,SKU_0246,229,8.6,0.057,0.693,0.087,191.67,road,completed,2024-10-11
948,IXD_MAD,FC_MAD2,SKU_0154,530,3.5,0.089,0.104,0.013,109.18,road,completed,2024-10-11
949,IXD_MAD,FC_MAD2,SKU_0090,127,4.5,0.066,0.335,0.061,58.67,road,completed,2024-10-11
950,IXD_BER,FC_BER1,SKU_0136,721,3.1,0.144,0.507,0.051,506.14,road,completed,2024-10-11
951,1DC_MAD,IXD_MAD,SKU_0114,561,8.0,0.077,0.17,0.057,170.54,road,completed,2024-10-11
952,RDC_FRA,IXD_BER,SKU_0228,388,7.6,0.11,0.063,0.023,76.05,road,completed,2024-10-11
953,IXD_BCN,FC_BCN2,SKU_0237,712,5.0,0.101,0.492,0.022,437.88,road,completed,2024-10-11
954,IXD_MAD,FC_MAD2,SKU_0148,394,4.0,0.123,0.341,0.034,196.21,road,completed,2024-10-11
955,RDC_FRA,IXD_PAR,SKU_0087,830,8.7,0.146,0.695,0.097,778.54,road,completed,2024-10-11
956,RDC_LYS,IXD_PAR,SKU_0067,340,10.6,0.031,0.078,0.079,63.92,road,completed,2024-10-11
957,RDC_FRA,IXD_PAR,SKU_0162,482,11.3,0.039,0.678,0.067,377.89,road,completed,2024-10-12
958,IXD_BCN,FC_BCN1,SKU_0242,154,7.4,0.042,0.709,0.013,117.66,road,completed,2024-10-12
959,IXD_BER,FC_BER1,SKU_0156,502,5.5,0.072,0.111,0.091,137.55,road,completed,2024-10-12
960,IXD_PAR,FC_PAR1,SKU_0081,326,5.0,0.07,0.375,0.073,168.87,road,completed,2024-10-12
961,1DC_BCN,IXD_BER,SKU_0047,189,10.5,0.104,0.765,0.068,177.09,road,completed,2024-10-12
962,IXD_PAR,FC_PAR1,SKU_0207,116,3.7,0.146,0.337,0.029,59.39,road,completed,2024-10-12
963,1DC_MAD,IXD_MAD,SKU_0179,847,8.6,0.107,0.616,0.085,684.38,road,completed,2024-10-12
964,1DC_BCN,IXD_PAR,SKU_0214,409,8.5,0.089,0.586,0.04,292.44,road,completed,2024-10-12
965,IXD_MAD,FC_MAD2,SKU_0022,493,5.8,0.135,0.527,0.015,333.76,road,completed,2024-10-12
966,IXD_PAR,FC_MUN1,SKU_0006,60,3.7,0.031,0.762,0.045,50.28,road,completed,2024-10-12
967,1DC_BCN,IXD_PAR,SKU_0225,194,9.4,0.073,0.21,0.024,59.56,road,completed,2024-10-12
968,RDC_LYS,IXD_PAR,SKU_0143,259,10.0,0.122,0.171,0.021,81.33,road,completed,2024-10-12
969,RDC_FRA,IXD_BER,SKU_0078,562,10.8,0.055,0.227,0.077,201.76,road,completed,2024-10-13
970,1DC_MAD,IXD_MAD,SKU_0220,22,11.4,0.079,0.368,0.043,10.78,road,completed,2024-10-13
971,1DC_BCN,IXD_BCN,SKU_0136,77,9.9,0.125,0.783,0.077,75.84,road,completed,2024-10-13
972,IXD_BCN,FC_BCN2,SKU_0178,189,5.8,0.043,0.083,0.091,41.01,road,completed,2024-10-13
973,IXD_BCN,FC_BCN1,SKU_0194,296,4.8,0.056,0.077,0.079,62.75,road,completed,2024-10-14
974,RDC_IBE,IXD_BCN,SKU_0210,280,10.4,0.079,0.065,0.076,61.6,road,completed,2024-10-14
975,IXD_PAR,FC_MUN1,SKU_0129,318,4.5,0.11,0.344,0.039,156.77,road,completed,2024-10-14
976,RDC_LYS,IXD_PAR,SKU_0042,379,9.2,0.077,0.314,0.04,163.35,road,completed,2024-10-14
977,IXD_BER,FC_BER1,SKU_0080,164,5.5,0.1,0.421,0.041,92.17,road,completed,2024-10-14
978,1DC_BCN,IXD_BCN,SKU_0038,843,7.0,0.129,0.284,0.035,377.66,road,completed,2024-10-14
979,RDC_IBE,IXD_MAD,SKU_0024,454,10.3,0.076,0.51,0.09,306.9,road,completed,2024-10-14
980,RDC_IBE,IXD_MAD,SKU_0131,831,9.5,0.096,0.107,0.036,198.61,road,completed,2024-10-14
981,1DC_BCN,IXD_BCN,SKU_0171,345,9.2,0.085,0.424,0.066,198.37,road,completed,2024-10-14
982,RDC_IBE,IXD_BCN,SKU_0065,71,8.2,0.076,0.774,0.044,63.47,road,completed,2024-10-14
983,RDC_IBE,IXD_MAD,SKU_0236,522,9.6,0.071,0.313,0.03,216.11,road,completed,2024-10-14
984,1DC_BCN,IXD_PAR,SKU_0162,324,12.2,0.108,0.213,0.089,132.84,rail,completed,2024-10-14
985,IXD_BER,FC_BER1,SKU_0250,569,1.8,0.073,0.157,0.089,181.51,road,completed,2024-10-14
986,IXD_BER,FC_BER1,SKU_0077,850,3.0,0.146,0.517,0.099,647.7,road,completed,2024-10-14
987,IXD_PAR,FC_PAR2,SKU_0057,670,2.9,0.033,0.234,0.054,215.07,road,completed,2024-10-14
988,1DC_MUC,IXD_PAR,SKU_0236,294,7.4,0.135,0.284,0.088,149.06,road,completed,2024-10-14
989,IXD_MAD,FC_MAD2,SKU_0137,498,2.0,0.079,0.518,0.051,322.7,road,completed,2024-10-14
990,IXD_BCN,FC_BCN1,SKU_0102,100,5.9,0.144,0.315,0.082,54.1,road,completed,2024-10-14
991,IXD_BCN,FC_BCN1,SKU_0239,326,5.4,0.127,0.519,0.021,217.44,road,completed,2024-10-14
992,IXD_BER,FC_BER1,SKU_0227,126,5.6,0.103,0.098,0.016,27.34,road,completed,2024-10-14
993,1DC_BCN,IXD_PAR,SKU_0152,487,9.5,0.138,0.668,0.076,429.53,road,completed,2024-10-14
994,RDC_FRA,IXD_BER,SKU_0165,139,7.6,0.108,0.246,0.015,51.29,road,completed,2024-10-14
995,IXD_BCN,FC_BCN1,SKU_0164,90,5.2,0.123,0.353,0.079,49.95,road,completed,2024-10-14
996,IXD_PAR,FC_MUN1,SKU_0157,30,3.4,0.122,0.691,0.089,27.06,road,completed,2024-10-14
997,1DC_MAD,IXD_MAD,SKU_0155,859,9.4,0.136,0.583,0.018,633.08,road,completed,2024-10-14
998,1DC_BCN,IXD_BCN,SKU_0171,273,9.6,0.034,0.662,0.053,204.48,road,completed,2024-10-14
999,RDC_IBE,IXD_MAD,SKU_0088,482,10.6,0.074,0.674,0.021,370.66,road,completed,2024-10-14
1000,RDC_IBE,IXD_MAD,SKU_0208,56,8.9,0.066,0.51,0.079,36.68,road,completed,2024-10-14
1001,IXD_BCN,FC_BCN1,SKU_0105,749,3.1,0.06,0.65,0.099,605.94,road,completed,2024-10-14
1002,IXD_BCN,FC_BCN2,SKU_0036,813,6.3,0.108,0.26,0.099,379.67,road,completed,2024-10-14
1003,1DC_MAD,IXD_MAD,SKU_0203,92,7.7,0.093,0.34,0.09,48.12,road,completed,2024-10-14
1004,1DC_BCN,IXD_PAR,SKU_0167,88,6.9,0.143,0.207,0.012,31.86,road,completed,2024-10-14
1005,IXD_PAR,FC_PAR2,SKU_0237,322,3.3,0.073,0.192,0.059,104.33,road,completed,2024-10-14
1006,RDC_IBE,IXD_MAD,SKU_0039,387,8.1,0.145,0.483,0.055,264.32,road,completed,2024-10-14
1007,1DC_CDG,IXD_PAR,SKU_0061,386,10.1,0.108,0.651,0.094,329.26,road,completed,2024-10-14
1008,1DC_CDG,IXD_PAR,SKU_0116,894,6.4,0.088,0.537,0.085,634.74,road,completed,2024-10-14
1009,1DC_BCN,IXD_BER,SKU_0162,621,9.8,0.062,0.357,0.072,304.91,road,completed,2024-10-14
1010,1DC_MAD,IXD_MAD,SKU_0076,361,11.5,0.12,0.261,0.069,162.45,road,completed,2024-10-14
1011,1DC_BCN,IXD_PAR,SKU_0200,43,6.5,0.128,0.38,0.058,24.34,road,completed,2024-10-14
1012,IXD_PAR,FC_PAR1,SKU_0171,550,3.7,0.037,0.149,0.05,129.8,road,completed,2024-10-14
1013,1DC_BCN,IXD_BER,SKU_0034,118,10.3,0.096,0.091,0.078,31.27,road,completed,2024-10-15
1014,RDC_FRA,IXD_PAR,SKU_0086,201,7.6,0.117,0.663,0.033,163.41,road,completed,2024-10-15
1015,IXD_PAR,FC_PAR1,SKU_0228,145,4.3,0.115,0.492,0.047,94.83,road,completed,2024-10-15
1016,IXD_PAR,FC_MUN1,SKU_0165,167,6.6,0.132,0.775,0.027,155.98,road,completed,2024-10-15
1017,RDC_FRA,IXD_BER,SKU_0186,303,9.6,0.065,0.676,0.054,240.89,road,completed,2024-10-15
1018,IXD_BCN,FC_BCN1,SKU_0043,359,1.7,0.072,0.252,0.083,146.11,road,completed,2024-10-15
1019,1DC_BCN,IXD_PAR,SKU_0087,235,9.3,0.113,0.474,0.051,149.93,road,completed,2024-10-15
1020,IXD_PAR,FC_PAR1,SKU_0134,653,6.8,0.108,0.612,0.091,529.58,road,completed,2024-10-15
1021,RDC_IBE,IXD_MAD,SKU_0230,360,7.9,0.132,0.701,0.03,310.68,road,completed,2024-10-15
1022,1DC_BCN,IXD_BCN,SKU_0246,206,7.0,0.108,0.53,0.011,133.69,road,completed,2024-10-15
1023,IXD_MAD,FC_MAD2,SKU_0126,133,4.5,0.056,0.408,0.011,63.17,road,completed,2024-10-15
1024,IXD_PAR,FC_MUN1,SKU_0187,363,4.6,0.04,0.562,0.066,242.48,road,completed,2024-10-15
1025,RDC_IBE,IXD_MAD,SKU_0009,771,9.2,0.067,0.525,0.029,478.79,road,completed,2024-10-15
1026,1DC_CDG,IXD_PAR,SKU_0248,68,9.4,0.095,0.53,0.06,46.58,road,completed,2024-10-15
1027,RDC_LYS,IXD_PAR,SKU_0092,875,10.6,0.034,0.091,0.019,126.0,road,completed,2024-10-15
1028,RDC_FRA,IXD_BER,SKU_0140,223,7.2,0.064,0.617,0.047,162.34,road,completed,2024-10-15
1029,IXD_PAR,FC_PAR2,SKU_0188,657,4.9,0.14,0.512,0.065,471.07,road,completed,2024-10-15
1030,IXD_PAR,FC_MUN1,SKU_0219,730,4.8,0.107,0.282,0.082,343.83,road,completed,2024-10-15
1031,1DC_MUC,IXD_PAR,SKU_0179,185,9.2,0.102,0.424,0.027,102.31,road,completed,2024-10-15
1032,IXD_PAR,FC_PAR2,SKU_0224,179,3.4,0.108,0.444,0.045,106.86,road,completed,2024-10-15
1033,IXD_BER,FC_BER1,SKU_0103,255,3.8,0.059,0.275,0.081,105.82,road,completed,2024-10-15
1034,RDC_IBE,IXD_BCN,SKU_0025,367,8.5,0.091,0.271,0.081,162.58,road,completed,2024-10-15
1035,1DC_BCN,IXD_PAR,SKU_0194,384,9.2,0.111,0.244,0.062,160.13,road,completed,2024-10-15
1036,IXD_BCN,FC_BCN2,SKU_0227,52,5.5,0.107,0.791,0.046,49.09,road,completed,2024-10-15
1037,RDC_IBE,IXD_BCN,SKU_0238,454,7.9,0.088,0.53,0.068,311.44,road,completed,2024-10-15
1038,1DC_CDG,IXD_PAR,SKU_0118,385,9.0,0.054,0.236,0.094,147.84,road,completed,2024-10-15
1039,RDC_FRA,IXD_BER,SKU_0211,598,7.2,0.056,0.276,0.064,236.81,road,completed,2024-10-15
1040,IXD_BER,FC_BER1,SKU_0028,362,3.7,0.115,0.714,0.086,331.23,road,completed,2024-10-15
1041,IXD_PAR,FC_PAR1,SKU_0103,57,3.2,0.071,0.37,0.047,27.82,road,completed,2024-10-15
1042,IXD_PAR,FC_PAR2,SKU_0022,191,3.5,0.112,0.223,0.093,81.75,road,completed,2024-10-15
1043,1DC_CDG,IXD_PAR,SKU_0080,411,11.8,0.088,0.485,0.045,254.0,road,completed,2024-10-15
1044,1DC_MAD,IXD_MAD,SKU_0096,708,9.6,0.127,0.532,0.03,487.81,road,completed,2024-10-15
1045,RDC_FRA,IXD_PAR,SKU_0193,366,10.3,0.107,0.543,0.065,261.69,road,completed,2024-10-15
1046,RDC_IBE,IXD_MAD,SKU_0195,771,9.8,0.109,0.366,0.072,421.74,road,completed,2024-10-16
1047,IXD_PAR,FC_PAR1,SKU_0135,467,4.7,0.13,0.738,0.028,418.43,road,completed,2024-10-16
1048,IXD_BCN,FC_BCN1,SKU_0017,564,4.6,0.104,0.238,0.02,204.17,road,completed,2024-10-16
1049,IXD_MAD,FC_MAD1,SKU_0193,637,4.4,0.09,0.764,0.017,554.83,road,completed,2024-10-16
1050,1DC_BCN,IXD_PAR,SKU_0183,136,7.2,0.097,0.397,0.096,80.24,road,completed,2024-10-16
1051,IXD_BCN,FC_BCN1,SKU_0193,298,6.0,0.039,0.098,0.083,65.56,road,completed,2024-10-16
1052,IXD_PAR,FC_PAR1,SKU_0169,827,4.6,0.088,0.177,0.017,233.21,road,completed,2024-10-16
1053,1DC_MAD,IXD_MAD,SKU_0229,474,9.0,0.067,0.272,0.017,168.74,road,completed,2024-10-16
1054,RDC_IBE,IXD_MAD,SKU_0135,716,7.1,0.126,0.474,0.08,486.88,road,completed,2024-10-16
1055,IXD_MAD,FC_MAD2,SKU_0008,593,6.5,0.044,0.607,0.041,410.36,road,completed,2024-10-16
1056,1DC_CDG,IXD_PAR,SKU_0233,109,4.5,0.034,0.284,0.088,44.25,road,completed,2024-10-16
1057,IXD_MAD,FC_MAD1,SKU_0103,57,2.5,0.13,0.14,0.088,20.41,road,completed,2024-10-16
1058,IXD_MAD,FC_MAD1,SKU_0067,703,2.9,0.126,0.53,0.091,525.14,road,completed,2024-10-16
1059,1DC_BCN,IXD_BER,SKU_0026,687,6.9,0.07,0.434,0.011,353.81,road,completed,2024-10-16
1060,IXD_BER,FC_BER1,SKU_0114,880,7.3,0.123,0.603,0.042,675.84,road,completed,2024-10-16
1061,1DC_BCN,IXD_PAR,SKU_0249,238,9.6,0.069,0.553,0.085,168.27,road,completed,2024-10-16
1062,IXD_BER,FC_BER1,SKU_0039,783,3.5,0.132,0.476,0.055,519.13,road,completed,2024-10-16
1063,IXD_PAR,FC_MUN1,SKU_0243,657,3.3,0.11,0.453,0.082,423.76,road,completed,2024-10-16
1064,IXD_PAR,FC_PAR1,SKU_0020,199,5.0,0.098,0.076,0.064,47.36,road,completed,2024-10-16
1065,IXD_MAD,FC_MAD2,SKU_0011,742,4.5,0.077,0.398,0.03,374.71,road,completed,2024-10-16
1066,IXD_MAD,FC_MAD1,SKU_0070,749,5.0,0.041,0.234,0.096,277.88,road,completed,2024-10-16
1067,RDC_FRA,IXD_PAR,SKU_0182,348,8.3,0.086,0.722,0.049,298.24,road,completed,2024-10-16
1068,IXD_PAR,FC_PAR1,SKU_0188,402,5.5,0.146,0.604,0.015,307.53,road,completed,2024-10-16
1069,IXD_BER,FC_BER1,SKU_0106,140,3.1,0.062,0.48,0.035,80.78,road,completed,2024-10-16
1070,IXD_MAD,FC_MAD2,SKU_0104,759,5.5,0.081,0.304,0.093,362.8,road,completed,2024-10-16
1071,IXD_BER,FC_BER1,SKU_0201,470,4.4,0.093,0.3,0.076,220.43,road,completed,2024-10-16
1072,IXD_PAR,FC_PAR1,SKU_0197,364,4.6,0.035,0.531,0.094,240.24,road,completed,2024-10-16
1073,1DC_MAD,IXD_MAD,SKU_0097,769,6.5,0.033,0.638,0.093,587.52,road,completed,2024-10-16
1074,1DC_BCN,IXD_BER,SKU_0162,400,7.9,0.125,0.264,0.022,164.4,road,completed,2024-10-16
1075,IXD_MAD,FC_MAD2,SKU_0137,224,1.0,0.084,0.443,0.071,133.95,road,completed,2024-10-16
1076,1DC_BCN,IXD_PAR,SKU_0120,94,7.2,0.136,0.066,0.036,22.37,road,completed,2024-10-16
1077,1DC_BCN,IXD_BER,SKU_0177,170,8.1,0.035,0.678,0.04,128.01,road,completed,2024-10-16
1078,IXD_PAR,FC_PAR2,SKU_0082,464,2.2,0.12,0.207,0.028,164.72,road,completed,2024-10-16
1079,RDC_IBE,IXD_BCN,SKU_0235,653,10.0,0.047,0.545,0.023,401.59,road,completed,2024-10-16
1080,1DC_MAD,IXD_MAD,SKU_0232,310,9.4,0.037,0.419,0.077,165.23,road,completed,2024-10-17
1081,RDC_IBE,IXD_MAD,SKU_0078,678,8.3,0.094,0.472,0.074,433.92,road,completed,2024-10-17
1082,IXD_MAD,FC_MAD2,SKU_0186,67,4.6,0.058,0.301,0.05,27.4,road,completed,2024-10-17
1083,IXD_MAD,FC_MAD2,SKU_0162,502,3.7,0.115,0.31,0.011,218.87,road,completed,2024-10-17
1084,RDC_IBE,IXD_MAD,SKU_0151,872,8.2,0.049,0.068,0.031,129.06,road,completed,2024-10-17
1085,1DC_BCN,IXD_PAR,SKU_0191,312,7.8,0.069,0.406,0.034,158.81,road,completed,2024-10-17
1086,IXD_BCN,FC_BCN1,SKU_0013,761,6.2,0.102,0.109,0.097,234.39,road,completed,2024-10-17
1087,RDC_IBE,IXD_MAD,SKU_0138,157,7.6,0.054,0.787,0.062,141.77,road,completed,2024-10-17
1088,RDC_LYS,IXD_PAR,SKU_0140,880,9.5,0.057,0.229,0.011,261.36,road,completed,2024-10-17
1089,1DC_BCN,IXD_BCN,SKU_0241,275,9.8,0.097,0.673,0.093,237.32,road,completed,2024-10-17
1090,1DC_BCN,IXD_PAR,SKU_0242,739,7.5,0.143,0.263,0.071,352.5,road,completed,2024-10-17
1091,IXD_BCN,FC_BCN2,SKU_0227,393,4.7,0.137,0.365,0.092,233.44,road,completed,2024-10-17
1092,1DC_MUC,IXD_PAR,SKU_0130,133,8.4,0.114,0.507,0.036,87.38,road,completed,2024-10-17
1093,1DC_MAD,IXD_MAD,SKU_0043,261,8.3,0.038,0.515,0.077,164.43,road,completed,2024-10-17
1094,1DC_MUC,IXD_PAR,SKU_0165,685,8.8,0.125,0.797,0.06,672.67,road,completed,2024-10-17
1095,1DC_BCN,IXD_BCN,SKU_0124,182,8.9,0.058,0.595,0.023,123.03,road,completed,2024-10-17
1096,IXD_PAR,FC_MUN1,SKU_0190,470,1.3,0.041,0.718,0.038,374.59,road,completed,2024-10-17
1097,RDC_IBE,IXD_BCN,SKU_0131,568,8.2,0.054,0.621,0.034,402.71,road,completed,2024-10-17
1098,IXD_MAD,FC_MAD1,SKU_0064,517,3.7,0.121,0.119,0.055,152.51,road,completed,2024-10-17
1099,IXD_PAR,FC_PAR2,SKU_0122,786,5.1,0.09,0.166,0.063,250.73,road,completed,2024-10-17
1100,1DC_MAD,IXD_MAD,SKU_0015,637,10.0,0.038,0.7,0.011,477.11,road,completed,2024-10-17
1101,IXD_MAD,FC_MAD2,SKU_0197,611,4.6,0.114,0.181,0.096,238.9,road,completed,2024-10-17
1102,RDC_LYS,IXD_PAR,SKU_0008,705,8.5,0.132,0.158,0.014,214.32,road,completed,2024-10-17
1103,1DC_BCN,IXD_BER,SKU_0028,77,7.6,0.14,0.622,0.048,62.37,road,completed,2024-10-18
1104,IXD_PAR,FC_PAR1,SKU_0230,87,5.6,0.124,0.641,0.085,73.95,road,completed,2024-10-18
1105,RDC_FRA,IXD_BER,SKU_0177,500,7.9,0.141,0.525,0.049,357.5,road,completed,2024-10-18
1106,IXD_MAD,FC_MAD1,SKU_0033,761,4.9,0.122,0.419,0.081,473.34,road,completed,2024-10-18
1107,1DC_BCN,IXD_BCN,SKU_0243,115,7.6,0.113,0.718,0.016,97.41,road,completed,2024-10-18
1108,1DC_BCN,IXD_BCN,SKU_0089,626,7.8,0.076,0.123,0.053,157.75,road,completed,2024-10-18
1109,IXD_MAD,FC_MAD1,SKU_0230,141,3.2,0.068,0.164,0.081,44.13,road,completed,2024-10-18
1110,1DC_BCN,IXD_BCN,SKU_0080,643,11.5,0.129,0.256,0.061,286.78,road,completed,2024-10-18
1111,RDC_LYS,IXD_PAR,SKU_0130,327,6.6,0.107,0.49,0.04,208.3,road,completed,2024-10-18
1112,IXD_BCN,FC_BCN2,SKU_0192,34,4.7,0.036,0.262,0.029,11.12,road,completed,2024-10-18
1113,IXD_BCN,FC_BCN1,SKU_0144,576,3.6,0.129,0.299,0.021,258.62,road,completed,2024-10-18
1114,RDC_IBE,IXD_MAD,SKU_0043,786,7.4,0.044,0.223,0.027,231.08,road,completed,2024-10-18
1115,RDC_IBE,IXD_BCN,SKU_0175,95,8.3,0.037,0.41,0.053,47.5,road,completed,2024-10-18
1116,1DC_BCN,IXD_BCN,SKU_0062,865,8.9,0.054,0.654,0.087,687.68,road,completed,2024-10-18
1117,RDC_FRA,IXD_BER,SKU_0120,337,10.3,0.11,0.606,0.085,269.94,road,completed,2024-10-18
1118,IXD_PAR,FC_PAR2,SKU_0230,74,6.8,0.135,0.448,0.025,44.99,road,completed,2024-10-18
1119,1DC_BCN,IXD_BER,SKU_0068,118,6.3,0.076,0.284,0.041,47.32,road,completed,2024-10-18
1120,1DC_CDG,IXD_PAR,SKU_0208,750,7.4,0.116,0.536,0.055,530.25,road,completed,2024-10-18
1121,IXD_MAD,FC_MAD1,SKU_0212,374,7.1,0.11,0.389,0.036,200.09,road,completed,2024-10-18
1122,IXD_BER,FC_BER1,SKU_0186,258,4.4,0.063,0.062,0.091,55.73,road,completed,2024-10-18
1123,IXD_BCN,FC_BCN1,SKU_0141,816,5.0,0.04,0.139,0.07,203.18,road,completed,2024-10-18
1124,RDC_LYS,IXD_PAR,SKU_0088,23,9.5,0.102,0.321,0.085,11.68,road,completed,2024-10-18
1125,IXD_BCN,FC_BCN1,SKU_0157,84,2.7,0.146,0.541,0.079,64.34,road,completed,2024-10-18
1126,IXD_MAD,FC_MAD2,SKU_0240,220,4.0,0.128,0.676,0.088,196.24,road,completed,2024-10-18
1127,IXD_BER,FC_BER1,SKU_0087,432,4.6,0.123,0.306,0.069,215.14,road,completed,2024-10-18
1128,RDC_IBE,IXD_MAD,SKU_0003,673,7.1,0.095,0.273,0.055,284.68,road,completed,2024-10-18
1129,IXD_MAD,FC_MAD1,SKU_0153,398,3.7,0.038,0.694,0.096,329.54,road,completed,2024-10-18
1130,IXD_PAR,FC_PAR1,SKU_0084,97,1.8,0.135,0.496,0.033,64.41,road,completed,2024-10-18
1131,RDC_IBE,IXD_BCN,SKU_0012,137,7.8,0.118,0.08,0.051,34.11,road,completed,2024-10-18
1132,IXD_MAD,FC_MAD2,SKU_0005,25,2.5,0.039,0.566,0.048,16.32,road,completed,2024-10-18
1133,RDC_IBE,IXD_BCN,SKU_0189,51,9.0,0.097,0.653,0.03,39.78,road,completed,2024-10-18
1134,IXD_BCN,FC_BCN2,SKU_0207,267,3.3,0.098,0.202,0.019,85.17,road,completed,2024-10-18
1135,RDC_LYS,IXD_PAR,SKU_0167,799,10.4,0.059,0.512,0.052,497.78,road,completed,2024-10-18
1136,1DC_MUC,IXD_PAR,SKU_0027,526,9.3,0.148,0.669,0.044,452.89,road,completed,2024-10-18
1137,RDC_IBE,IXD_MAD,SKU_0066,43,8.4,0.138,0.531,0.014,29.37,road,completed,2024-10-18
1138,IXD_MAD,FC_MAD1,SKU_0147,222,1.6,0.133,0.113,0.031,61.49,road,completed,2024-10-18
1139,RDC_IBE,IXD_BCN,SKU_0048,168,8.6,0.097,0.765,0.034,150.53,road,completed,2024-10-18
1140,IXD_PAR,FC_MUN1,SKU_0166,519,5.8,0.061,0.152,0.031,126.64,road,completed,2024-10-19
1141,1DC_BCN,IXD_BCN,SKU_0182,874,8.3,0.049,0.375,0.026,393.3,road,completed,2024-10-19
1142,RDC_LYS,IXD_PAR,SKU_0224,565,8.2,0.077,0.224,0.09,220.92,road,completed,2024-10-19
1143,IXD_PAR,FC_PAR1,SKU_0126,499,2.8,0.108,0.747,0.054,453.59,road,completed,2024-10-19
1144,RDC_FRA,IXD_BER,SKU_0159,707,9.0,0.072,0.672,0.085,586.1,road,completed,2024-10-19
1145,IXD_PAR,FC_PAR2,SKU_0002,829,3.3,0.06,0.316,0.074,373.05,road,completed,2024-10-19
1146,RDC_IBE,IXD_MAD,SKU_0075,244,8.5,0.043,0.728,0.061,203.01,road,completed,2024-10-19
1147,IXD_MAD,FC_MAD1,SKU_0133,501,5.2,0.065,0.215,0.071,175.85,road,completed,2024-10-19
1148,1DC_MAD,IXD_MAD,SKU_0250,289,8.3,0.103,0.22,0.012,96.82,road,completed,2024-10-19
1149,RDC_IBE,IXD_BCN,SKU_0057,641,8.3,0.041,0.137,0.037,137.81,road,completed,2024-10-19
1150,IXD_PAR,FC_MUN1,SKU_0096,604,1.4,0.05,0.689,0.092,501.92,road,completed,2024-10-19
1151,IXD_PAR,FC_PAR1,SKU_0190,773,4.5,0.143,0.226,0.015,296.83,road,completed,2024-10-19
1152,IXD_PAR,FC_PAR1,SKU_0239,790,2.9,0.07,0.316,0.081,368.93,road,completed,2024-10-20
1153,1DC_MAD,IXD_MAD,SKU_0142,168,7.2,0.093,0.45,0.019,94.42,road,completed,2024-10-20
1154,1DC_BCN,IXD_BER,SKU_0060,488,7.4,0.069,0.437,0.087,289.38,road,completed,2024-10-20
1155,IXD_BCN,FC_BCN1,SKU_0058,830,2.4,0.13,0.158,0.054,283.86,road,completed,2024-10-20
1156,IXD_PAR,FC_PAR1,SKU_0058,377,3.5,0.067,0.661,0.084,306.12,road,completed,2024-10-20
1157,IXD_MAD,FC_MAD2,SKU_0046,73,4.7,0.055,0.7,0.028,57.16,road,completed,2024-10-20
1158,RDC_IBE,IXD_MAD,SKU_0193,149,7.2,0.061,0.707,0.023,117.86,road,completed,2024-10-20
1159,RDC_LYS,IXD_PAR,SKU_0041,408,8.7,0.072,0.462,0.066,244.8,road,completed,2024-10-21
1160,IXD_PAR,FC_PAR1,SKU_0144,71,5.2,0.06,0.072,0.019,10.72,road,completed,2024-10-21
1161,IXD_PAR,FC_PAR2,SKU_0185,569,6.1,0.118,0.663,0.077,488.2,road,completed,2024-10-21
1162,IXD_BCN,FC_BCN2,SKU_0061,695,1.7,0.087,0.416,0.08,405.19,road,completed,2024-10-21
1163,1DC_CDG,IXD_PAR,SKU_0151,606,8.3,0.061,0.26,0.099,254.52,road,completed,2024-10-21
1164,1DC_BCN,IXD_BCN,SKU_0212,167,8.4,0.048,0.104,0.036,31.4,road,completed,2024-10-21
1165,RDC_FRA,IXD_BER,SKU_0060,241,8.9,0.072,0.378,0.082,128.21,road,completed,2024-10-21
1166,IXD_MAD,FC_MAD2,SKU_0016,192,4.9,0.072,0.666,0.072,155.52,road,completed,2024-10-21
1167,IXD_MAD,FC_MAD2,SKU_0162,582,3.0,0.044,0.249,0.087,221.16,road,completed,2024-10-21
1168,IXD_PAR,FC_PAR2,SKU_0117,700,5.5,0.12,0.736,0.061,641.9,road,completed,2024-10-21
1169,1DC_MAD,IXD_MAD,SKU_0159,881,9.7,0.081,0.32,0.058,404.38,road,completed,2024-10-21
1170,RDC_LYS,IXD_PAR,SKU_0164,285,8.5,0.121,0.74,0.079,267.9,road,completed,2024-10-21
1171,IXD_PAR,FC_MUN1,SKU_0082,693,4.0,0.084,0.33,0.041,315.31,road,completed,2024-10-21
1172,IXD_MAD,FC_MAD1,SKU_0005,519,3.1,0.057,0.674,0.082,421.95,road,completed,2024-10-21
1173,IXD_BER,FC_BER1,SKU_0217,812,4.4,0.054,0.617,0.031,570.02,road,completed,2024-10-21
1174,RDC_IBE,IXD_BCN,SKU_0026,319,8.1,0.037,0.698,0.065,255.2,road,completed,2024-10-21
1175,1DC_MUC,IXD_PAR,SKU_0207,41,8.8,0.061,0.629,0.09,31.98,road,completed,2024-10-21
1176,1DC_BCN,IXD_BER,SKU_0039,265,9.4,0.073,0.29,0.1,122.7,road,completed,2024-10-21
1177,IXD_PAR,FC_PAR1,SKU_0068,719,4.4,0.065,0.2,0.045,222.89,road,completed,2024-10-21
1178,IXD_MAD,FC_MAD2,SKU_0243,167,4.2,0.06,0.085,0.092,39.58,road,completed,2024-10-21
1179,IXD_PAR,FC_MUN1,SKU_0200,23,4.2,0.104,0.624,0.072,18.4,road,completed,2024-10-21
1180,IXD_MAD,FC_MAD2,SKU_0233,647,3.2,0.064,0.654,0.064,505.95,road,completed,2024-10-21
1181,IXD_MAD,FC_MAD2,SKU_0057,655,1.9,0.115,0.7,0.088,591.47,road,completed,2024-10-21
1182,RDC_IBE,IXD_MAD,SKU_0190,352,7.9,0.08,0.673,0.051,283.01,road,completed,2024-10-21
1183,1DC_BCN,IXD_BCN,SKU_0239,439,10.8,0.118,0.096,0.029,106.68,road,completed,2024-10-21
1184,1DC_BCN,IXD_BCN,SKU_0106,416,7.6,0.047,0.576,0.068,287.46,road,completed,2024-10-21
1185,IXD_PAR,FC_MUN1,SKU_0151,303,4.4,0.127,0.274,0.054,137.87,road,completed,2024-10-21
1186,RDC_IBE,IXD_MAD,SKU_0197,306,6.8,0.147,0.382,0.081,186.66,road,completed,2024-10-21
1187,1DC_BCN,IXD_PAR,SKU_0179,465,11.2,0.047,0.349,0.081,221.8,road,completed,2024-10-21
1188,1DC_CDG,IXD_PAR,SKU_0148,439,8.2,0.078,0.079,0.099,112.38,road,completed,2024-10-21
1189,RDC_IBE,IXD_MAD,SKU_0182,241,8.1,0.107,0.668,0.06,201.23,road,completed,2024-10-21
1190,IXD_BCN,FC_BCN2,SKU_0129,522,4.1,0.074,0.364,0.066,263.09,road,completed,2024-10-21
1191,1DC_BCN,IXD_BCN,SKU_0129,484,6.3,0.096,0.615,0.077,381.39,road,completed,2024-10-21
1192,IXD_MAD,FC_MAD1,SKU_0165,607,2.4,0.069,0.554,0.094,435.22,road,completed,2024-10-21
1193,IXD_PAR,FC_PAR2,SKU_0055,326,3.7,0.066,0.725,0.057,276.45,road,completed,2024-10-21
1194,1DC_BCN,IXD_BCN,SKU_0159,321,6.4,0.085,0.549,0.088,231.76,road,completed,2024-10-21
1195,RDC_IBE,IXD_MAD,SKU_0219,682,9.2,0.078,0.796,0.086,654.72,road,completed,2024-10-21
1196,IXD_BCN,FC_BCN2,SKU_0219,441,6.2,0.114,0.507,0.014,280.04,road,completed,2024-10-21
1197,1DC_BCN,IXD_PAR,SKU_0146,423,6.0,0.095,0.711,0.031,354.05,road,completed,2024-10-21
1198,IXD_BER,FC_BER1,SKU_0116,867,2.1,0.076,0.698,0.022,690.13,road,completed,2024-10-21
1199,1DC_BCN,IXD_BER,SKU_0005,829,9.4,0.126,0.321,0.011,379.68,road,completed,2024-10-22
1200,IXD_BCN,FC_BCN1,SKU_0030,746,4.6,0.124,0.48,0.019,464.76,road,completed,2024-10-22
1201,IXD_PAR,FC_MUN1,SKU_0235,172,5.7,0.125,0.534,0.01,115.07,road,completed,2024-10-22
1202,RDC_FRA,IXD_PAR,SKU_0128,514,10.5,0.109,0.595,0.058,391.67,road,completed,2024-10-22
1203,1DC_BCN,IXD_BER,SKU_0235,548,5.8,0.051,0.361,0.016,234.54,road,completed,2024-10-22
1204,IXD_BER,FC_BER1,SKU_0011,195,3.9,0.137,0.471,0.023,123.05,road,completed,2024-10-22
1205,IXD_MAD,FC_MAD1,SKU_0076,881,4.0,0.077,0.113,0.073,231.7,road,completed,2024-10-22
1206,1DC_MUC,IXD_PAR,SKU_0122,735,9.4,0.078,0.795,0.086,704.87,road,completed,2024-10-22
1207,IXD_PAR,FC_PAR2,SKU_0209,73,2.3,0.066,0.214,0.083,26.5,road,completed,2024-10-22
1208,1DC_MAD,IXD_MAD,SKU_0194,604,10.5,0.111,0.442,0.012,341.26,road,completed,2024-10-22
1209,RDC_IBE,IXD_BCN,SKU_0199,424,12.4,0.137,0.108,0.046,123.38,rail,completed,2024-10-22
1210,IXD_PAR,FC_PAR1,SKU_0115,475,5.2,0.083,0.679,0.061,390.92,road,completed,2024-10-22
1211,1DC_CDG,IXD_PAR,SKU_0174,718,8.3,0.112,0.709,0.012,598.09,road,completed,2024-10-22
1212,IXD_PAR,FC_PAR2,SKU_0120,178,6.0,0.082,0.686,0.045,144.71,road,completed,2024-10-22
1213,1DC_MUC,IXD_PAR,SKU_0151,442,9.1,0.085,0.496,0.033,271.39,road,completed,2024-10-22
1214,RDC_FRA,IXD_PAR,SKU_0129,638,8.8,0.082,0.455,0.054,377.06,road,completed,2024-10-22
1215,RDC_IBE,IXD_BCN,SKU_0008,101,8.0,0.14,0.477,0.052,67.57,road,completed,2024-10-22
1216,1DC_BCN,IXD_BER,SKU_0014,203,8.7,0.14,0.567,0.049,153.47,road,completed,2024-10-22
1217,1DC_MAD,IXD_MAD,SKU_0131,190,8.8,0.046,0.308,0.026,72.2,road,completed,2024-10-22
1218,IXD_BCN,FC_BCN1,SKU_0026,189,8.0,0.109,0.351,0.067,99.6,road,completed,2024-10-22
1219,RDC_IBE,IXD_BCN,SKU_0190,43,8.3,0.05,0.243,0.083,16.17,road,completed,2024-10-22
1220,IXD_BCN,FC_BCN1,SKU_0028,101,5.5,0.078,0.246,0.024,35.15,road,completed,2024-10-22
1221,1DC_MUC,IXD_PAR,SKU_0114,815,7.2,0.077,0.362,0.065,410.76,road,completed,2024-10-22
1222,IXD_MAD,FC_MAD2,SKU_0078,888,2.9,0.129,0.541,0.026,618.05,road,completed,2024-10-22
1223,IXD_MAD,FC_MAD1,SKU_0095,712,3.2,0.147,0.164,0.097,290.5,road,completed,2024-10-22
1224,1DC_MAD,IXD_MAD,SKU_0074,729,8.6,0.042,0.227,0.026,215.05,road,completed,2024-10-23
1225,IXD_PAR,FC_PAR2,SKU_0116,60,4.2,0.102,0.487,0.1,41.34,road,completed,2024-10-23
1226,RDC_FRA,IXD_BER,SKU_0142,599,10.3,0.087,0.095,0.037,131.18,road,completed,2024-10-23
1227,IXD_BCN,FC_BCN1,SKU_0025,692,5.9,0.043,0.545,0.033,429.73,road,completed,2024-10-23
1228,IXD_BCN,FC_BCN1,SKU_0182,565,5.4,0.068,0.746,0.027,475.16,road,completed,2024-10-23
1229,RDC_IBE,IXD_BCN,SKU_0165,841,7.5,0.085,0.685,0.066,703.08,road,completed,2024-10-23
1230,IXD_BCN,FC_BCN1,SKU_0049,707,2.3,0.039,0.569,0.072,480.76,road,completed,2024-10-23
1231,1DC_MUC,IXD_PAR,SKU_0187,798,8.0,0.06,0.185,0.085,263.34,road,completed,2024-10-23
1232,1DC_BCN,IXD_PAR,SKU_0059,602,8.4,0.121,0.42,0.031,344.34,road,completed,2024-10-23
1233,1DC_BCN,IXD_BCN,SKU_0065,112,6.8,0.061,0.766,0.027,95.65,road,completed,2024-10-23
1234,IXD_BER,FC_BER1,SKU_0163,328,4.1,0.062,0.15,0.028,78.72,road,completed,2024-10-23
1235,1DC_MAD,IXD_MAD,SKU_0009,733,8.6,0.135,0.464,0.045,472.05,road,completed,2024-10-23
1236,1DC_BCN,IXD_BER,SKU_0179,730,8.9,0.097,0.443,0.065,441.65,road,completed,2024-10-23
1237,RDC_LYS,IXD_PAR,SKU_0230,115,9.5,0.038,0.264,0.068,42.55,road,completed,2024-10-23
1238,IXD_BER,FC_BER1,SKU_0081,898,4.8,0.114,0.113,0.067,264.01,road,completed,2024-10-23
1239,IXD_BCN,FC_BCN2,SKU_0226,449,3.4,0.038,0.747,0.088,391.98,road,completed,2024-10-23
1240,IXD_MAD,FC_MAD1,SKU_0058,173,5.5,0.099,0.165,0.098,62.63,road,completed,2024-10-23
1241,1DC_BCN,IXD_BER,SKU_0119,300,9.8,0.036,0.296,0.074,121.8,road,completed,2024-10-23
1242,RDC_IBE,IXD_BCN,SKU_0197,360,10.0,0.063,0.692,0.024,280.44,road,completed,2024-10-23
1243,IXD_MAD,FC_MAD2,SKU_0015,420,3.0,0.098,0.729,0.083,382.2,road,completed,2024-10-23
1244,1DC_CDG,IXD_PAR,SKU_0059,812,8.9,0.115,0.735,0.087,760.84,road,completed,2024-10-23
1245,IXD_BCN,FC_BCN2,SKU_0238,76,4.9,0.139,0.464,0.068,51.0,road,completed,2024-10-23
1246,1DC_MAD,IXD_MAD,SKU_0158,536,9.1,0.047,0.624,0.029,375.2,road,completed,2024-10-23
1247,1DC_BCN,IXD_PAR,SKU_0065,703,10.4,0.069,0.575,0.029,473.12,road,completed,2024-10-23
1248,RDC_FRA,IXD_BER,SKU_0128,188,7.8,0.079,0.428,0.027,100.39,road,completed,2024-10-23
1249,IXD_PAR,FC_PAR1,SKU_0032,161,3.3,0.099,0.67,0.065,134.27,road,completed,2024-10-23
1250,IXD_MAD,FC_MAD1,SKU_0086,575,2.4,0.059,0.335,0.089,277.72,road,completed,2024-10-23
1251,IXD_MAD,FC_MAD1,SKU_0132,455,5.4,0.054,0.597,0.037,313.04,road,completed,2024-10-23
1252,IXD_PAR,FC_MUN1,SKU_0200,390,3.2,0.119,0.15,0.086,138.45,road,completed,2024-10-23
1253,IXD_BER,FC_BER1,SKU_0239,345,1.0,0.124,0.168,0.021,107.98,road,completed,2024-10-23
1254,IXD_BCN,FC_BCN1,SKU_0055,100,3.4,0.076,0.343,0.075,49.4,road,completed,2024-10-23
1255,IXD_PAR,FC_PAR2,SKU_0194,127,4.4,0.055,0.104,0.1,32.89,road,completed,2024-10-23
1256,1DC_MAD,IXD_MAD,SKU_0162,569,7.8,0.031,0.176,0.029,134.28,road,completed,2024-10-23
1257,1DC_MUC,IXD_PAR,SKU_0065,481,6.8,0.104,0.29,0.085,230.4,road,completed,2024-10-23
1258,IXD_PAR,FC_PAR1,SKU_0012,845,2.7,0.095,0.714,0.064,737.68,road,completed,2024-10-23
1259,IXD_BCN,FC_BCN1,SKU_0147,71,4.0,0.067,0.485,0.059,43.38,road,completed,2024-10-23
1260,IXD_PAR,FC_PAR1,SKU_0197,306,4.8,0.048,0.341,0.078,142.9,road,completed,2024-10-23
1261,IXD_BCN,FC_BCN1,SKU_0153,334,2.8,0.036,0.56,0.022,206.41,road,completed,2024-10-23
1262,1DC_BCN,IXD_BCN,SKU_0235,20,9.0,0.09,0.088,0.096,5.48,road,completed,2024-10-23
1263,IXD_BCN,FC_BCN2,SKU_0059,40,2.3,0.05,0.485,0.029,22.56,road,completed,2024-10-24
1264,IXD_BER,FC_BER1,SKU_0115,82,2.9,0.099,0.315,0.059,38.79,road,completed,2024-10-24
1265,RDC_IBE,IXD_BCN,SKU_0240,878,10.1,0.114,0.491,0.019,547.87,road,completed,2024-10-24
1266,RDC_IBE,IXD_MAD,SKU_0096,245,9.2,0.073,0.618,0.056,183.01,road,completed,2024-10-24
1267,1DC_CDG,IXD_PAR,SKU_0078,796,8.1,0.039,0.18,0.035,202.18,road,completed,2024-10-24
1268,1DC_MAD,IXD_MAD,SKU_0033,707,8.8,0.131,0.677,0.039,598.83,road,completed,2024-10-24
1269,IXD_PAR,FC_PAR1,SKU_0166,546,3.4,0.12,0.062,0.071,138.14,road,completed,2024-10-24
1270,RDC_FRA,IXD_BER,SKU_0005,714,8.0,0.094,0.71,0.055,613.33,road,completed,2024-10-24
1271,IXD_MAD,FC_MAD2,SKU_0125,714,2.6,0.1,0.608,0.031,527.65,road,completed,2024-10-24
1272,1DC_MUC,IXD_PAR,SKU_0181,330,6.7,0.031,0.193,0.054,91.74,road,completed,2024-10-24
1273,IXD_BCN,FC_BCN1,SKU_0011,269,2.0,0.106,0.756,0.081,253.67,road,completed,2024-10-24
1274,IXD_BCN,FC_BCN1,SKU_0078,40,4.5,0.097,0.766,0.097,38.4,road,completed,2024-10-24
1275,IXD_MAD,FC_MAD2,SKU_0052,429,4.4,0.038,0.303,0.084,182.32,road,completed,2024-10-24
1276,1DC_BCN,IXD_BCN,SKU_0154,36,8.5,0.049,0.783,0.058,32.04,road,completed,2024-10-24
1277,IXD_BER,FC_BER1,SKU_0118,469,4.6,0.071,0.27,0.091,202.61,road,completed,2024-10-24
1278,IXD_MAD,FC_MAD2,SKU_0062,231,4.1,0.098,0.442,0.019,129.13,road,completed,2024-10-24
1279,RDC_LYS,IXD_PAR,SKU_0022,616,7.6,0.138,0.545,0.01,426.89,road,completed,2024-10-24
1280,RDC_FRA,IXD_PAR,SKU_0018,794,8.3,0.092,0.712,0.015,650.29,road,completed,2024-10-24
1281,IXD_MAD,FC_MAD1,SKU_0179,861,4.7,0.057,0.516,0.034,522.63,road,completed,2024-10-24
1282,IXD_BER,FC_BER1,SKU_0138,819,4.2,0.113,0.341,0.024,391.48,road,completed,2024-10-24
1283,1DC_BCN,IXD_BCN,SKU_0061,164,9.8,0.123,0.524,0.066,116.93,road,completed,2024-10-24
1284,IXD_BER,FC_BER1,SKU_0250,755,2.9,0.089,0.762,0.032,666.66,road,completed,2024-10-24
1285,IXD_MAD,FC_MAD1,SKU_0222,625,2.0,0.116,0.174,0.025,196.88,road,completed,2024-10-24
1286,1DC_BCN,IXD_BCN,SKU_0060,161,8.4,0.077,0.438,0.072,94.51,road,completed,2024-10-24
1287,IXD_PAR,FC_PAR1,SKU_0006,386,4.1,0.078,0.66,0.023,293.75,road,completed,2024-10-24
1288,IXD_PAR,FC_MUN1,SKU_0237,399,5.4,0.114,0.513,0.07,278.1,road,completed,2024-10-24
1289,IXD_MAD,FC_MAD1,SKU_0022,896,4.2,0.136,0.603,0.019,679.17,road,completed,2024-10-24
1290,1DC_CDG,IXD_PAR,SKU_0161,797,6.0,0.049,0.304,0.094,356.26,road,completed,2024-10-24
1291,IXD_MAD,FC_MAD1,SKU_0222,421,3.6,0.05,0.5,0.034,245.86,road,completed,2024-10-24
1292,RDC_FRA,IXD_BER,SKU_0077,770,8.1,0.062,0.266,0.072,308.0,road,completed,2024-10-24
1293,IXD_BER,FC_BER1,SKU_0097,178,5.2,0.081,0.703,0.015,142.22,road,completed,2024-10-24
1294,IXD_BER,FC_BER1,SKU_0064,47,4.3,0.049,0.397,0.045,23.08,road,completed,2024-10-24
1295,1DC_BCN,IXD_BER,SKU_0247,385,8.3,0.123,0.213,0.086,162.47,road,completed,2024-10-24
1296,RDC_FRA,IXD_PAR,SKU_0119,310,7.0,0.117,0.637,0.054,250.48,road,completed,2024-10-24
1297,IXD_MAD,FC_MAD1,SKU_0198,783,4.2,0.051,0.243,0.053,271.7,road,completed,2024-10-25
1298,RDC_LYS,IXD_PAR,SKU_0046,886,6.8,0.079,0.739,0.081,796.51,road,completed,2024-10-25
1299,1DC_MAD,IXD_MAD,SKU_0110,128,8.1,0.049,0.676,0.062,100.74,road,completed,2024-10-25
1300,IXD_PAR,FC_MUN1,SKU_0156,600,3.0,0.149,0.681,0.017,508.2,road,completed,2024-10-25
1301,RDC_LYS,IXD_PAR,SKU_0105,743,7.8,0.096,0.183,0.051,245.19,road,completed,2024-10-25
1302,1DC_BCN,IXD_BER,SKU_0186,30,8.4,0.081,0.675,0.027,23.49,road,completed,2024-10-25
1303,IXD_PAR,FC_PAR2,SKU_0129,292,4.4,0.092,0.073,0.087,73.58,road,completed,2024-10-25
1304,IXD_PAR,FC_PAR1,SKU_0020,416,3.1,0.053,0.692,0.073,340.29,road,completed,2024-10-25
1305,IXD_BER,FC_BER1,SKU_0018,206,5.2,0.033,0.247,0.042,66.33,road,completed,2024-10-25
1306,1DC_MAD,IXD_MAD,SKU_0187,515,5.4,0.066,0.625,0.011,361.53,road,completed,2024-10-25
1307,IXD_BER,FC_BER1,SKU_0036,36,4.0,0.136,0.163,0.032,11.92,road,completed,2024-10-25
1308,1DC_BCN,IXD_BER,SKU_0126,51,6.4,0.111,0.104,0.083,15.2,road,completed,2024-10-25
1309,IXD_PAR,FC_PAR2,SKU_0177,160,5.5,0.142,0.296,0.088,84.16,road,completed,2024-10-25
1310,RDC_LYS,IXD_PAR,SKU_0042,622,9.8,0.095,0.474,0.047,383.15,road,completed,2024-10-25
1311,IXD_PAR,FC_PAR2,SKU_0036,317,3.9,0.128,0.086,0.086,95.1,road,completed,2024-10-25
1312,IXD_BCN,FC_BCN1,SKU_0212,343,4.6,0.144,0.6,0.068,278.52,road,completed,2024-10-25
1313,RDC_FRA,IXD_BER,SKU_0096,589,6.1,0.092,0.484,0.061,375.19,road,completed,2024-10-25
1314,1DC_CDG,IXD_PAR,SKU_0149,675,10.2,0.07,0.445,0.056,385.42,road,completed,2024-10-25
1315,RDC_IBE,IXD_MAD,SKU_0243,403,8.0,0.129,0.092,0.02,97.12,road,completed,2024-10-25
1316,IXD_BER,FC_BER1,SKU_0104,700,4.4,0.095,0.55,0.073,502.6,road,completed,2024-10-25
1317,IXD_BCN,FC_BCN2,SKU_0158,538,3.2,0.103,0.734,0.09,498.73,road,completed,2024-10-25
1318,IXD_BCN,FC_BCN2,SKU_0142,133,7.4,0.141,0.793,0.071,133.66,road,completed,2024-10-25
1319,IXD_MAD,FC_MAD2,SKU_0206,108,3.0,0.119,0.102,0.032,27.32,road,completed,2024-10-25
1320,RDC_IBE,IXD_MAD,SKU_0243,406,6.9,0.123,0.264,0.028,168.49,road,completed,2024-10-25
1321,IXD_PAR,FC_MUN1,SKU_0059,73,5.4,0.058,0.532,0.049,46.65,road,completed,2024-10-25
1322,IXD_PAR,FC_MUN1,SKU_0208,369,4.5,0.146,0.098,0.079,119.19,road,completed,2024-10-25
1323,IXD_PAR,FC_PAR2,SKU_0144,680,2.5,0.039,0.357,0.01,276.08,road,completed,2024-10-25
1324,IXD_BER,FC_BER1,SKU_0172,78,2.8,0.132,0.363,0.079,44.77,road,completed,2024-10-25
1325,IXD_BCN,FC_BCN2,SKU_0239,577,5.3,0.049,0.763,0.044,493.91,road,completed,2024-10-25
1326,IXD_BCN,FC_BCN2,SKU_0192,663,3.7,0.065,0.456,0.013,354.04,road,completed,2024-10-25
1327,IXD_PAR,FC_MUN1,SKU_0188,749,4.1,0.114,0.759,0.091,722.04,road,completed,2024-10-25
1328,1DC_MAD,IXD_MAD,SKU_0029,863,6.7,0.105,0.701,0.037,727.51,road,completed,2024-10-25
1329,RDC_LYS,IXD_PAR,SKU_0028,506,7.4,0.065,0.329,0.045,222.13,road,completed,2024-10-25
1330,1DC_CDG,IXD_PAR,SKU_0206,586,7.4,0.066,0.22,0.06,202.76,road,completed,2024-10-26
1331,IXD_BER,FC_BER1,SKU_0028,865,4.6,0.066,0.4,0.062,456.72,road,completed,2024-10-26
1332,IXD_PAR,FC_PAR2,SKU_0051,586,4.9,0.081,0.389,0.095,331.09,road,completed,2024-10-26
1333,RDC_FRA,IXD_PAR,SKU_0136,102,7.5,0.071,0.368,0.027,47.53,road,completed,2024-10-26
1334,1DC_BCN,IXD_BCN,SKU_0203,662,8.6,0.088,0.773,0.029,589.18,road,completed,2024-10-26
1335,IXD_BCN,FC_BCN2,SKU_0183,666,4.9,0.123,0.263,0.064,299.7,road,completed,2024-10-26
1336,IXD_MAD,FC_MAD2,SKU_0101,555,1.7,0.074,0.731,0.037,467.31,road,completed,2024-10-26
1337,RDC_FRA,IXD_PAR,SKU_0137,829,9.0,0.131,0.556,0.053,613.46,road,completed,2024-10-26
1338,IXD_MAD,FC_MAD2,SKU_0010,614,1.0,0.099,0.529,0.05,416.29,road,completed,2024-10-26
1339,RDC_LYS,IXD_PAR,SKU_0023,842,10.3,0.088,0.364,0.03,405.84,road,completed,2024-10-26
1340,IXD_PAR,FC_PAR1,SKU_0015,442,4.7,0.101,0.715,0.083,397.36,road,completed,2024-10-26
1341,IXD_MAD,FC_MAD1,SKU_0158,445,4.2,0.104,0.365,0.053,232.29,road,completed,2024-10-26
1342,RDC_IBE,IXD_MAD,SKU_0045,849,9.0,0.055,0.419,0.016,416.01,road,completed,2024-10-27
1343,RDC_FRA,IXD_BER,SKU_0078,218,7.1,0.08,0.425,0.016,113.58,road,completed,2024-10-27
1344,1DC_MAD,IXD_MAD,SKU_0012,460,6.2,0.084,0.367,0.021,217.12,road,completed,2024-10-27
1345,IXD_PAR,FC_PAR2,SKU_0150,108,4.4,0.107,0.593,0.052,81.22,road,completed,2024-10-27
1346,1DC_BCN,IXD_BCN,SKU_0041,653,9.4,0.144,0.626,0.077,553.09,road,completed,2024-10-27
1347,IXD_PAR,FC_PAR1,SKU_0075,100,2.3,0.135,0.336,0.045,51.6,road,completed,2024-10-27
1348,RDC_FRA,IXD_PAR,SKU_0090,63,10.6,0.111,0.31,0.025,28.1,road,completed,2024-10-27
1349,1DC_MUC,IXD_PAR,SKU_0013,52,8.5,0.061,0.331,0.073,24.18,road,completed,2024-10-27
1350,IXD_BER,FC_BER1,SKU_0159,206,5.8,0.134,0.782,0.012,191.17,road,completed,2024-10-27
1351,IXD_BER,FC_BER1,SKU_0185,715,6.4,0.105,0.409,0.051,403.97,road,completed,2024-10-27
1352,IXD_BCN,FC_BCN2,SKU_0070,158,3.6,0.109,0.052,0.093,40.13,road,completed,2024-10-27
1353,IXD_BCN,FC_BCN1,SKU_0188,582,3.5,0.086,0.742,0.016,491.21,road,completed,2024-10-28
1354,RDC_FRA,IXD_PAR,SKU_0072,874,8.3,0.149,0.532,0.012,605.68,road,completed,2024-10-28
1355,IXD_BCN,FC_BCN2,SKU_0157,417,2.5,0.047,0.11,0.049,85.9,road,completed,2024-10-28
1356,RDC_IBE,IXD_BCN,SKU_0061,61,8.3,0.091,0.785,0.046,56.24,road,completed,2024-10-28
1357,RDC_LYS,IXD_PAR,SKU_0192,780,10.8,0.111,0.591,0.047,584.22,road,completed,2024-10-28
1358,IXD_BER,FC_BER1,SKU_0140,855,2.9,0.081,0.356,0.025,395.01,road,completed,2024-10-28
1359,1DC_MAD,IXD_MAD,SKU_0140,405,5.9,0.134,0.564,0.023,292.0,road,completed,2024-10-28
1360,RDC_IBE,IXD_MAD,SKU_0182,734,6.5,0.141,0.673,0.064,644.45,road,completed,2024-10-28
1361,IXD_PAR,FC_PAR1,SKU_0141,218,6.3,0.137,0.447,0.016,130.8,road,completed,2024-10-28
1362,IXD_PAR,FC_PAR1,SKU_0002,795,2.8,0.047,0.572,0.037,521.52,road,completed,2024-10-28
1363,IXD_PAR,FC_MUN1,SKU_0237,232,1.8,0.067,0.264,0.02,81.43,road,completed,2024-10-28
1364,IXD_PAR,FC_MUN1,SKU_0097,459,4.4,0.145,0.349,0.018,235.01,road,completed,2024-10-28
1365,RDC_IBE,IXD_MAD,SKU_0150,204,8.0,0.104,0.057,0.093,51.82,road,completed,2024-10-28
1366,IXD_PAR,FC_MUN1,SKU_0022,60,4.1,0.042,0.305,0.082,25.74,road,completed,2024-10-28
1367,IXD_BCN,FC_BCN1,SKU_0039,407,3.2,0.11,0.559,0.089,308.51,road,completed,2024-10-28
1368,1DC_MUC,IXD_PAR,SKU_0187,137,6.4,0.094,0.747,0.016,117.41,road,completed,2024-10-28
1369,IXD_BCN,FC_BCN1,SKU_0088,661,2.0,0.091,0.346,0.091,349.01,road,completed,2024-10-28
1370,RDC_IBE,IXD_MAD,SKU_0154,268,9.3,0.148,0.116,0.061,87.1,road,completed,2024-10-28
1371,IXD_BCN,FC_BCN1,SKU_0041,509,4.0,0.057,0.109,0.059,114.53,road,completed,2024-10-28
1372,IXD_BER,FC_BER1,SKU_0223,440,3.0,0.063,0.167,0.045,121.0,road,completed,2024-10-28
1373,1DC_MUC,IXD_PAR,SKU_0180,274,8.6,0.145,0.437,0.021,165.22,road,completed,2024-10-28
1374,IXD_BCN,FC_BCN2,SKU_0207,614,6.1,0.052,0.186,0.063,184.81,road,completed,2024-10-28
1375,IXD_PAR,FC_PAR1,SKU_0203,897,3.9,0.062,0.588,0.046,624.31,road,completed,2024-10-29
1376,IXD_BCN,FC_BCN2,SKU_0147,664,4.3,0.036,0.493,0.084,407.03,road,completed,2024-10-29
1377,IXD_PAR,FC_PAR1,SKU_0017,584,4.7,0.053,0.753,0.025,485.3,road,completed,2024-10-29
1378,1DC_MUC,IXD_PAR,SKU_0076,244,8.8,0.044,0.412,0.035,119.8,road,completed,2024-10-29
1379,1DC_BCN,IXD_BER,SKU_0200,372,9.0,0.039,0.181,0.057,103.04,road,completed,2024-10-29
1380,IXD_BCN,FC_BCN1,SKU_0030,847,7.4,0.03,0.421,0.02,398.94,road,completed,2024-10-29
1381,1DC_MUC,IXD_PAR,SKU_0247,550,7.5,0.116,0.382,0.028,289.3,road,completed,2024-10-29
1382,1DC_CDG,IXD_PAR,SKU_0232,80,10.3,0.073,0.094,0.03,15.76,road,completed,2024-10-29
1383,IXD_PAR,FC_PAR2,SKU_0149,211,2.5,0.068,0.069,0.075,44.73,road,completed,2024-10-29
1384,RDC_FRA,IXD_PAR,SKU_0154,21,7.8,0.12,0.765,0.065,19.95,road,completed,2024-10-29
1385,1DC_BCN,IXD_BCN,SKU_0187,468,6.3,0.047,0.114,0.099,121.68,road,completed,2024-10-29
1386,RDC_FRA,IXD_PAR,SKU_0047,739,8.0,0.089,0.34,0.072,370.24,road,completed,2024-10-29
1387,IXD_MAD,FC_MAD1,SKU_0014,174,4.2,0.047,0.269,0.013,57.25,road,completed,2024-10-29
1388,IXD_MAD,FC_MAD1,SKU_0042,119,5.0,0.096,0.676,0.012,93.3,road,completed,2024-10-29
1389,IXD_BCN,FC_BCN2,SKU_0182,251,4.1,0.106,0.678,0.031,204.56,road,completed,2024-10-29
1390,1DC_CDG,IXD_PAR,SKU_0201,357,8.9,0.041,0.101,0.089,82.47,road,completed,2024-10-29
1391,RDC_IBE,IXD_MAD,SKU_0014,513,7.4,0.129,0.11,0.063,154.93,road,completed,2024-10-29
1392,IXD_MAD,FC_MAD1,SKU_0210,203,1.0,0.039,0.736,0.098,177.22,road,completed,2024-10-29
1393,IXD_BCN,FC_BCN1,SKU_0037,893,3.4,0.058,0.402,0.046,451.86,road,completed,2024-10-29
1394,1DC_BCN,IXD_BCN,SKU_0004,779,11.0,0.119,0.512,0.035,518.81,road,completed,2024-10-29
1395,IXD_PAR,FC_MUN1,SKU_0189,55,3.0,0.103,0.397,0.08,31.9,road,completed,2024-10-29
1396,IXD_MAD,FC_MAD1,SKU_0063,882,6.0,0.148,0.191,0.057,349.27,road,completed,2024-10-29
1397,RDC_LYS,IXD_PAR,SKU_0058,145,8.1,0.133,0.395,0.068,86.42,road,completed,2024-10-29
1398,IXD_PAR,FC_PAR1,SKU_0208,735,5.4,0.06,0.759,0.07,653.41,road,completed,2024-10-29
1399,IXD_MAD,FC_MAD2,SKU_0066,62,5.4,0.051,0.588,0.069,43.9,road,completed,2024-10-29
1400,IXD_PAR,FC_PAR2,SKU_0235,85,5.8,0.048,0.662,0.05,64.6,road,completed,2024-10-29
1401,IXD_BCN,FC_BCN1,SKU_0071,568,4.1,0.069,0.11,0.064,138.02,road,completed,2024-10-29
1402,IXD_BER,FC_BER1,SKU_0173,863,3.8,0.119,0.56,0.084,658.47,road,completed,2024-10-29
1403,IXD_PAR,FC_PAR2,SKU_0128,527,4.1,0.147,0.298,0.095,284.58,road,completed,2024-10-29
1404,IXD_BCN,FC_BCN2,SKU_0204,465,2.6,0.046,0.404,0.017,217.16,road,completed,2024-10-29
1405,RDC_IBE,IXD_BCN,SKU_0217,699,8.2,0.142,0.645,0.024,566.89,road,completed,2024-10-29
1406,IXD_PAR,FC_MUN1,SKU_0200,311,1.7,0.054,0.364,0.072,152.39,road,completed,2024-10-29
1407,RDC_LYS,IXD_PAR,SKU_0100,314,9.7,0.104,0.585,0.012,220.11,road,completed,2024-10-29
1408,IXD_BCN,FC_BCN1,SKU_0232,304,2.9,0.075,0.674,0.089,254.75,road,completed,2024-10-29
1409,RDC_IBE,IXD_MAD,SKU_0098,731,10.2,0.145,0.099,0.082,238.31,road,completed,2024-10-29
1410,1DC_BCN,IXD_BCN,SKU_0123,688,8.3,0.146,0.799,0.025,667.36,road,completed,2024-10-29
1411,1DC_MUC,IXD_PAR,SKU_0069,898,10.3,0.079,0.737,0.052,779.46,road,completed,2024-10-29
1412,1DC_MAD,IXD_MAD,SKU_0098,751,10.4,0.066,0.799,0.092,718.71,road,completed,2024-10-29
1413,IXD_BCN,FC_BCN1,SKU_0091,217,2.9,0.071,0.54,0.06,145.61,road,completed,2024-10-29
1414,IXD_MAD,FC_MAD1,SKU_0247,233,3.0,0.138,0.669,0.043,198.05,road,completed,2024-10-29
1415,RDC_IBE,IXD_MAD,SKU_0058,90,10.3,0.138,0.75,0.077,86.85,road,completed,2024-10-30
1416,IXD_PAR,FC_PAR2,SKU_0051,156,4.0,0.098,0.313,0.021,67.39,road,completed,2024-10-30
1417,RDC_FRA,IXD_PAR,SKU_0169,528,9.7,0.127,0.405,0.082,324.19,road,completed,2024-10-30
1418,IXD_BCN,FC_BCN1,SKU_0059,596,7.0,0.09,0.462,0.035,349.85,road,completed,2024-10-30
1419,1DC_BCN,IXD_PAR,SKU_0189,404,8.4,0.117,0.369,0.047,215.33,road,completed,2024-10-30
1420,IXD_PAR,FC_PAR2,SKU_0188,243,4.7,0.049,0.246,0.089,93.31,road,completed,2024-10-30
1421,IXD_PAR,FC_PAR1,SKU_0111,632,1.1,0.078,0.606,0.072,477.79,road,completed,2024-10-30
1422,RDC_LYS,IXD_PAR,SKU_0107,422,6.5,0.117,0.162,0.03,130.4,road,completed,2024-10-30
1423,IXD_MAD,FC_MAD2,SKU_0149,257,3.8,0.031,0.519,0.06,156.77,road,completed,2024-10-30
1424,1DC_BCN,IXD_BCN,SKU_0166,704,9.4,0.044,0.192,0.059,207.68,road,completed,2024-10-30
1425,1DC_MAD,IXD_MAD,SKU_0236,188,7.0,0.034,0.072,0.042,27.82,road,completed,2024-10-30
1426,IXD_BER,FC_BER1,SKU_0115,865,4.5,0.081,0.142,0.076,258.63,road,completed,2024-10-30
1427,IXD_BCN,FC_BCN2,SKU_0018,615,4.9,0.043,0.689,0.095,508.6,road,completed,2024-10-30
1428,IXD_BER,FC_BER1,SKU_0250,80,3.3,0.143,0.074,0.097,25.12,road,completed,2024-10-30
1429,IXD_BCN,FC_BCN2,SKU_0012,323,2.1,0.107,0.731,0.032,281.01,road,completed,2024-10-30
1430,RDC_IBE,IXD_BCN,SKU_0207,143,6.7,0.1,0.674,0.016,112.97,road,completed,2024-10-30
1431,RDC_IBE,IXD_MAD,SKU_0043,559,8.4,0.068,0.355,0.093,288.44,road,completed,2024-10-30
1432,RDC_IBE,IXD_MAD,SKU_0109,437,9.9,0.031,0.66,0.027,313.77,road,completed,2024-10-30
1433,1DC_MUC,IXD_PAR,SKU_0224,765,5.7,0.125,0.423,0.062,466.65,road,completed,2024-10-30
1434,1DC_MAD,IXD_MAD,SKU_0031,893,5.0,0.099,0.236,0.083,373.27,road,completed,2024-10-30
1435,1DC_MUC,IXD_PAR,SKU_0006,178,7.2,0.084,0.508,0.042,112.85,road,completed,2024-10-30
1436,IXD_BCN,FC_BCN2,SKU_0118,660,2.0,0.115,0.333,0.032,316.8,road,completed,2024-10-31
1437,1DC_MAD,IXD_MAD,SKU_0152,281,7.5,0.085,0.606,0.074,214.97,road,completed,2024-10-31
1438,IXD_PAR,FC_MUN1,SKU_0243,547,1.6,0.054,0.643,0.045,405.87,road,completed,2024-10-31
1439,IXD_PAR,FC_PAR1,SKU_0130,179,3.6,0.103,0.244,0.086,77.51,road,completed,2024-10-31
1440,RDC_FRA,IXD_PAR,SKU_0064,244,8.9,0.117,0.254,0.019,95.16,road,completed,2024-10-31
1441,1DC_BCN,IXD_BER,SKU_0061,311,8.3,0.15,0.182,0.032,113.2,road,completed,2024-10-31
1442,RDC_IBE,IXD_BCN,SKU_0233,148,6.7,0.126,0.495,0.011,93.54,road,completed,2024-10-31
1443,1DC_BCN,IXD_BCN,SKU_0023,159,6.5,0.101,0.151,0.054,48.65,road,completed,2024-10-31
1444,IXD_BCN,FC_BCN2,SKU_0188,692,3.7,0.072,0.67,0.069,561.21,road,completed,2024-10-31
1445,1DC_BCN,IXD_PAR,SKU_0127,58,9.7,0.106,0.625,0.031,44.2,road,completed,2024-10-31
1446,RDC_FRA,IXD_PAR,SKU_0196,486,8.3,0.058,0.77,0.087,444.69,road,completed,2024-10-31
1447,IXD_PAR,FC_PAR2,SKU_0110,778,3.4,0.05,0.164,0.058,211.62,road,completed,2024-10-31
1448,IXD_PAR,FC_PAR1,SKU_0196,434,3.6,0.088,0.637,0.091,354.14,road,completed,2024-10-31
1449,1DC_BCN,IXD_BCN,SKU_0166,177,8.8,0.076,0.505,0.044,110.62,road,completed,2024-10-31
1450,IXD_BCN,FC_BCN2,SKU_0026,324,6.2,0.075,0.669,0.037,253.04,road,completed,2024-10-31
1451,IXD_BCN,FC_BCN1,SKU_0245,541,5.5,0.15,0.652,0.04,455.52,road,completed,2024-10-31
1452,IXD_BCN,FC_BCN1,SKU_0099,596,2.5,0.102,0.285,0.044,256.88,road,completed,2024-10-31
1453,IXD_PAR,FC_MUN1,SKU_0093,397,5.6,0.081,0.708,0.016,319.59,road,completed,2024-10-31
1454,IXD_MAD,FC_MAD2,SKU_0005,66,6.5,0.069,0.184,0.012,17.49,road,completed,2024-10-31
1455,RDC_LYS,IXD_PAR,SKU_0162,111,8.2,0.073,0.412,0.025,56.61,road,completed,2024-10-31
1456,1DC_CDG,IXD_PAR,SKU_0006,120,8.9,0.046,0.189,0.063,35.76,road,completed,2024-10-31
1457,IXD_MAD,FC_MAD2,SKU_0045,211,4.6,0.033,0.743,0.037,171.54,road,completed,2024-10-31
1458,IXD_BCN,FC_BCN2,SKU_0119,486,3.8,0.065,0.552,0.032,315.41,road,completed,2024-10-31
1459,1DC_BCN,IXD_PAR,SKU_0054,60,6.8,0.116,0.393,0.038,32.82,road,completed,2024-10-31
1460,RDC_IBE,IXD_BCN,SKU_0100,773,10.0,0.06,0.423,0.092,444.47,road,completed,2024-10-31
1461,RDC_LYS,IXD_PAR,SKU_0191,719,9.2,0.074,0.747,0.039,618.34,road,completed,2024-10-31
1462,1DC_MUC,IXD_PAR,SKU_0208,346,7.4,0.098,0.14,0.034,94.11,road,completed,2024-10-31
1463,RDC_LYS,IXD_PAR,SKU_0108,75,10.7,0.065,0.461,0.021,41.03,road,completed,2024-10-31
1464,RDC_LYS,IXD_PAR,SKU_0001,573,6.6,0.079,0.074,0.087,137.52,road,completed,2024-10-31
1465,IXD_BCN,FC_BCN2,SKU_0077,775,3.8,0.049,0.61,0.09,580.48,road,completed,2024-10-31
1466,IXD_BCN,FC_BCN1,SKU_0149,216,4.0,0.114,0.48,0.014,131.33,road,completed,2024-10-31
1467,IXD_PAR,FC_PAR2,SKU_0246,37,5.8,0.094,0.051,0.049,7.18,road,completed,2024-10-31
1468,IXD_PAR,FC_PAR2,SKU_0086,298,2.8,0.138,0.545,0.026,211.28,road,completed,2024-10-31
1469,IXD_BER,FC_BER1,SKU_0062,514,5.7,0.036,0.7,0.033,395.27,road,completed,2024-10-31
1470,RDC_FRA,IXD_BER,SKU_0156,586,6.7,0.096,0.732,0.015,494.0,road,completed,2024-10-31
1471,RDC_IBE,IXD_BCN,SKU_0071,335,10.9,0.15,0.187,0.043,127.3,road,completed,2024-10-31
1472,IXD_PAR,FC_PAR1,SKU_0174,74,4.9,0.136,0.492,0.012,47.36,road,completed,2024-10-31
1473,IXD_MAD,FC_MAD2,SKU_0148,270,4.8,0.076,0.219,0.013,83.16,road,completed,2024-10-31
1474,RDC_IBE,IXD_BCN,SKU_0069,374,7.9,0.035,0.52,0.095,243.1,road,completed,2024-11-01
1475,IXD_PAR,FC_PAR1,SKU_0007,424,5.9,0.073,0.73,0.067,368.88,road,completed,2024-11-01
1476,1DC_MAD,IXD_MAD,SKU_0159,453,7.1,0.141,0.282,0.021,201.13,road,completed,2024-11-01
1477,1DC_BCN,IXD_BER,SKU_0096,780,9.4,0.069,0.387,0.027,376.74,road,completed,2024-11-01
1478,IXD_BCN,FC_BCN1,SKU_0092,364,3.4,0.15,0.654,0.027,302.48,road,completed,2024-11-01
1479,1DC_MAD,IXD_MAD,SKU_0179,179,7.8,0.112,0.589,0.06,136.22,road,completed,2024-11-01
1480,RDC_IBE,IXD_BCN,SKU_0056,575,7.5,0.117,0.775,0.059,546.82,road,completed,2024-11-01
1481,IXD_BCN,FC_BCN1,SKU_0190,531,4.1,0.124,0.469,0.081,357.89,road,completed,2024-11-01
1482,IXD_BCN,FC_BCN2,SKU_0142,813,7.0,0.113,0.362,0.045,422.76,road,completed,2024-11-01
1483,IXD_BER,FC_BER1,SKU_0239,224,2.5,0.129,0.754,0.049,208.77,road,completed,2024-11-01
1484,RDC_IBE,IXD_BCN,SKU_0058,565,9.4,0.047,0.27,0.077,222.61,road,completed,2024-11-01
1485,IXD_BCN,FC_BCN2,SKU_0014,388,4.4,0.067,0.797,0.031,347.26,road,completed,2024-11-01
1486,IXD_BER,FC_BER1,SKU_0123,692,4.1,0.06,0.287,0.029,260.19,road,completed,2024-11-01
1487,RDC_FRA,IXD_PAR,SKU_0095,758,11.6,0.092,0.118,0.092,228.92,road,completed,2024-11-01
1488,IXD_MAD,FC_MAD2,SKU_0134,308,3.2,0.032,0.203,0.086,98.87,road,completed,2024-11-01
1489,RDC_IBE,IXD_BCN,SKU_0003,134,8.1,0.14,0.506,0.044,92.46,road,completed,2024-11-01
1490,1DC_BCN,IXD_BER,SKU_0217,133,6.7,0.069,0.323,0.042,57.72,road,completed,2024-11-01
1491,RDC_LYS,IXD_PAR,SKU_0161,576,8.6,0.041,0.578,0.091,408.96,road,completed,2024-11-01
1492,1DC_BCN,IXD_BER,SKU_0078,183,7.3,0.066,0.22,0.055,62.4,road,completed,2024-11-01
1493,IXD_BCN,FC_BCN1,SKU_0162,805,5.0,0.114,0.115,0.055,228.62,road,completed,2024-11-01
1494,RDC_IBE,IXD_BCN,SKU_0165,422,10.1,0.054,0.291,0.063,172.18,road,completed,2024-11-01
1495,IXD_PAR,FC_PAR2,SKU_0069,163,2.7,0.075,0.419,0.077,93.07,road,completed,2024-11-02
1496,IXD_BCN,FC_BCN2,SKU_0126,792,3.5,0.074,0.223,0.026,255.82,road,completed,2024-11-02
1497,IXD_PAR,FC_PAR2,SKU_0089,414,3.7,0.057,0.206,0.028,120.47,road,completed,2024-11-02
1498,1DC_CDG,IXD_PAR,SKU_0218,334,6.5,0.104,0.069,0.085,86.17,road,completed,2024-11-02
1499,1DC_BCN,IXD_BCN,SKU_0044,276,7.9,0.051,0.735,0.017,221.63,road,completed,2024-11-02
1500,IXD_MAD,FC_MAD1,SKU_0119,404,4.4,0.078,0.71,0.044,336.13,road,completed,2024-11-02
1501,IXD_PAR,FC_PAR2,SKU_0140,503,2.6,0.066,0.133,0.022,111.16,road,completed,2024-11-02
1502,IXD_PAR,FC_PAR1,SKU_0045,115,1.6,0.149,0.415,0.079,73.95,road,completed,2024-11-02
1503,IXD_BCN,FC_BCN2,SKU_0015,695,4.2,0.119,0.265,0.087,327.34,road,completed,2024-11-03
1504,1DC_BCN,IXD_BCN,SKU_0111,511,8.9,0.08,0.78,0.078,479.32,road,completed,2024-11-03
1505,1DC_BCN,IXD_BCN,SKU_0099,261,8.9,0.113,0.566,0.021,182.7,road,completed,2024-11-03
1506,RDC_LYS,IXD_PAR,SKU_0079,378,6.9,0.03,0.399,0.089,195.8,road,completed,2024-11-03
1507,1DC_MAD,IXD_MAD,SKU_0229,67,6.4,0.102,0.441,0.014,37.32,road,completed,2024-11-03
1508,IXD_MAD,FC_MAD1,SKU_0216,194,5.6,0.12,0.422,0.036,112.13,road,completed,2024-11-03
1509,IXD_MAD,FC_MAD2,SKU_0079,333,3.0,0.143,0.342,0.029,171.16,road,completed,2024-11-04
1510,IXD_PAR,FC_PAR1,SKU_0067,512,3.9,0.071,0.141,0.019,118.27,road,completed,2024-11-04
1511,1DC_BCN,IXD_BCN,SKU_0243,816,10.1,0.075,0.678,0.075,675.65,road,completed,2024-11-04
1512,IXD_BCN,FC_BCN2,SKU_0227,793,1.0,0.094,0.173,0.048,249.8,road,completed,2024-11-04
1513,IXD_BER,FC_BER1,SKU_0009,540,2.2,0.109,0.784,0.031,498.96,road,completed,2024-11-04
1514,IXD_MAD,FC_MAD2,SKU_0026,93,4.0,0.115,0.179,0.075,34.32,road,completed,2024-11-04
1515,IXD_PAR,FC_PAR1,SKU_0116,39,6.0,0.055,0.402,0.059,20.12,road,completed,2024-11-04
1516,RDC_IBE,IXD_BCN,SKU_0210,873,10.5,0.108,0.673,0.035,712.37,road,completed,2024-11-04
1517,IXD_BCN,FC_BCN1,SKU_0049,78,1.0,0.091,0.269,0.035,30.81,road,completed,2024-11-04
1518,IXD_MAD,FC_MAD2,SKU_0092,468,6.2,0.112,0.794,0.078,460.51,road,completed,2024-11-04
1519,IXD_BCN,FC_BCN2,SKU_0195,257,3.3,0.121,0.195,0.016,85.32,road,completed,2024-11-04
1520,IXD_PAR,FC_PAR2,SKU_0216,539,2.6,0.094,0.769,0.043,488.33,road,completed,2024-11-04
1521,IXD_BCN,FC_BCN2,SKU_0101,820,4.4,0.072,0.527,0.094,568.26,road,completed,2024-11-04
1522,1DC_BCN,IXD_PAR,SKU_0201,591,7.8,0.122,0.376,0.09,347.51,road,completed,2024-11-04
1523,RDC_FRA,IXD_PAR,SKU_0078,515,9.1,0.139,0.17,0.097,209.09,road,completed,2024-11-04
1524,IXD_MAD,FC_MAD1,SKU_0085,225,5.8,0.115,0.288,0.045,100.8,road,completed,2024-11-04
1525,RDC_LYS,IXD_PAR,SKU_0141,697,7.9,0.032,0.3,0.087,292.04,road,completed,2024-11-04
1526,IXD_BCN,FC_BCN1,SKU_0186,250,1.3,0.032,0.547,0.035,153.5,road,completed,2024-11-04
1527,RDC_IBE,IXD_MAD,SKU_0200,497,8.2,0.121,0.348,0.02,243.03,road,completed,2024-11-04
1528,IXD_BCN,FC_BCN1,SKU_0152,574,4.4,0.119,0.572,0.03,413.85,road,completed,2024-11-04
1529,IXD_BCN,FC_BCN2,SKU_0006,886,2.5,0.11,0.443,0.057,540.46,road,completed,2024-11-04
1530,IXD_BCN,FC_BCN2,SKU_0115,287,2.8,0.044,0.686,0.016,214.1,road,completed,2024-11-04
1531,IXD_PAR,FC_PAR2,SKU_0121,70,1.0,0.111,0.444,0.049,42.28,road,completed,2024-11-04
1532,IXD_PAR,FC_MUN1,SKU_0031,769,3.2,0.054,0.468,0.094,473.7,road,completed,2024-11-04
1533,RDC_LYS,IXD_PAR,SKU_0168,548,8.9,0.074,0.509,0.083,364.97,road,completed,2024-11-04
1534,IXD_BCN,FC_BCN2,SKU_0243,315,4.6,0.074,0.064,0.056,61.11,road,completed,2024-11-04
1535,1DC_MUC,IXD_PAR,SKU_0028,576,8.2,0.096,0.118,0.044,148.61,road,completed,2024-11-04
1536,IXD_PAR,FC_MUN1,SKU_0052,298,3.5,0.123,0.138,0.033,87.61,road,completed,2024-11-04
1537,IXD_BER,FC_BER1,SKU_0116,403,4.0,0.085,0.125,0.096,123.32,road,completed,2024-11-04
1538,IXD_PAR,FC_PAR2,SKU_0007,163,5.6,0.147,0.621,0.036,131.05,road,completed,2024-11-04
1539,IXD_MAD,FC_MAD1,SKU_0144,221,8.2,0.104,0.634,0.044,172.82,road,completed,2024-11-04
1540,IXD_PAR,FC_PAR2,SKU_0025,245,4.8,0.103,0.315,0.012,105.35,road,completed,2024-11-04
1541,IXD_BER,FC_BER1,SKU_0089,87,2.0,0.105,0.176,0.034,27.41,road,completed,2024-11-05
1542,RDC_IBE,IXD_BCN,SKU_0057,551,8.7,0.094,0.558,0.027,374.13,road,completed,2024-11-05
1543,1DC_MAD,IXD_MAD,SKU_0231,322,5.8,0.118,0.344,0.084,175.81,road,completed,2024-11-05
1544,1DC_CDG,IXD_PAR,SKU_0147,425,10.7,0.118,0.367,0.091,244.8,road,completed,2024-11-05
1545,RDC_IBE,IXD_MAD,SKU_0090,819,6.3,0.144,0.638,0.074,701.06,road,completed,2024-11-05
1546,IXD_MAD,FC_MAD2,SKU_0110,192,4.1,0.098,0.692,0.028,157.06,road,completed,2024-11-05
1547,1DC_BCN,IXD_PAR,SKU_0113,841,8.6,0.046,0.778,0.049,734.19,road,completed,2024-11-05
1548,IXD_PAR,FC_MUN1,SKU_0249,300,5.6,0.074,0.483,0.029,175.8,road,completed,2024-11-05
1549,1DC_BCN,IXD_BCN,SKU_0117,351,7.0,0.11,0.404,0.033,192.0,road,completed,2024-11-05
1550,RDC_IBE,IXD_BCN,SKU_0002,755,6.2,0.098,0.437,0.087,469.61,road,completed,2024-11-05
1551,IXD_BCN,FC_BCN1,SKU_0242,612,5.6,0.113,0.416,0.063,362.3,road,completed,2024-11-05
1552,IXD_MAD,FC_MAD1,SKU_0185,654,4.3,0.142,0.372,0.095,398.29,road,completed,2024-11-05
1553,IXD_MAD,FC_MAD2,SKU_0178,650,1.0,0.093,0.755,0.013,559.65,road,completed,2024-11-05
1554,1DC_BCN,IXD_PAR,SKU_0001,190,7.9,0.095,0.583,0.099,147.63,road,completed,2024-11-05
1555,IXD_PAR,FC_MUN1,SKU_0001,805,2.3,0.097,0.707,0.053,689.88,road,completed,2024-11-05
1556,IXD_BCN,FC_BCN2,SKU_0171,192,5.0,0.051,0.251,0.032,64.13,road,completed,2024-11-05
1557,RDC_IBE,IXD_BCN,SKU_0159,607,7.7,0.056,0.157,0.012,136.58,road,completed,2024-11-05
1558,IXD_MAD,FC_MAD2,SKU_0121,688,5.7,0.034,0.188,0.076,205.02,road,completed,2024-11-05
1559,1DC_CDG,IXD_PAR,SKU_0128,44,6.3,0.125,0.436,0.02,25.56,road,completed,2024-11-05
1560,RDC_IBE,IXD_BCN,SKU_0061,815,8.4,0.085,0.276,0.059,342.3,road,completed,2024-11-05
1561,1DC_MAD,IXD_MAD,SKU_0239,358,8.9,0.12,0.28,0.012,147.5,road,completed,2024-11-05
1562,IXD_MAD,FC_MAD1,SKU_0164,386,3.2,0.127,0.347,0.043,199.56,road,completed,2024-11-06
1563,IXD_BCN,FC_BCN2,SKU_0072,538,2.1,0.096,0.576,0.037,381.44,road,completed,2024-11-06
1564,IXD_PAR,FC_MUN1,SKU_0140,179,4.4,0.094,0.778,0.033,162.0,road,completed,2024-11-06
1565,1DC_MUC,IXD_PAR,SKU_0078,437,9.3,0.063,0.396,0.094,241.66,road,completed,2024-11-06
1566,IXD_PAR,FC_MUN1,SKU_0036,416,2.2,0.095,0.651,0.092,348.61,road,completed,2024-11-06
1567,IXD_BER,FC_BER1,SKU_0204,106,6.1,0.139,0.252,0.012,42.72,road,completed,2024-11-06
1568,IXD_BCN,FC_BCN2,SKU_0172,58,4.3,0.106,0.578,0.099,45.41,road,completed,2024-11-06
1569,RDC_IBE,IXD_BCN,SKU_0177,439,7.7,0.036,0.348,0.077,202.38,road,completed,2024-11-06
1570,IXD_BCN,FC_BCN1,SKU_0157,684,4.8,0.118,0.119,0.06,203.15,road,completed,2024-11-06
1571,RDC_FRA,IXD_PAR,SKU_0188,39,8.0,0.049,0.335,0.016,15.6,road,completed,2024-11-06
1572,RDC_LYS,IXD_PAR,SKU_0207,55,9.2,0.061,0.187,0.042,15.95,road,completed,2024-11-06
1573,RDC_LYS,IXD_PAR,SKU_0171,372,8.1,0.126,0.694,0.073,332.2,road,completed,2024-11-06
1574,RDC_LYS,IXD_PAR,SKU_0244,606,9.4,0.115,0.419,0.079,371.48,road,completed,2024-11-06
1575,1DC_BCN,IXD_PAR,SKU_0206,523,6.2,0.111,0.101,0.088,156.9,road,completed,2024-11-06
1576,RDC_FRA,IXD_PAR,SKU_0112,68,8.0,0.032,0.382,0.094,34.54,road,completed,2024-11-06
1577,IXD_PAR,FC_PAR2,SKU_0019,610,5.4,0.105,0.55,0.071,442.86,road,completed,2024-11-06
1578,IXD_MAD,FC_MAD2,SKU_0179,171,4.4,0.047,0.119,0.035,34.37,road,completed,2024-11-06
1579,1DC_BCN,IXD_PAR,SKU_0222,256,8.0,0.146,0.548,0.084,199.17,road,completed,2024-11-06
1580,1DC_MAD,IXD_MAD,SKU_0127,78,9.5,0.132,0.269,0.052,35.33,road,completed,2024-11-06
1581,IXD_MAD,FC_MAD2,SKU_0037,324,6.6,0.089,0.362,0.091,175.61,road,completed,2024-11-06
1582,1DC_MAD,IXD_MAD,SKU_0213,150,7.9,0.128,0.123,0.075,48.9,road,completed,2024-11-06
1583,RDC_LYS,IXD_PAR,SKU_0204,48,10.0,0.064,0.426,0.096,28.13,road,completed,2024-11-06
1584,RDC_LYS,IXD_PAR,SKU_0068,140,8.3,0.124,0.722,0.074,128.8,road,completed,2024-11-06
1585,IXD_PAR,FC_PAR2,SKU_0079,438,6.1,0.14,0.214,0.053,178.27,road,completed,2024-11-06
1586,RDC_IBE,IXD_BCN,SKU_0036,769,9.8,0.059,0.751,0.054,664.42,road,completed,2024-11-06
1587,IXD_PAR,FC_MUN1,SKU_0153,498,3.3,0.068,0.354,0.042,231.07,road,completed,2024-11-06
1588,IXD_PAR,FC_PAR1,SKU_0169,452,2.5,0.083,0.242,0.062,174.92,road,completed,2024-11-06
1589,1DC_BCN,IXD_BCN,SKU_0078,739,8.5,0.091,0.345,0.063,368.76,road,completed,2024-11-06
1590,1DC_CDG,IXD_PAR,SKU_0055,190,8.2,0.043,0.795,0.033,165.49,road,completed,2024-11-06
1591,RDC_LYS,IXD_PAR,SKU_0180,159,9.3,0.135,0.263,0.1,79.18,road,completed,2024-11-06
1592,1DC_MAD,IXD_MAD,SKU_0079,428,8.7,0.099,0.194,0.095,166.06,road,completed,2024-11-06
1593,RDC_IBE,IXD_BCN,SKU_0086,883,8.7,0.09,0.623,0.096,714.35,road,completed,2024-11-06
1594,IXD_MAD,FC_MAD2,SKU_0094,97,4.1,0.037,0.497,0.018,53.54,road,completed,2024-11-06
1595,IXD_MAD,FC_MAD2,SKU_0106,381,2.5,0.055,0.393,0.078,200.41,road,completed,2024-11-06
1596,IXD_BCN,FC_BCN1,SKU_0118,571,4.2,0.032,0.087,0.042,91.93,road,completed,2024-11-06
1597,1DC_MUC,IXD_PAR,SKU_0169,236,9.6,0.15,0.254,0.097,118.24,road,completed,2024-11-07
1598,RDC_IBE,IXD_BCN,SKU_0234,460,8.9,0.117,0.506,0.037,303.6,road,completed,2024-11-07
1599,1DC_MAD,IXD_MAD,SKU_0171,713,8.4,0.097,0.489,0.01,424.95,road,completed,2024-11-07
1600,1DC_MAD,IXD_MAD,SKU_0038,831,8.6,0.073,0.733,0.042,704.69,road,completed,2024-11-07
1601,RDC_LYS,IXD_PAR,SKU_0234,294,5.6,0.038,0.571,0.02,184.93,road,completed,2024-11-07
1602,IXD_BER,FC_BER1,SKU_0083,840,4.6,0.044,0.115,0.068,190.68,road,completed,2024-11-07
1603,1DC_BCN,IXD_BCN,SKU_0034,581,11.2,0.035,0.237,0.072,199.86,road,completed,2024-11-07
1604,1DC_MAD,IXD_MAD,SKU_0102,92,9.3,0.129,0.582,0.021,67.34,road,completed,2024-11-07
1605,1DC_MAD,IXD_MAD,SKU_0168,448,7.7,0.071,0.284,0.087,198.02,road,completed,2024-11-07
1606,RDC_IBE,IXD_BCN,SKU_0026,900,7.3,0.096,0.763,0.044,812.7,road,completed,2024-11-07
1607,IXD_BCN,FC_BCN2,SKU_0061,509,8.2,0.032,0.142,0.029,103.33,road,completed,2024-11-07
1608,IXD_PAR,FC_PAR1,SKU_0011,229,2.6,0.102,0.745,0.03,200.83,road,completed,2024-11-07
1609,1DC_MAD,IXD_MAD,SKU_0039,140,10.1,0.054,0.696,0.08,116.2,road,completed,2024-11-07
1610,IXD_MAD,FC_MAD1,SKU_0051,281,3.6,0.114,0.146,0.064,91.04,road,completed,2024-11-07
1611,IXD_MAD,FC_MAD2,SKU_0250,202,2.6,0.039,0.22,0.035,59.39,road,completed,2024-11-07
1612,1DC_CDG,IXD_PAR,SKU_0196,413,11.4,0.065,0.596,0.073,303.14,road,completed,2024-11-07
1613,IXD_BCN,FC_BCN1,SKU_0184,586,4.0,0.063,0.468,0.033,330.5,road,completed,2024-11-07
1614,IXD_PAR,FC_MUN1,SKU_0057,653,5.0,0.033,0.272,0.02,212.22,road,completed,2024-11-07
1615,1DC_MAD,IXD_MAD,SKU_0095,261,11.6,0.055,0.57,0.096,188.18,road,completed,2024-11-07
1616,1DC_CDG,IXD_PAR,SKU_0223,473,7.5,0.111,0.386,0.041,254.47,road,completed,2024-11-07
1617,RDC_LYS,IXD_PAR,SKU_0087,355,9.9,0.061,0.603,0.056,255.6,road,completed,2024-11-07
1618,1DC_BCN,IXD_BER,SKU_0037,223,10.3,0.122,0.415,0.01,121.98,road,completed,2024-11-07
1619,1DC_MUC,IXD_PAR,SKU_0123,851,7.1,0.055,0.577,0.064,592.3,road,completed,2024-11-07
1620,RDC_FRA,IXD_PAR,SKU_0145,276,10.7,0.068,0.784,0.032,243.98,road,completed,2024-11-07
1621,IXD_BER,FC_BER1,SKU_0114,218,3.4,0.042,0.742,0.078,187.92,road,completed,2024-11-07
1622,1DC_BCN,IXD_BER,SKU_0177,551,7.7,0.099,0.301,0.054,250.15,road,completed,2024-11-07
1623,RDC_IBE,IXD_BCN,SKU_0047,105,9.1,0.064,0.686,0.042,83.16,road,completed,2024-11-07
1624,1DC_MAD,IXD_MAD,SKU_0146,285,9.4,0.05,0.67,0.08,228.0,road,completed,2024-11-07
1625,IXD_BCN,FC_BCN2,SKU_0227,446,5.4,0.074,0.519,0.083,301.5,road,completed,2024-11-07
1626,IXD_BCN,FC_BCN1,SKU_0014,199,2.4,0.067,0.399,0.012,95.12,road,completed,2024-11-07
1627,1DC_CDG,IXD_PAR,SKU_0053,265,7.9,0.07,0.442,0.094,160.59,road,completed,2024-11-07
1628,IXD_MAD,FC_MAD1,SKU_0222,783,3.8,0.137,0.631,0.047,638.14,road,completed,2024-11-07
1629,RDC_LYS,IXD_PAR,SKU_0194,626,9.3,0.06,0.65,0.07,488.28,road,completed,2024-11-07
1630,1DC_BCN,IXD_BER,SKU_0101,736,9.5,0.095,0.161,0.066,236.99,road,completed,2024-11-07
1631,IXD_MAD,FC_MAD1,SKU_0121,735,5.2,0.119,0.566,0.052,541.69,road,completed,2024-11-07
1632,IXD_PAR,FC_PAR2,SKU_0206,388,2.0,0.127,0.695,0.07,346.1,road,completed,2024-11-07
1633,IXD_BER,FC_BER1,SKU_0093,616,5.1,0.052,0.498,0.064,378.22,road,completed,2024-11-08
1634,RDC_LYS,IXD_PAR,SKU_0210,666,9.5,0.065,0.778,0.036,585.41,road,completed,2024-11-08
1635,IXD_MAD,FC_MAD1,SKU_0127,147,5.9,0.098,0.595,0.064,111.28,road,completed,2024-11-08
1636,IXD_BCN,FC_BCN2,SKU_0029,868,3.7,0.067,0.384,0.024,412.3,road,completed,2024-11-08
1637,RDC_IBE,IXD_BCN,SKU_0139,534,7.0,0.15,0.697,0.014,459.77,road,completed,2024-11-08
1638,IXD_BCN,FC_BCN2,SKU_0115,818,3.4,0.146,0.116,0.063,265.85,road,completed,2024-11-08
1639,1DC_BCN,IXD_BER,SKU_0121,684,6.7,0.047,0.434,0.059,369.36,road,completed,2024-11-08
1640,IXD_PAR,FC_PAR1,SKU_0235,770,4.8,0.044,0.655,0.086,604.45,road,completed,2024-11-08
1641,IXD_PAR,FC_PAR1,SKU_0084,646,5.4,0.142,0.782,0.093,656.98,road,completed,2024-11-08
1642,RDC_LYS,IXD_PAR,SKU_0042,131,7.0,0.087,0.279,0.092,60.0,road,completed,2024-11-08
1643,IXD_PAR,FC_PAR1,SKU_0239,403,2.3,0.145,0.613,0.077,336.5,road,completed,2024-11-08
1644,IXD_BER,FC_BER1,SKU_0032,892,1.4,0.086,0.277,0.014,336.28,road,completed,2024-11-08
1645,RDC_IBE,IXD_MAD,SKU_0222,484,8.4,0.122,0.542,0.025,333.48,road,completed,2024-11-08
1646,IXD_BCN,FC_BCN1,SKU_0202,541,5.0,0.046,0.746,0.03,444.7,road,completed,2024-11-08
1647,RDC_LYS,IXD_PAR,SKU_0200,266,10.7,0.147,0.745,0.067,255.09,road,completed,2024-11-08
1648,IXD_PAR,FC_MUN1,SKU_0022,657,5.3,0.112,0.374,0.026,336.38,road,completed,2024-11-08
1649,IXD_PAR,FC_PAR1,SKU_0039,290,1.0,0.034,0.322,0.061,120.93,road,completed,2024-11-08
1650,RDC_IBE,IXD_MAD,SKU_0211,803,8.1,0.141,0.791,0.066,801.39,road,completed,2024-11-08
1651,IXD_PAR,FC_PAR2,SKU_0041,889,4.4,0.05,0.167,0.049,236.47,road,completed,2024-11-08
1652,RDC_IBE,IXD_BCN,SKU_0094,665,6.9,0.073,0.657,0.092,546.63,road,completed,2024-11-08
1653,RDC_LYS,IXD_PAR,SKU_0041,881,7.5,0.035,0.271,0.098,355.92,road,completed,2024-11-08
1654,1DC_BCN,IXD_PAR,SKU_0216,823,9.8,0.052,0.428,0.072,454.3,road,completed,2024-11-08
1655,IXD_BER,FC_BER1,SKU_0062,274,2.5,0.108,0.557,0.072,201.94,road,completed,2024-11-08
1656,1DC_BCN,IXD_PAR,SKU_0217,667,7.6,0.055,0.053,0.017,83.38,road,completed,2024-11-08
1657,IXD_BCN,FC_BCN2,SKU_0248,384,4.5,0.135,0.408,0.049,227.33,road,completed,2024-11-08
1658,IXD_MAD,FC_MAD1,SKU_0167,870,6.2,0.045,0.707,0.072,716.88,road,completed,2024-11-08
1659,IXD_PAR,FC_MUN1,SKU_0204,590,6.0,0.119,0.204,0.035,211.22,road,completed,2024-11-08
1660,RDC_FRA,IXD_PAR,SKU_0061,678,10.0,0.059,0.694,0.048,543.08,road,completed,2024-11-08
1661,RDC_IBE,IXD_BCN,SKU_0099,661,8.7,0.091,0.671,0.071,550.61,road,completed,2024-11-08
1662,IXD_PAR,FC_PAR2,SKU_0233,40,2.0,0.038,0.52,0.047,24.2,road,completed,2024-11-08
1663,1DC_MUC,IXD_PAR,SKU_0048,539,11.9,0.092,0.402,0.076,307.23,road,completed,2024-11-08
1664,1DC_BCN,IXD_PAR,SKU_0119,299,8.9,0.06,0.271,0.01,101.96,road,completed,2024-11-08
1665,RDC_LYS,IXD_PAR,SKU_0206,560,8.2,0.084,0.68,0.044,452.48,road,completed,2024-11-08
1666,RDC_FRA,IXD_PAR,SKU_0151,622,8.2,0.098,0.244,0.011,219.57,road,completed,2024-11-08
1667,IXD_BCN,FC_BCN1,SKU_0013,457,6.5,0.062,0.546,0.033,292.94,road,completed,2024-11-08
1668,RDC_FRA,IXD_PAR,SKU_0164,197,8.0,0.065,0.364,0.019,88.26,road,completed,2024-11-08
1669,IXD_PAR,FC_PAR2,SKU_0047,874,3.0,0.136,0.522,0.081,645.89,road,completed,2024-11-08
1670,1DC_BCN,IXD_PAR,SKU_0014,136,8.1,0.057,0.073,0.056,25.3,road,completed,2024-11-08
1671,RDC_LYS,IXD_PAR,SKU_0029,96,8.9,0.122,0.528,0.039,66.14,road,completed,2024-11-09
1672,IXD_BCN,FC_BCN2,SKU_0206,150,5.5,0.134,0.247,0.081,69.3,road,completed,2024-11-09
1673,IXD_BCN,FC_BCN1,SKU_0008,723,6.0,0.126,0.41,0.017,399.82,road,completed,2024-11-09
1674,IXD_MAD,FC_MAD2,SKU_0220,805,2.0,0.031,0.706,0.089,664.93,road,completed,2024-11-09
1675,1DC_BCN,IXD_BER,SKU_0110,74,10.3,0.142,0.588,0.015,55.13,road,completed,2024-11-09
1676,IXD_BER,FC_BER1,SKU_0008,383,5.5,0.051,0.598,0.012,253.16,road,completed,2024-11-09
1677,IXD_BCN,FC_BCN2,SKU_0186,307,5.1,0.035,0.515,0.035,179.59,road,completed,2024-11-09
1678,IXD_MAD,FC_MAD2,SKU_0058,123,1.6,0.134,0.375,0.042,67.77,road,completed,2024-11-10
1679,RDC_LYS,IXD_PAR,SKU_0040,317,9.2,0.108,0.11,0.032,79.25,road,completed,2024-11-10
1680,1DC_CDG,IXD_PAR,SKU_0076,585,8.8,0.08,0.462,0.022,329.94,road,completed,2024-11-10
1681,IXD_BER,FC_BER1,SKU_0139,732,3.4,0.056,0.76,0.026,616.34,road,completed,2024-11-10
1682,RDC_IBE,IXD_MAD,SKU_0218,763,7.3,0.125,0.46,0.047,482.22,road,completed,2024-11-10
1683,IXD_BER,FC_BER1,SKU_0084,793,2.3,0.079,0.522,0.035,504.35,road,completed,2024-11-10
1684,RDC_IBE,IXD_BCN,SKU_0225,102,7.2,0.11,0.372,0.061,55.39,road,completed,2024-11-10
1685,RDC_IBE,IXD_MAD,SKU_0153,785,7.3,0.06,0.243,0.082,302.23,road,completed,2024-11-10
1686,1DC_CDG,IXD_PAR,SKU_0002,494,7.4,0.069,0.693,0.055,403.6,road,completed,2024-11-10
1687,1DC_CDG,IXD_PAR,SKU_0189,844,6.9,0.05,0.613,0.015,572.23,road,completed,2024-11-10
1688,RDC_FRA,IXD_PAR,SKU_0225,823,8.0,0.07,0.566,0.069,580.21,road,completed,2024-11-10
1689,IXD_MAD,FC_MAD1,SKU_0004,879,5.4,0.039,0.107,0.032,156.46,road,completed,2024-11-10
1690,1DC_BCN,IXD_BCN,SKU_0131,94,9.2,0.115,0.455,0.073,60.44,road,completed,2024-11-11
1691,IXD_MAD,FC_MAD2,SKU_0136,76,1.0,0.044,0.083,0.051,13.53,road,completed,2024-11-11
1692,IXD_PAR,FC_PAR1,SKU_0179,826,4.0,0.135,0.631,0.086,703.75,road,completed,2024-11-11
1693,IXD_MAD,FC_MAD1,SKU_0104,501,5.3,0.046,0.78,0.092,459.92,road,completed,2024-11-11
1694,IXD_BCN,FC_BCN2,SKU_0020,108,5.2,0.117,0.559,0.022,75.38,road,completed,2024-11-11
1695,RDC_LYS,IXD_PAR,SKU_0019,436,8.6,0.071,0.116,0.082,117.28,road,completed,2024-11-11
1696,RDC_IBE,IXD_MAD,SKU_0218,20,14.7,0.095,0.441,0.098,12.68,rail,completed,2024-11-11
1697,IXD_PAR,FC_MUN1,SKU_0077,782,4.3,0.124,0.281,0.051,356.59,road,completed,2024-11-11
1698,1DC_BCN,IXD_PAR,SKU_0041,203,7.2,0.144,0.642,0.097,179.25,road,completed,2024-11-11
1699,1DC_MAD,IXD_MAD,SKU_0216,793,8.4,0.063,0.224,0.036,256.14,road,completed,2024-11-11
1700,1DC_BCN,IXD_BCN,SKU_0185,524,9.0,0.133,0.756,0.087,511.42,road,completed,2024-11-11
1701,RDC_IBE,IXD_BCN,SKU_0115,502,10.1,0.084,0.116,0.011,105.92,road,completed,2024-11-11
1702,IXD_MAD,FC_MAD1,SKU_0177,850,4.6,0.109,0.694,0.062,735.25,road,completed,2024-11-11
1703,IXD_MAD,FC_MAD2,SKU_0241,576,5.5,0.068,0.571,0.041,391.68,road,completed,2024-11-11
1704,IXD_BCN,FC_BCN2,SKU_0148,300,4.3,0.062,0.665,0.088,244.5,road,completed,2024-11-11
1705,RDC_FRA,IXD_PAR,SKU_0059,621,8.6,0.085,0.517,0.085,426.63,road,completed,2024-11-11
1706,1DC_BCN,IXD_BCN,SKU_0135,536,10.1,0.12,0.085,0.044,133.46,road,completed,2024-11-11
1707,IXD_BCN,FC_BCN1,SKU_0171,805,6.0,0.099,0.323,0.039,371.11,road,completed,2024-11-11
1708,1DC_BCN,IXD_PAR,SKU_0065,167,6.9,0.139,0.355,0.074,94.86,road,completed,2024-11-11
1709,IXD_BER,FC_BER1,SKU_0184,275,5.7,0.046,0.33,0.034,112.75,road,completed,2024-11-11
1710,IXD_BER,FC_BER1,SKU_0008,858,6.3,0.051,0.526,0.029,519.95,road,completed,2024-11-11
1711,RDC_FRA,IXD_PAR,SKU_0054,583,7.3,0.033,0.392,0.098,304.91,road,completed,2024-11-11
1712,IXD_BCN,FC_BCN2,SKU_0219,881,3.8,0.128,0.185,0.045,315.4,road,completed,2024-11-11
1713,1DC_BCN,IXD_BER,SKU_0123,254,5.7,0.062,0.443,0.088,150.62,road,completed,2024-11-11
1714,1DC_CDG,IXD_PAR,SKU_0102,575,7.5,0.065,0.668,0.067,460.0,road,completed,2024-11-11
1715,IXD_BER,FC_BER1,SKU_0240,538,6.0,0.147,0.506,0.089,399.2,road,completed,2024-11-11
1716,1DC_MAD,IXD_MAD,SKU_0160,98,7.2,0.058,0.6,0.093,73.6,road,completed,2024-11-11
1717,RDC_LYS,IXD_PAR,SKU_0025,509,6.1,0.103,0.797,0.037,476.93,road,completed,2024-11-11
1718,IXD_PAR,FC_PAR2,SKU_0065,378,4.0,0.08,0.244,0.087,155.36,road,completed,2024-11-11
1719,IXD_PAR,FC_PAR1,SKU_0231,118,2.8,0.079,0.212,0.048,40.0,road,completed,2024-11-11
1720,IXD_BER,FC_BER1,SKU_0216,117,3.5,0.056,0.38,0.011,52.3,road,completed,2024-11-11
1721,1DC_CDG,IXD_PAR,SKU_0030,155,8.5,0.12,0.079,0.082,43.56,road,completed,2024-11-12
1722,1DC_BCN,IXD_BER,SKU_0096,710,8.5,0.13,0.625,0.048,570.13,road,completed,2024-11-12
1723,1DC_BCN,IXD_BCN,SKU_0186,592,8.2,0.11,0.123,0.055,170.5,road,completed,2024-11-12
1724,IXD_BCN,FC_BCN1,SKU_0208,164,3.4,0.087,0.226,0.097,67.24,road,completed,2024-11-12
1725,IXD_PAR,FC_MUN1,SKU_0038,175,7.6,0.076,0.499,0.08,114.62,road,completed,2024-11-12
1726,IXD_BER,FC_BER1,SKU_0058,305,1.7,0.093,0.77,0.049,278.16,road,completed,2024-11-12
1727,RDC_IBE,IXD_BCN,SKU_0189,352,6.4,0.116,0.084,0.043,85.54,road,completed,2024-11-12
1728,IXD_PAR,FC_PAR2,SKU_0148,89,3.5,0.072,0.378,0.055,44.95,road,completed,2024-11-12
1729,RDC_IBE,IXD_MAD,SKU_0037,471,6.3,0.038,0.502,0.087,295.32,road,completed,2024-11-12
1730,IXD_MAD,FC_MAD1,SKU_0024,514,5.1,0.037,0.489,0.055,298.63,road,completed,2024-11-12
1731,RDC_FRA,IXD_PAR,SKU_0226,47,9.6,0.15,0.629,0.033,38.16,road,completed,2024-11-12
1732,IXD_PAR,FC_PAR2,SKU_0119,100,4.0,0.069,0.119,0.063,25.1,road,completed,2024-11-12
1733,RDC_FRA,IXD_BER,SKU_0065,587,9.3,0.136,0.221,0.086,260.04,road,completed,2024-11-12
1734,RDC_LYS,IXD_PAR,SKU_0227,413,11.5,0.107,0.343,0.02,194.11,road,completed,2024-11-12
1735,1DC_MUC,IXD_PAR,SKU_0244,785,5.6,0.107,0.502,0.071,533.8,road,completed,2024-11-12
1736,IXD_BCN,FC_BCN1,SKU_0143,826,7.4,0.09,0.335,0.093,427.87,road,completed,2024-11-12
1737,IXD_BCN,FC_BCN1,SKU_0237,458,3.0,0.075,0.071,0.016,74.2,road,completed,2024-11-12
1738,RDC_FRA,IXD_BER,SKU_0147,375,8.4,0.125,0.119,0.065,115.88,road,completed,2024-11-12
1739,IXD_MAD,FC_MAD1,SKU_0084,217,1.0,0.15,0.793,0.08,221.99,road,completed,2024-11-12
1740,IXD_PAR,FC_PAR1,SKU_0005,706,4.5,0.088,0.322,0.015,300.05,road,completed,2024-11-12
1741,IXD_MAD,FC_MAD2,SKU_0078,790,4.3,0.116,0.339,0.017,372.88,road,completed,2024-11-12
1742,1DC_MUC,IXD_PAR,SKU_0073,190,8.6,0.116,0.706,0.097,174.61,road,completed,2024-11-12
1743,1DC_BCN,IXD_BCN,SKU_0080,84,6.3,0.069,0.585,0.016,56.28,road,completed,2024-11-12
1744,1DC_BCN,IXD_BCN,SKU_0203,844,8.9,0.032,0.562,0.014,513.15,road,completed,2024-11-12
1745,RDC_IBE,IXD_MAD,SKU_0210,838,10.1,0.091,0.383,0.08,464.25,road,completed,2024-11-12
1746,IXD_PAR,FC_PAR2,SKU_0059,499,3.9,0.082,0.606,0.072,379.24,road,completed,2024-11-12
1747,RDC_LYS,IXD_PAR,SKU_0006,583,6.8,0.101,0.281,0.022,235.53,road,completed,2024-11-12
1748,RDC_FRA,IXD_PAR,SKU_0248,811,6.1,0.119,0.195,0.045,291.15,road,completed,2024-11-12
1749,RDC_LYS,IXD_PAR,SKU_0050,262,12.4,0.143,0.751,0.056,248.9,rail,completed,2024-11-12
1750,IXD_PAR,FC_PAR1,SKU_0093,179,3.8,0.075,0.268,0.088,77.15,road,completed,2024-11-12
1751,1DC_CDG,IXD_PAR,SKU_0044,541,7.7,0.071,0.7,0.016,425.77,road,completed,2024-11-12
1752,1DC_BCN,IXD_BCN,SKU_0193,421,8.4,0.136,0.446,0.049,265.65,road,completed,2024-11-12
1753,RDC_IBE,IXD_MAD,SKU_0189,214,7.7,0.141,0.21,0.041,83.89,road,completed,2024-11-13
1754,RDC_IBE,IXD_BCN,SKU_0028,99,10.1,0.059,0.155,0.029,24.06,road,completed,2024-11-13
1755,IXD_BER,FC_BER1,SKU_0184,724,5.5,0.104,0.434,0.077,445.26,road,completed,2024-11-13
1756,RDC_IBE,IXD_BCN,SKU_0190,399,8.4,0.141,0.107,0.021,107.33,road,completed,2024-11-13
1757,RDC_IBE,IXD_BCN,SKU_0242,606,7.6,0.096,0.547,0.014,398.14,road,completed,2024-11-13
1758,RDC_FRA,IXD_PAR,SKU_0227,244,9.0,0.129,0.191,0.082,98.09,road,completed,2024-11-13
1759,IXD_BCN,FC_BCN2,SKU_0211,41,6.0,0.049,0.694,0.084,33.91,road,completed,2024-11-13
1760,IXD_MAD,FC_MAD1,SKU_0169,699,3.8,0.095,0.249,0.028,260.03,road,completed,2024-11-13
1761,IXD_PAR,FC_PAR2,SKU_0046,575,1.9,0.06,0.757,0.055,501.4,road,completed,2024-11-13
1762,IXD_BCN,FC_BCN1,SKU_0139,557,5.6,0.109,0.665,0.049,458.41,road,completed,2024-11-13
1763,IXD_BCN,FC_BCN1,SKU_0105,589,3.9,0.089,0.089,0.035,125.46,road,completed,2024-11-13
1764,IXD_BER,FC_BER1,SKU_0070,182,6.0,0.142,0.447,0.099,125.22,road,completed,2024-11-13
1765,IXD_BER,FC_BER1,SKU_0132,299,3.0,0.033,0.594,0.08,211.39,road,completed,2024-11-13
1766,IXD_MAD,FC_MAD1,SKU_0008,168,1.6,0.139,0.242,0.023,67.87,road,completed,2024-11-13
1767,IXD_MAD,FC_MAD1,SKU_0142,616,2.7,0.096,0.118,0.052,163.86,road,completed,2024-11-13
1768,IXD_MAD,FC_MAD2,SKU_0049,682,2.8,0.07,0.517,0.042,428.98,road,completed,2024-11-13
1769,IXD_BER,FC_BER1,SKU_0174,557,1.8,0.116,0.13,0.015,145.38,road,completed,2024-11-13
1770,IXD_MAD,FC_MAD2,SKU_0138,890,4.0,0.063,0.231,0.051,307.05,road,completed,2024-11-13
1771,1DC_MAD,IXD_MAD,SKU_0233,446,9.9,0.053,0.245,0.071,164.57,road,completed,2024-11-13
1772,RDC_IBE,IXD_BCN,SKU_0019,505,6.7,0.101,0.356,0.018,239.88,road,completed,2024-11-13
1773,IXD_PAR,FC_PAR1,SKU_0169,454,6.2,0.077,0.44,0.034,250.15,road,completed,2024-11-13
1774,IXD_BCN,FC_BCN1,SKU_0121,145,4.4,0.044,0.243,0.011,43.21,road,completed,2024-11-14
1775,RDC_IBE,IXD_MAD,SKU_0169,239,8.6,0.129,0.305,0.085,124.04,road,completed,2024-11-14
1776,RDC_FRA,IXD_BER,SKU_0097,379,5.6,0.051,0.716,0.063,314.57,road,completed,2024-11-14
1777,RDC_LYS,IXD_PAR,SKU_0153,707,8.1,0.066,0.211,0.012,204.32,road,completed,2024-11-14
1778,IXD_PAR,FC_PAR1,SKU_0137,693,3.3,0.116,0.1,0.02,163.55,road,completed,2024-11-14
1779,IXD_PAR,FC_PAR1,SKU_0113,785,1.8,0.068,0.352,0.096,405.06,road,completed,2024-11-14
1780,RDC_FRA,IXD_BER,SKU_0204,464,6.7,0.106,0.733,0.062,418.06,road,completed,2024-11-14
1781,RDC_FRA,IXD_PAR,SKU_0166,825,7.2,0.036,0.368,0.097,413.32,road,completed,2024-11-14
1782,IXD_BCN,FC_BCN1,SKU_0120,301,1.6,0.06,0.196,0.094,105.35,road,completed,2024-11-14
1783,1DC_BCN,IXD_PAR,SKU_0083,366,9.8,0.07,0.072,0.073,78.69,road,completed,2024-11-14
1784,1DC_MAD,IXD_MAD,SKU_0050,855,11.1,0.134,0.799,0.077,863.55,road,completed,2024-11-14
1785,RDC_FRA,IXD_PAR,SKU_0250,720,8.1,0.088,0.267,0.095,324.0,road,completed,2024-11-14
1786,RDC_IBE,IXD_MAD,SKU_0129,538,7.0,0.032,0.159,0.09,151.18,road,completed,2024-11-14
1787,RDC_IBE,IXD_BCN,SKU_0085,783,10.4,0.092,0.29,0.088,368.01,road,completed,2024-11-14
1788,1DC_BCN,IXD_BER,SKU_0232,193,8.7,0.083,0.768,0.057,175.24,road,completed,2024-11-14
1789,IXD_PAR,FC_PAR2,SKU_0122,546,4.6,0.113,0.261,0.023,216.76,road,completed,2024-11-14
1790,IXD_BCN,FC_BCN1,SKU_0215,317,5.7,0.041,0.439,0.045,166.43,road,completed,2024-11-14
1791,IXD_MAD,FC_MAD1,SKU_0043,428,5.9,0.057,0.278,0.017,150.66,road,completed,2024-11-14
1792,IXD_BCN,FC_BCN2,SKU_0145,468,4.6,0.061,0.462,0.017,252.72,road,completed,2024-11-14
1793,IXD_MAD,FC_MAD1,SKU_0021,682,2.5,0.073,0.726,0.077,597.43,road,completed,2024-11-14
1794,RDC_IBE,IXD_BCN,SKU_0193,132,7.0,0.119,0.47,0.023,80.78,road,completed,2024-11-14
1795,RDC_FRA,IXD_BER,SKU_0070,234,7.5,0.125,0.247,0.031,94.3,road,completed,2024-11-14
1796,1DC_BCN,IXD_PAR,SKU_0137,837,7.8,0.106,0.619,0.039,639.47,road,completed,2024-11-14
1797,IXD_PAR,FC_PAR1,SKU_0248,256,2.3,0.131,0.264,0.051,114.18,road,completed,2024-11-14
1798,IXD_PAR,FC_PAR1,SKU_0048,479,3.8,0.085,0.743,0.021,406.67,road,completed,2024-11-14
1799,IXD_BCN,FC_BCN1,SKU_0019,151,6.2,0.06,0.368,0.056,73.08,road,completed,2024-11-14
1800,1DC_MAD,IXD_MAD,SKU_0085,383,8.2,0.049,0.215,0.032,113.37,road,completed,2024-11-14
1801,IXD_PAR,FC_MUN1,SKU_0170,738,6.7,0.143,0.253,0.019,306.27,road,completed,2024-11-14
1802,IXD_PAR,FC_PAR2,SKU_0022,241,3.2,0.059,0.473,0.089,149.66,road,completed,2024-11-14
1803,IXD_BCN,FC_BCN1,SKU_0063,150,4.6,0.137,0.393,0.039,85.35,road,completed,2024-11-14
1804,IXD_PAR,FC_PAR2,SKU_0185,533,3.4,0.064,0.101,0.01,93.27,road,completed,2024-11-14
1805,IXD_PAR,FC_MUN1,SKU_0118,437,6.8,0.115,0.102,0.061,121.49,road,completed,2024-11-14
1806,IXD_BER,FC_BER1,SKU_0176,472,1.5,0.098,0.19,0.093,179.83,road,completed,2024-11-14
1807,IXD_MAD,FC_MAD2,SKU_0164,751,2.8,0.034,0.634,0.087,567.0,road,completed,2024-11-14
1808,RDC_FRA,IXD_PAR,SKU_0183,890,6.3,0.142,0.76,0.067,862.41,road,completed,2024-11-14
1809,IXD_BCN,FC_BCN1,SKU_0169,766,3.0,0.099,0.791,0.095,754.51,road,completed,2024-11-14
1810,RDC_IBE,IXD_MAD,SKU_0226,33,10.5,0.078,0.148,0.01,7.79,road,completed,2024-11-15
1811,1DC_MAD,IXD_MAD,SKU_0157,362,10.1,0.125,0.162,0.097,139.01,road,completed,2024-11-15
1812,IXD_BER,FC_BER1,SKU_0199,424,1.0,0.141,0.358,0.09,249.74,road,completed,2024-11-15
1813,RDC_IBE,IXD_MAD,SKU_0240,679,8.8,0.14,0.297,0.043,325.92,road,completed,2024-11-15
1814,IXD_BER,FC_BER1,SKU_0189,554,5.9,0.065,0.705,0.086,474.22,road,completed,2024-11-15
1815,IXD_BCN,FC_BCN1,SKU_0148,359,1.9,0.061,0.265,0.011,120.98,road,completed,2024-11-15
1816,1DC_MAD,IXD_MAD,SKU_0058,331,8.8,0.084,0.781,0.097,318.42,road,completed,2024-11-15
1817,IXD_MAD,FC_MAD1,SKU_0050,712,3.0,0.09,0.435,0.081,431.47,road,completed,2024-11-15
1818,IXD_MAD,FC_MAD2,SKU_0222,202,2.9,0.094,0.7,0.084,177.36,road,completed,2024-11-15
1819,IXD_BER,FC_BER1,SKU_0082,523,2.3,0.057,0.565,0.04,346.23,road,completed,2024-11-15
1820,IXD_PAR,FC_MUN1,SKU_0216,131,4.4,0.088,0.114,0.087,37.86,road,completed,2024-11-15
1821,IXD_BCN,FC_BCN1,SKU_0099,25,4.8,0.051,0.188,0.034,6.83,road,completed,2024-11-15
1822,RDC_IBE,IXD_BCN,SKU_0044,676,10.5,0.058,0.684,0.087,560.4,road,completed,2024-11-15
1823,1DC_BCN,IXD_PAR,SKU_0016,417,7.4,0.094,0.058,0.072,93.41,road,completed,2024-11-15
1824,1DC_CDG,IXD_PAR,SKU_0147,860,8.9,0.073,0.325,0.049,384.42,road,completed,2024-11-15
1825,1DC_MAD,IXD_MAD,SKU_0200,798,12.2,0.031,0.567,0.076,537.85,rail,completed,2024-11-15
1826,1DC_MAD,IXD_MAD,SKU_0206,326,8.2,0.101,0.215,0.067,124.86,road,completed,2024-11-15
1827,RDC_IBE,IXD_BCN,SKU_0132,399,11.1,0.068,0.657,0.015,295.26,road,completed,2024-11-15
1828,RDC_IBE,IXD_BCN,SKU_0105,280,11.0,0.076,0.783,0.044,252.84,road,completed,2024-11-15
1829,RDC_IBE,IXD_BCN,SKU_0131,159,8.5,0.052,0.266,0.03,55.33,road,completed,2024-11-15
1830,IXD_MAD,FC_MAD1,SKU_0016,99,5.1,0.053,0.605,0.075,72.57,road,completed,2024-11-15
1831,RDC_IBE,IXD_BCN,SKU_0146,611,8.7,0.107,0.152,0.075,204.07,road,completed,2024-11-15
1832,1DC_MUC,IXD_PAR,SKU_0073,211,7.2,0.051,0.125,0.034,44.31,road,completed,2024-11-15
1833,IXD_BCN,FC_BCN2,SKU_0218,115,4.0,0.036,0.62,0.064,82.8,road,completed,2024-11-15
1834,1DC_MUC,IXD_PAR,SKU_0175,165,8.5,0.103,0.427,0.037,93.55,road,completed,2024-11-15
1835,RDC_IBE,IXD_MAD,SKU_0205,320,8.5,0.142,0.699,0.067,290.56,road,completed,2024-11-15
1836,IXD_BCN,FC_BCN2,SKU_0177,743,6.1,0.086,0.505,0.058,482.21,road,completed,2024-11-15
1837,IXD_BCN,FC_BCN2,SKU_0105,267,6.1,0.033,0.13,0.083,65.68,road,completed,2024-11-15
1838,RDC_IBE,IXD_BCN,SKU_0090,302,8.8,0.044,0.376,0.05,141.94,road,completed,2024-11-15
1839,RDC_IBE,IXD_BCN,SKU_0171,319,7.5,0.043,0.743,0.095,281.04,road,completed,2024-11-15
1840,RDC_LYS,IXD_PAR,SKU_0209,48,6.7,0.076,0.159,0.066,14.45,road,completed,2024-11-15
1841,1DC_BCN,IXD_BCN,SKU_0162,200,9.7,0.115,0.193,0.079,77.4,road,completed,2024-11-15
1842,1DC_MAD,IXD_MAD,SKU_0157,486,11.5,0.118,0.145,0.077,165.24,road,completed,2024-11-15
1843,IXD_PAR,FC_PAR2,SKU_0090,441,7.2,0.113,0.398,0.075,258.43,road,completed,2024-11-15
1844,IXD_BER,FC_BER1,SKU_0243,880,7.8,0.086,0.656,0.09,732.16,road,completed,2024-11-15
1845,IXD_PAR,FC_PAR1,SKU_0181,39,5.8,0.042,0.066,0.098,8.03,road,completed,2024-11-15
1846,1DC_BCN,IXD_PAR,SKU_0083,836,9.1,0.05,0.629,0.062,619.48,road,completed,2024-11-15
1847,IXD_BCN,FC_BCN1,SKU_0171,222,6.1,0.032,0.467,0.088,130.31,road,completed,2024-11-15
1848,IXD_PAR,FC_MUN1,SKU_0212,138,1.0,0.129,0.584,0.096,111.64,road,completed,2024-11-15
1849,1DC_MAD,IXD_MAD,SKU_0140,738,6.9,0.071,0.084,0.011,122.51,road,completed,2024-11-15
1850,IXD_BCN,FC_BCN2,SKU_0222,419,4.4,0.061,0.565,0.019,270.25,road,completed,2024-11-16
1851,RDC_FRA,IXD_BER,SKU_0043,370,6.7,0.126,0.246,0.02,145.04,road,completed,2024-11-16
1852,IXD_BCN,FC_BCN1,SKU_0004,317,2.9,0.103,0.189,0.049,108.1,road,completed,2024-11-16
1853,IXD_BCN,FC_BCN2,SKU_0231,505,5.9,0.147,0.306,0.077,267.65,road,completed,2024-11-16
1854,IXD_PAR,FC_PAR1,SKU_0174,118,4.5,0.045,0.35,0.056,53.22,road,completed,2024-11-16
1855,1DC_MUC,IXD_PAR,SKU_0058,297,7.8,0.145,0.32,0.027,146.12,road,completed,2024-11-16
1856,RDC_LYS,IXD_PAR,SKU_0006,646,7.5,0.084,0.432,0.028,351.42,road,completed,2024-11-16
1857,RDC_IBE,IXD_BCN,SKU_0183,200,7.3,0.139,0.757,0.055,190.2,road,completed,2024-11-16
1858,1DC_MAD,IXD_MAD,SKU_0165,391,7.4,0.093,0.787,0.033,356.98,road,completed,2024-11-16
1859,IXD_BCN,FC_BCN1,SKU_0138,847,4.8,0.073,0.317,0.065,385.38,road,completed,2024-11-16
1860,IXD_BCN,FC_BCN2,SKU_0192,283,3.2,0.122,0.757,0.033,258.1,road,completed,2024-11-17
1861,IXD_PAR,FC_PAR1,SKU_0222,741,1.5,0.148,0.472,0.09,526.11,road,completed,2024-11-17
1862,1DC_MAD,IXD_MAD,SKU_0152,400,8.2,0.143,0.115,0.078,134.4,road,completed,2024-11-17
1863,1DC_MAD,IXD_MAD,SKU_0214,120,9.9,0.127,0.717,0.061,108.6,road,completed,2024-11-17
1864,IXD_PAR,FC_PAR1,SKU_0232,296,4.8,0.092,0.155,0.067,92.94,road,completed,2024-11-17
1865,IXD_PAR,FC_PAR2,SKU_0224,323,3.5,0.049,0.763,0.092,291.99,road,completed,2024-11-17
1866,RDC_FRA,IXD_BER,SKU_0001,892,8.0,0.129,0.306,0.061,442.43,road,completed,2024-11-17
1867,IXD_PAR,FC_PAR1,SKU_0137,687,6.9,0.111,0.583,0.016,487.77,road,completed,2024-11-17
1868,RDC_FRA,IXD_BER,SKU_0140,586,9.4,0.14,0.06,0.075,161.15,road,completed,2024-11-17
1869,IXD_MAD,FC_MAD1,SKU_0027,188,2.4,0.043,0.703,0.055,150.59,road,completed,2024-11-18
1870,IXD_PAR,FC_PAR1,SKU_0041,270,7.8,0.082,0.72,0.043,228.15,road,completed,2024-11-18
1871,IXD_PAR,FC_PAR2,SKU_0058,664,3.6,0.081,0.217,0.014,207.17,road,completed,2024-11-18
1872,RDC_LYS,IXD_PAR,SKU_0052,347,5.8,0.039,0.347,0.037,146.78,road,completed,2024-11-18
1873,IXD_PAR,FC_MUN1,SKU_0215,794,2.5,0.07,0.352,0.036,363.65,road,completed,2024-11-18
1874,IXD_BCN,FC_BCN2,SKU_0239,419,7.2,0.15,0.305,0.096,230.87,road,completed,2024-11-18
1875,1DC_MAD,IXD_MAD,SKU_0185,715,8.0,0.13,0.337,0.023,350.35,road,completed,2024-11-18
1876,IXD_PAR,FC_MUN1,SKU_0068,736,5.2,0.127,0.715,0.093,688.16,road,completed,2024-11-18
1877,IXD_PAR,FC_PAR2,SKU_0176,422,4.9,0.12,0.726,0.046,376.42,road,completed,2024-11-18
1878,IXD_BCN,FC_BCN1,SKU_0055,269,3.0,0.077,0.386,0.018,129.39,road,completed,2024-11-18
1879,IXD_BER,FC_BER1,SKU_0118,604,4.9,0.077,0.219,0.09,233.14,road,completed,2024-11-18
1880,IXD_MAD,FC_MAD1,SKU_0229,618,1.8,0.057,0.263,0.048,227.42,road,completed,2024-11-18
1881,IXD_MAD,FC_MAD1,SKU_0022,372,1.3,0.08,0.585,0.029,258.17,road,completed,2024-11-18
1882,IXD_PAR,FC_MUN1,SKU_0114,478,3.6,0.118,0.218,0.032,175.9,road,completed,2024-11-18
1883,RDC_IBE,IXD_BCN,SKU_0014,501,8.1,0.144,0.757,0.053,477.95,road,completed,2024-11-18
1884,IXD_BCN,FC_BCN1,SKU_0055,309,4.0,0.055,0.748,0.086,274.7,road,completed,2024-11-18
1885,IXD_BCN,FC_BCN2,SKU_0173,777,2.6,0.127,0.548,0.093,596.74,road,completed,2024-11-18
1886,IXD_BCN,FC_BCN1,SKU_0028,543,4.8,0.097,0.69,0.044,451.23,road,completed,2024-11-18
1887,IXD_PAR,FC_PAR2,SKU_0231,420,2.8,0.067,0.649,0.012,305.76,road,completed,2024-11-18
1888,1DC_BCN,IXD_BER,SKU_0170,193,9.1,0.124,0.354,0.023,96.69,road,completed,2024-11-18
1889,RDC_IBE,IXD_BCN,SKU_0023,487,8.0,0.057,0.34,0.095,239.6,road,completed,2024-11-18
1890,IXD_BER,FC_BER1,SKU_0118,257,4.5,0.14,0.632,0.014,202.0,road,completed,2024-11-18
1891,RDC_FRA,IXD_PAR,SKU_0128,716,8.5,0.089,0.172,0.081,244.87,road,completed,2024-11-18
1892,IXD_MAD,FC_MAD2,SKU_0096,749,3.4,0.061,0.574,0.047,510.82,road,completed,2024-11-18
1893,RDC_FRA,IXD_PAR,SKU_0107,281,8.7,0.033,0.167,0.046,69.13,road,completed,2024-11-18
1894,1DC_MAD,IXD_MAD,SKU_0066,616,7.7,0.071,0.386,0.034,302.46,road,completed,2024-11-18
1895,1DC_CDG,IXD_PAR,SKU_0117,460,5.9,0.063,0.588,0.027,311.88,road,completed,2024-11-18
1896,IXD_BCN,FC_BCN2,SKU_0205,557,3.8,0.101,0.74,0.093,520.24,road,completed,2024-11-18
1897,1DC_BCN,IXD_BCN,SKU_0053,551,8.2,0.107,0.063,0.1,148.77,road,completed,2024-11-19
1898,RDC_IBE,IXD_MAD,SKU_0192,138,7.0,0.146,0.057,0.027,31.74,road,completed,2024-11-19
1899,RDC_IBE,IXD_MAD,SKU_0137,819,10.6,0.069,0.5,0.028,488.94,road,completed,2024-11-19
1900,1DC_BCN,IXD_BER,SKU_0102,602,7.7,0.149,0.461,0.064,405.75,road,completed,2024-11-19
1901,RDC_FRA,IXD_BER,SKU_0017,63,9.0,0.131,0.06,0.059,15.75,road,completed,2024-11-19
1902,IXD_PAR,FC_MUN1,SKU_0136,414,4.5,0.122,0.75,0.015,367.22,road,completed,2024-11-19
1903,IXD_PAR,FC_PAR1,SKU_0026,418,6.2,0.039,0.354,0.068,192.7,road,completed,2024-11-19
1904,RDC_IBE,IXD_BCN,SKU_0205,23,7.4,0.093,0.195,0.094,8.79,road,completed,2024-11-19
1905,1DC_BCN,IXD_BCN,SKU_0075,823,9.3,0.092,0.065,0.061,179.41,road,completed,2024-11-19
1906,IXD_BCN,FC_BCN1,SKU_0217,688,2.8,0.134,0.487,0.074,478.16,road,completed,2024-11-19
1907,IXD_PAR,FC_MUN1,SKU_0136,745,4.2,0.149,0.637,0.086,649.64,road,completed,2024-11-19
1908,IXD_MAD,FC_MAD1,SKU_0196,624,4.1,0.129,0.454,0.064,403.73,road,completed,2024-11-19
1909,IXD_MAD,FC_MAD1,SKU_0146,724,5.7,0.058,0.552,0.078,498.11,road,completed,2024-11-19
1910,IXD_PAR,FC_PAR1,SKU_0087,826,6.8,0.135,0.513,0.041,569.11,road,completed,2024-11-19
1911,1DC_BCN,IXD_PAR,SKU_0167,83,6.9,0.145,0.494,0.064,58.35,road,completed,2024-11-19
1912,IXD_MAD,FC_MAD1,SKU_0020,804,3.8,0.112,0.53,0.025,536.27,road,completed,2024-11-19
1913,IXD_PAR,FC_PAR1,SKU_0188,675,5.4,0.078,0.221,0.029,221.4,road,completed,2024-11-19
1914,RDC_LYS,IXD_PAR,SKU_0036,549,9.8,0.13,0.513,0.049,379.91,road,completed,2024-11-19
1915,IXD_BCN,FC_BCN2,SKU_0063,221,3.2,0.121,0.199,0.088,90.17,road,completed,2024-11-19
1916,IXD_PAR,FC_PAR2,SKU_0142,664,4.0,0.106,0.386,0.076,377.15,road,completed,2024-11-19
1917,RDC_IBE,IXD_BCN,SKU_0085,712,10.5,0.034,0.579,0.034,460.66,road,completed,2024-11-19
1918,IXD_BCN,FC_BCN2,SKU_0040,644,5.1,0.079,0.143,0.031,162.93,road,completed,2024-11-19
1919,1DC_MAD,IXD_MAD,SKU_0095,477,10.7,0.041,0.647,0.011,333.42,road,completed,2024-11-19
1920,IXD_PAR,FC_PAR2,SKU_0080,651,4.4,0.107,0.369,0.044,338.52,road,completed,2024-11-19
1921,IXD_MAD,FC_MAD1,SKU_0197,156,4.4,0.125,0.548,0.05,112.79,road,completed,2024-11-19
1922,IXD_MAD,FC_MAD1,SKU_0095,431,3.2,0.136,0.225,0.021,164.64,road,completed,2024-11-19
1923,IXD_BCN,FC_BCN1,SKU_0102,674,6.1,0.1,0.092,0.013,138.17,road,completed,2024-11-19
1924,1DC_BCN,IXD_BER,SKU_0141,607,7.3,0.057,0.733,0.099,539.62,road,completed,2024-11-19
1925,IXD_MAD,FC_MAD2,SKU_0094,690,4.5,0.142,0.74,0.047,641.01,road,completed,2024-11-19
1926,IXD_BCN,FC_BCN2,SKU_0225,685,3.0,0.06,0.064,0.071,133.58,road,completed,2024-11-19
1927,1DC_BCN,IXD_BCN,SKU_0193,733,7.3,0.111,0.683,0.072,634.78,road,completed,2024-11-19
1928,1DC_MAD,IXD_MAD,SKU_0047,214,11.6,0.09,0.37,0.035,105.93,road,completed,2024-11-19
1929,RDC_IBE,IXD_MAD,SKU_0139,108,8.9,0.079,0.784,0.028,96.23,road,completed,2024-11-19
1930,IXD_MAD,FC_MAD2,SKU_0249,151,4.8,0.116,0.308,0.057,72.63,road,completed,2024-11-20
1931,IXD_BCN,FC_BCN1,SKU_0035,318,4.2,0.137,0.466,0.083,218.15,road,completed,2024-11-20
1932,RDC_IBE,IXD_BCN,SKU_0169,461,6.6,0.057,0.17,0.083,142.91,road,completed,2024-11-20
1933,RDC_LYS,IXD_PAR,SKU_0163,406,8.2,0.089,0.31,0.051,182.7,road,completed,2024-11-20
1934,IXD_MAD,FC_MAD2,SKU_0099,407,7.7,0.081,0.602,0.058,301.59,road,completed,2024-11-20
1935,1DC_MAD,IXD_MAD,SKU_0007,777,7.0,0.089,0.404,0.032,407.93,road,completed,2024-11-20
1936,IXD_PAR,FC_MUN1,SKU_0075,887,1.0,0.058,0.548,0.012,548.17,road,completed,2024-11-20
1937,IXD_MAD,FC_MAD1,SKU_0173,481,5.6,0.034,0.249,0.076,172.68,road,completed,2024-11-20
1938,IXD_PAR,FC_PAR2,SKU_0065,187,2.7,0.091,0.763,0.067,172.23,road,completed,2024-11-20
1939,RDC_IBE,IXD_MAD,SKU_0013,615,8.0,0.062,0.693,0.014,472.94,road,completed,2024-11-20
1940,IXD_PAR,FC_PAR1,SKU_0216,840,2.0,0.119,0.493,0.031,540.12,road,completed,2024-11-20
1941,IXD_BCN,FC_BCN2,SKU_0211,70,2.7,0.139,0.071,0.074,19.88,road,completed,2024-11-20
1942,RDC_LYS,IXD_PAR,SKU_0147,254,7.2,0.096,0.321,0.044,117.09,road,completed,2024-11-20
1943,RDC_FRA,IXD_BER,SKU_0245,49,6.5,0.133,0.578,0.026,36.11,road,completed,2024-11-20
1944,RDC_IBE,IXD_BCN,SKU_0155,441,8.5,0.118,0.692,0.089,396.46,road,completed,2024-11-20
1945,RDC_LYS,IXD_PAR,SKU_0175,789,7.1,0.056,0.623,0.068,589.38,road,completed,2024-11-20
1946,IXD_BCN,FC_BCN1,SKU_0056,440,4.2,0.14,0.11,0.1,154.0,road,completed,2024-11-20
1947,IXD_BER,FC_BER1,SKU_0129,61,5.6,0.061,0.661,0.094,49.78,road,completed,2024-11-20
1948,IXD_BCN,FC_BCN1,SKU_0162,721,4.4,0.072,0.148,0.025,176.65,road,completed,2024-11-21
1949,IXD_MAD,FC_MAD1,SKU_0149,130,2.8,0.064,0.055,0.05,21.97,road,completed,2024-11-21
1950,1DC_MUC,IXD_PAR,SKU_0025,686,7.5,0.123,0.08,0.057,178.36,road,completed,2024-11-21
1951,IXD_PAR,FC_MUN1,SKU_0197,553,4.0,0.078,0.501,0.033,338.44,road,completed,2024-11-21
1952,1DC_BCN,IXD_BER,SKU_0141,306,9.3,0.118,0.097,0.019,71.6,road,completed,2024-11-21
1953,IXD_PAR,FC_MUN1,SKU_0196,339,2.8,0.146,0.628,0.075,287.81,road,completed,2024-11-21
1954,IXD_BCN,FC_BCN1,SKU_0103,441,4.3,0.139,0.683,0.048,383.67,road,completed,2024-11-21
1955,RDC_IBE,IXD_BCN,SKU_0241,806,9.2,0.071,0.615,0.071,610.14,road,completed,2024-11-21
1956,IXD_PAR,FC_MUN1,SKU_0087,887,4.2,0.076,0.343,0.091,452.37,road,completed,2024-11-21
1957,RDC_FRA,IXD_BER,SKU_0057,168,10.2,0.134,0.133,0.071,56.78,road,completed,2024-11-21
1958,IXD_MAD,FC_MAD1,SKU_0083,595,2.7,0.063,0.508,0.096,396.87,road,completed,2024-11-21
1959,IXD_PAR,FC_PAR1,SKU_0177,747,4.6,0.042,0.559,0.016,460.9,road,completed,2024-11-21
1960,RDC_FRA,IXD_BER,SKU_0177,182,6.9,0.047,0.672,0.089,147.06,road,completed,2024-11-21
1961,RDC_IBE,IXD_BCN,SKU_0235,244,8.7,0.088,0.071,0.063,54.17,road,completed,2024-11-21
1962,1DC_BCN,IXD_BCN,SKU_0051,251,7.8,0.063,0.581,0.032,169.68,road,completed,2024-11-21
1963,RDC_FRA,IXD_PAR,SKU_0033,299,6.8,0.053,0.732,0.054,250.86,road,completed,2024-11-21
1964,1DC_MUC,IXD_PAR,SKU_0027,456,9.8,0.14,0.511,0.077,331.97,road,completed,2024-11-21
1965,1DC_BCN,IXD_PAR,SKU_0129,397,10.0,0.038,0.251,0.092,151.26,road,completed,2024-11-21
1966,IXD_PAR,FC_MUN1,SKU_0120,874,4.7,0.113,0.512,0.028,570.72,road,completed,2024-11-21
1967,IXD_BCN,FC_BCN1,SKU_0037,686,4.7,0.118,0.398,0.078,407.48,road,completed,2024-11-21
1968,RDC_IBE,IXD_BCN,SKU_0133,785,6.8,0.097,0.565,0.035,547.14,road,completed,2024-11-21
1969,1DC_CDG,IXD_PAR,SKU_0215,153,7.6,0.082,0.585,0.014,104.19,road,completed,2024-11-21
1970,IXD_MAD,FC_MAD2,SKU_0170,588,5.5,0.098,0.262,0.068,251.66,road,completed,2024-11-21
1971,IXD_PAR,FC_PAR2,SKU_0016,891,2.9,0.141,0.63,0.081,759.13,road,completed,2024-11-21
1972,RDC_LYS,IXD_PAR,SKU_0217,21,7.7,0.105,0.743,0.026,18.35,road,completed,2024-11-21
1973,IXD_PAR,FC_MUN1,SKU_0238,498,6.4,0.11,0.375,0.038,260.45,road,completed,2024-11-21
1974,IXD_BER,FC_BER1,SKU_0144,549,7.5,0.15,0.209,0.063,231.68,road,completed,2024-11-21
1975,IXD_MAD,FC_MAD1,SKU_0209,109,5.8,0.148,0.797,0.028,106.06,road,completed,2024-11-21
1976,IXD_MAD,FC_MAD2,SKU_0053,212,5.3,0.109,0.68,0.057,179.35,road,completed,2024-11-21
1977,IXD_PAR,FC_PAR1,SKU_0074,595,1.0,0.098,0.095,0.097,172.55,road,completed,2024-11-21
1978,IXD_BCN,FC_BCN1,SKU_0036,835,2.6,0.1,0.479,0.022,501.83,road,completed,2024-11-21
1979,IXD_PAR,FC_PAR2,SKU_0172,539,4.3,0.081,0.744,0.073,484.02,road,completed,2024-11-21
1980,IXD_MAD,FC_MAD1,SKU_0021,845,5.3,0.068,0.556,0.056,574.6,road,completed,2024-11-22
1981,1DC_BCN,IXD_BCN,SKU_0031,608,10.8,0.036,0.168,0.036,145.92,road,completed,2024-11-22
1982,RDC_LYS,IXD_PAR,SKU_0232,87,6.7,0.135,0.315,0.024,41.24,road,completed,2024-11-22
1983,RDC_LYS,IXD_PAR,SKU_0119,444,6.6,0.126,0.679,0.096,400.04,road,completed,2024-11-22
1984,IXD_BCN,FC_BCN1,SKU_0108,378,3.8,0.136,0.747,0.048,351.92,road,completed,2024-11-22
1985,RDC_FRA,IXD_PAR,SKU_0237,214,11.8,0.083,0.086,0.014,39.16,road,completed,2024-11-22
1986,IXD_BCN,FC_BCN1,SKU_0249,753,5.3,0.147,0.225,0.056,322.28,road,completed,2024-11-22
1987,IXD_MAD,FC_MAD1,SKU_0199,737,2.8,0.084,0.241,0.029,260.9,road,completed,2024-11-22
1988,1DC_BCN,IXD_BCN,SKU_0122,682,8.9,0.113,0.766,0.042,628.12,road,completed,2024-11-22
1989,1DC_BCN,IXD_BER,SKU_0177,84,5.6,0.116,0.404,0.084,50.74,road,completed,2024-11-22
1990,IXD_BCN,FC_BCN2,SKU_0206,356,5.5,0.041,0.462,0.081,207.9,road,completed,2024-11-22
1991,RDC_FRA,IXD_BER,SKU_0061,636,7.6,0.055,0.439,0.015,323.72,road,completed,2024-11-22
1992,1DC_BCN,IXD_PAR,SKU_0148,392,7.1,0.078,0.672,0.026,304.19,road,completed,2024-11-22
1993,RDC_IBE,IXD_BCN,SKU_0244,70,8.7,0.129,0.244,0.054,29.89,road,completed,2024-11-22
1994,IXD_BCN,FC_BCN2,SKU_0012,464,2.2,0.092,0.653,0.013,351.71,road,completed,2024-11-22
1995,RDC_IBE,IXD_BCN,SKU_0231,474,5.9,0.141,0.717,0.094,451.25,road,completed,2024-11-22
1996,IXD_BCN,FC_BCN2,SKU_0109,887,4.2,0.047,0.695,0.067,717.58,road,completed,2024-11-22
1997,RDC_IBE,IXD_MAD,SKU_0121,835,9.1,0.146,0.196,0.099,368.24,road,completed,2024-11-22
1998,RDC_FRA,IXD_BER,SKU_0231,262,10.8,0.063,0.053,0.018,35.11,road,completed,2024-11-22
1999,IXD_MAD,FC_MAD1,SKU_0176,38,5.9,0.12,0.712,0.091,35.07,road,completed,2024-11-22
2000,RDC_IBE,IXD_MAD,SKU_0104,417,5.8,0.077,0.089,0.018,76.73,road,completed,2024-11-22
2001,IXD_MAD,FC_MAD2,SKU_0037,124,2.3,0.06,0.432,0.055,67.83,road,completed,2024-11-22
2002,RDC_IBE,IXD_MAD,SKU_0038,741,7.2,0.046,0.427,0.017,363.09,road,completed,2024-11-22
2003,1DC_BCN,IXD_BCN,SKU_0031,622,7.7,0.077,0.441,0.04,347.08,road,completed,2024-11-22
2004,RDC_LYS,IXD_PAR,SKU_0050,777,7.5,0.111,0.237,0.092,341.88,road,completed,2024-11-22
2005,IXD_PAR,FC_PAR1,SKU_0135,555,5.4,0.133,0.447,0.023,334.66,road,completed,2024-11-22
2006,1DC_MUC,IXD_PAR,SKU_0156,553,7.8,0.056,0.476,0.081,338.99,road,completed,2024-11-22
2007,1DC_MAD,IXD_MAD,SKU_0196,153,8.5,0.096,0.168,0.079,52.48,road,completed,2024-11-22
2008,IXD_MAD,FC_MAD1,SKU_0082,333,4.8,0.094,0.087,0.093,91.24,road,completed,2024-11-22
2009,IXD_PAR,FC_PAR1,SKU_0007,836,4.6,0.141,0.567,0.054,637.03,road,completed,2024-11-22
2010,RDC_LYS,IXD_PAR,SKU_0047,322,11.9,0.081,0.676,0.014,248.26,road,completed,2024-11-22
2011,RDC_FRA,IXD_PAR,SKU_0204,890,8.1,0.049,0.531,0.063,572.27,road,completed,2024-11-22
2012,IXD_BCN,FC_BCN2,SKU_0173,127,5.7,0.042,0.664,0.051,96.14,road,completed,2024-11-22
2013,IXD_BER,FC_BER1,SKU_0193,384,4.1,0.119,0.566,0.092,298.37,road,completed,2024-11-22
2014,IXD_BCN,FC_BCN1,SKU_0214,814,6.4,0.066,0.424,0.035,427.35,road,completed,2024-11-22
2015,IXD_PAR,FC_MUN1,SKU_0059,497,3.3,0.056,0.206,0.091,175.44,road,completed,2024-11-22
2016,RDC_LYS,IXD_PAR,SKU_0116,170,8.5,0.144,0.593,0.021,128.86,road,completed,2024-11-22
2017,IXD_MAD,FC_MAD1,SKU_0233,625,5.2,0.068,0.105,0.068,150.62,road,completed,2024-11-22
2018,IXD_MAD,FC_MAD2,SKU_0153,186,4.4,0.1,0.632,0.099,154.57,road,completed,2024-11-22
2019,RDC_LYS,IXD_PAR,SKU_0222,339,8.3,0.119,0.088,0.064,91.87,road,completed,2024-11-22
2020,RDC_LYS,IXD_PAR,SKU_0130,823,8.0,0.143,0.548,0.013,579.39,road,completed,2024-11-23
2021,IXD_MAD,FC_MAD2,SKU_0069,587,2.4,0.099,0.675,0.06,489.56,road,completed,2024-11-23
2022,IXD_MAD,FC_MAD1,SKU_0215,247,5.2,0.045,0.348,0.011,99.79,road,completed,2024-11-23
2023,RDC_IBE,IXD_MAD,SKU_0140,43,7.7,0.065,0.275,0.054,16.94,road,completed,2024-11-23
2024,IXD_BCN,FC_BCN1,SKU_0010,836,3.9,0.124,0.3,0.035,383.72,road,completed,2024-11-24
2025,IXD_BCN,FC_BCN1,SKU_0195,82,1.7,0.059,0.298,0.067,34.77,road,completed,2024-11-24
2026,IXD_MAD,FC_MAD1,SKU_0003,414,6.0,0.035,0.791,0.064,368.46,road,completed,2024-11-24
2027,RDC_FRA,IXD_PAR,SKU_0250,654,9.5,0.105,0.233,0.023,236.09,road,completed,2024-11-24
2028,IXD_BCN,FC_BCN2,SKU_0124,784,3.9,0.097,0.284,0.062,347.31,road,completed,2024-11-24
2029,RDC_LYS,IXD_PAR,SKU_0020,822,10.4,0.112,0.138,0.076,267.97,road,completed,2024-11-24
2030,IXD_PAR,FC_PAR1,SKU_0242,785,5.2,0.119,0.567,0.063,587.97,road,completed,2024-11-24
2031,1DC_MAD,IXD_MAD,SKU_0099,884,9.0,0.125,0.396,0.01,469.4,road,completed,2024-11-24
2032,IXD_PAR,FC_MUN1,SKU_0218,127,5.1,0.08,0.639,0.079,101.35,road,completed,2024-11-25
2033,IXD_PAR,FC_MUN1,SKU_0126,118,2.5,0.101,0.799,0.059,113.16,road,completed,2024-11-25
2034,RDC_IBE,IXD_MAD,SKU_0014,723,6.4,0.072,0.405,0.059,387.53,road,completed,2024-11-25
2035,IXD_BCN,FC_BCN2,SKU_0082,900,4.9,0.097,0.125,0.082,273.6,road,completed,2024-11-25
2036,1DC_BCN,IXD_BCN,SKU_0188,887,6.0,0.05,0.356,0.046,400.92,road,completed,2024-11-25
2037,IXD_BCN,FC_BCN1,SKU_0167,458,1.6,0.089,0.512,0.055,300.45,road,completed,2024-11-25
2038,RDC_FRA,IXD_BER,SKU_0152,662,8.3,0.133,0.186,0.055,247.59,road,completed,2024-11-25
2039,IXD_MAD,FC_MAD1,SKU_0052,759,4.6,0.12,0.565,0.026,539.65,road,completed,2024-11-25
2040,RDC_LYS,IXD_PAR,SKU_0214,804,7.5,0.072,0.521,0.025,496.87,road,completed,2024-11-25
2041,IXD_BER,FC_BER1,SKU_0165,821,3.6,0.093,0.575,0.05,589.48,road,completed,2024-11-25
2042,RDC_IBE,IXD_MAD,SKU_0089,499,7.0,0.147,0.448,0.021,307.38,road,completed,2024-11-25
2043,IXD_BCN,FC_BCN1,SKU_0177,245,3.7,0.048,0.295,0.048,95.8,road,completed,2024-11-25
2044,RDC_IBE,IXD_BCN,SKU_0163,110,7.8,0.052,0.726,0.093,95.81,road,completed,2024-11-25
2045,RDC_FRA,IXD_PAR,SKU_0135,558,8.3,0.143,0.75,0.069,536.8,road,completed,2024-11-25
2046,1DC_BCN,IXD_BCN,SKU_0043,109,9.9,0.12,0.618,0.081,89.27,road,completed,2024-11-25
2047,IXD_BER,FC_BER1,SKU_0242,150,5.6,0.144,0.121,0.017,42.3,road,completed,2024-11-25
2048,IXD_PAR,FC_MUN1,SKU_0086,202,4.4,0.072,0.088,0.063,45.05,road,completed,2024-11-25
2049,1DC_BCN,IXD_BCN,SKU_0156,663,8.2,0.117,0.138,0.055,205.53,road,completed,2024-11-25
2050,RDC_LYS,IXD_PAR,SKU_0022,730,11.3,0.143,0.292,0.07,368.65,road,completed,2024-11-25
2051,RDC_LYS,IXD_PAR,SKU_0043,866,9.7,0.049,0.69,0.015,652.96,road,completed,2024-11-25
2052,1DC_BCN,IXD_BCN,SKU_0250,190,9.9,0.122,0.299,0.099,98.8,road,completed,2024-11-25
2053,IXD_MAD,FC_MAD1,SKU_0120,841,3.1,0.035,0.475,0.063,481.89,road,completed,2024-11-25
2054,RDC_IBE,IXD_MAD,SKU_0113,651,7.5,0.145,0.42,0.09,426.41,road,completed,2024-11-25
2055,RDC_IBE,IXD_BCN,SKU_0009,302,7.8,0.074,0.277,0.033,115.97,road,completed,2024-11-25
2056,IXD_BCN,FC_BCN2,SKU_0082,789,3.6,0.072,0.221,0.097,307.71,road,completed,2024-11-25
2057,IXD_MAD,FC_MAD2,SKU_0239,630,4.2,0.038,0.169,0.04,155.61,road,completed,2024-11-25
2058,IXD_MAD,FC_MAD2,SKU_0191,209,3.0,0.104,0.513,0.015,132.09,road,completed,2024-11-25
2059,RDC_IBE,IXD_MAD,SKU_0175,217,11.4,0.143,0.545,0.038,157.54,road,completed,2024-11-25
2060,1DC_MUC,IXD_PAR,SKU_0207,812,8.6,0.038,0.413,0.027,388.14,road,completed,2024-11-25
2061,RDC_FRA,IXD_BER,SKU_0236,682,6.5,0.075,0.681,0.086,574.24,road,completed,2024-11-25
2062,IXD_PAR,FC_PAR2,SKU_0130,585,5.7,0.072,0.406,0.052,310.05,road,completed,2024-11-25
2063,IXD_BCN,FC_BCN1,SKU_0216,482,4.8,0.073,0.37,0.091,257.39,road,completed,2024-11-25
2064,IXD_MAD,FC_MAD1,SKU_0019,79,5.4,0.042,0.075,0.026,11.3,road,completed,2024-11-25
2065,RDC_IBE,IXD_BCN,SKU_0006,504,6.6,0.055,0.578,0.041,339.7,road,completed,2024-11-25
2066,1DC_BCN,IXD_BER,SKU_0220,532,10.4,0.145,0.452,0.011,323.46,road,completed,2024-11-25
2067,IXD_PAR,FC_MUN1,SKU_0228,139,4.8,0.14,0.372,0.01,72.56,road,completed,2024-11-25
2068,1DC_MUC,IXD_PAR,SKU_0067,751,7.2,0.12,0.273,0.057,337.95,road,completed,2024-11-26
2069,IXD_PAR,FC_PAR1,SKU_0238,333,4.3,0.058,0.493,0.035,195.14,road,completed,2024-11-26
2070,IXD_MAD,FC_MAD1,SKU_0103,198,3.1,0.137,0.122,0.097,70.49,road,completed,2024-11-26
2071,RDC_IBE,IXD_BCN,SKU_0137,258,9.0,0.053,0.736,0.089,226.52,road,completed,2024-11-26
2072,RDC_LYS,IXD_PAR,SKU_0082,365,10.1,0.131,0.513,0.052,254.04,road,completed,2024-11-26
2073,IXD_PAR,FC_MUN1,SKU_0023,214,2.9,0.074,0.513,0.097,146.38,road,completed,2024-11-26
2074,RDC_FRA,IXD_BER,SKU_0235,848,8.1,0.055,0.137,0.084,234.05,road,completed,2024-11-26
2075,IXD_PAR,FC_MUN1,SKU_0018,840,4.3,0.143,0.404,0.065,514.08,road,completed,2024-11-26
2076,1DC_BCN,IXD_PAR,SKU_0147,894,8.6,0.141,0.388,0.052,519.41,road,completed,2024-11-26
2077,IXD_PAR,FC_PAR2,SKU_0013,855,6.0,0.125,0.505,0.01,547.2,road,completed,2024-11-26
2078,RDC_FRA,IXD_BER,SKU_0163,359,13.6,0.063,0.579,0.07,255.61,rail,completed,2024-11-26
2079,IXD_BCN,FC_BCN1,SKU_0227,21,4.8,0.08,0.475,0.094,13.63,road,completed,2024-11-26
2080,IXD_MAD,FC_MAD1,SKU_0190,398,3.7,0.093,0.613,0.051,301.29,road,completed,2024-11-26
2081,IXD_PAR,FC_MUN1,SKU_0007,472,1.0,0.109,0.247,0.02,177.47,road,completed,2024-11-26
2082,1DC_BCN,IXD_BCN,SKU_0069,861,11.4,0.123,0.128,0.05,259.16,road,completed,2024-11-26
2083,1DC_MAD,IXD_MAD,SKU_0242,530,11.2,0.098,0.38,0.031,269.77,road,completed,2024-11-26
2084,IXD_BCN,FC_BCN1,SKU_0231,249,4.4,0.037,0.556,0.024,153.63,road,completed,2024-11-26
2085,IXD_BCN,FC_BCN2,SKU_0073,478,3.1,0.032,0.446,0.077,265.29,road,completed,2024-11-26
2086,1DC_MUC,IXD_PAR,SKU_0044,229,10.8,0.146,0.616,0.076,191.9,road,completed,2024-11-26
2087,IXD_PAR,FC_PAR1,SKU_0031,895,5.3,0.071,0.334,0.015,375.9,road,completed,2024-11-26
2088,RDC_FRA,IXD_PAR,SKU_0083,774,8.4,0.088,0.466,0.03,452.02,road,completed,2024-11-26
2089,IXD_MAD,FC_MAD1,SKU_0138,168,3.6,0.129,0.111,0.013,42.5,road,completed,2024-11-26
2090,IXD_BCN,FC_BCN2,SKU_0207,166,1.6,0.036,0.545,0.071,108.23,road,completed,2024-11-26
2091,IXD_BER,FC_BER1,SKU_0147,393,5.7,0.115,0.419,0.071,237.76,road,completed,2024-11-26
2092,IXD_BCN,FC_BCN2,SKU_0227,634,4.4,0.074,0.655,0.049,493.25,road,completed,2024-11-26
2093,1DC_BCN,IXD_PAR,SKU_0109,370,6.9,0.143,0.436,0.082,244.57,road,completed,2024-11-26
2094,1DC_CDG,IXD_PAR,SKU_0219,694,9.0,0.043,0.056,0.093,133.25,road,completed,2024-11-26
2095,IXD_BCN,FC_BCN2,SKU_0132,222,6.1,0.039,0.221,0.086,76.81,road,completed,2024-11-26
2096,1DC_BCN,IXD_BCN,SKU_0152,725,9.3,0.081,0.133,0.099,226.93,road,completed,2024-11-26
2097,RDC_LYS,IXD_PAR,SKU_0135,821,10.9,0.091,0.648,0.032,632.99,road,completed,2024-11-26
2098,IXD_PAR,FC_MUN1,SKU_0006,451,6.1,0.039,0.764,0.041,380.64,road,completed,2024-11-26
2099,IXD_BCN,FC_BCN1,SKU_0089,573,5.0,0.062,0.197,0.021,160.44,road,completed,2024-11-26
2100,RDC_FRA,IXD_PAR,SKU_0215,876,9.4,0.037,0.46,0.028,459.9,road,completed,2024-11-26
2101,IXD_PAR,FC_PAR1,SKU_0054,301,3.3,0.037,0.715,0.057,243.51,road,completed,2024-11-26
2102,1DC_MUC,IXD_PAR,SKU_0015,543,7.8,0.068,0.378,0.075,282.9,road,completed,2024-11-27
2103,IXD_MAD,FC_MAD2,SKU_0126,615,4.2,0.03,0.196,0.077,186.34,road,completed,2024-11-27
2104,IXD_BCN,FC_BCN2,SKU_0195,552,4.2,0.086,0.598,0.06,410.69,road,completed,2024-11-27
2105,IXD_BER,FC_BER1,SKU_0228,316,4.5,0.058,0.053,0.021,41.71,road,completed,2024-11-27
2106,1DC_BCN,IXD_BER,SKU_0135,643,7.7,0.061,0.74,0.047,545.26,road,completed,2024-11-27
2107,IXD_MAD,FC_MAD2,SKU_0209,567,4.2,0.089,0.533,0.044,377.62,road,completed,2024-11-27
2108,RDC_IBE,IXD_BCN,SKU_0027,42,8.1,0.081,0.246,0.028,14.91,road,completed,2024-11-27
2109,IXD_BCN,FC_BCN2,SKU_0194,524,2.2,0.043,0.759,0.079,461.64,road,completed,2024-11-27
2110,1DC_MUC,IXD_PAR,SKU_0047,486,8.7,0.094,0.357,0.086,260.98,road,completed,2024-11-27
2111,IXD_BER,FC_BER1,SKU_0220,447,4.1,0.074,0.238,0.036,155.56,road,completed,2024-11-27
2112,1DC_BCN,IXD_BCN,SKU_0056,865,6.6,0.084,0.368,0.043,428.18,road,completed,2024-11-27
2113,RDC_FRA,IXD_PAR,SKU_0041,863,9.2,0.039,0.171,0.065,237.33,road,completed,2024-11-27
2114,IXD_PAR,FC_MUN1,SKU_0164,328,5.2,0.129,0.718,0.084,305.37,road,completed,2024-11-27
2115,1DC_MAD,IXD_MAD,SKU_0174,273,9.1,0.145,0.782,0.073,273.0,road,completed,2024-11-27
2116,1DC_BCN,IXD_BCN,SKU_0150,407,7.4,0.101,0.576,0.014,281.24,road,completed,2024-11-27
2117,IXD_MAD,FC_MAD1,SKU_0111,517,3.8,0.117,0.184,0.011,161.3,road,completed,2024-11-27
2118,1DC_BCN,IXD_BCN,SKU_0056,394,10.6,0.057,0.355,0.057,184.79,road,completed,2024-11-27
2119,IXD_PAR,FC_PAR1,SKU_0155,164,4.4,0.089,0.204,0.053,56.74,road,completed,2024-11-27
2120,IXD_PAR,FC_PAR1,SKU_0126,212,4.6,0.084,0.763,0.062,192.71,road,completed,2024-11-27
2121,IXD_PAR,FC_PAR2,SKU_0070,599,5.1,0.121,0.376,0.033,317.47,road,completed,2024-11-27
2122,IXD_MAD,FC_MAD1,SKU_0176,431,4.5,0.118,0.725,0.018,371.09,road,completed,2024-11-27
2123,RDC_FRA,IXD_PAR,SKU_0125,112,8.6,0.076,0.489,0.098,74.26,road,completed,2024-11-27
2124,IXD_PAR,FC_PAR1,SKU_0080,209,2.8,0.1,0.21,0.085,82.56,road,completed,2024-11-27
2125,IXD_PAR,FC_PAR1,SKU_0011,31,2.5,0.067,0.489,0.069,19.38,road,completed,2024-11-27
2126,IXD_PAR,FC_PAR2,SKU_0241,760,2.9,0.086,0.137,0.014,180.12,road,completed,2024-11-27
2127,1DC_BCN,IXD_PAR,SKU_0247,110,4.0,0.076,0.082,0.014,18.92,road,completed,2024-11-27
2128,IXD_MAD,FC_MAD1,SKU_0037,271,2.5,0.107,0.344,0.053,136.58,road,completed,2024-11-27
2129,1DC_MUC,IXD_PAR,SKU_0033,658,7.1,0.098,0.452,0.062,402.7,road,completed,2024-11-27
2130,IXD_PAR,FC_MUN1,SKU_0156,607,5.7,0.066,0.138,0.079,171.78,road,completed,2024-11-27
2131,RDC_LYS,IXD_PAR,SKU_0071,447,9.1,0.129,0.562,0.09,349.11,road,completed,2024-11-27
2132,RDC_IBE,IXD_BCN,SKU_0223,561,5.7,0.117,0.351,0.014,270.4,road,completed,2024-11-27
2133,IXD_BCN,FC_BCN1,SKU_0028,789,3.6,0.081,0.211,0.081,294.3,road,completed,2024-11-27
2134,RDC_FRA,IXD_PAR,SKU_0131,94,10.8,0.059,0.687,0.094,78.96,road,completed,2024-11-27
2135,1DC_BCN,IXD_PAR,SKU_0019,595,8.9,0.075,0.471,0.022,337.96,road,completed,2024-11-27
2136,IXD_BCN,FC_BCN2,SKU_0064,334,5.2,0.064,0.431,0.039,178.36,road,completed,2024-11-27
2137,1DC_BCN,IXD_BCN,SKU_0122,375,8.8,0.147,0.665,0.016,310.5,road,completed,2024-11-27
2138,1DC_BCN,IXD_BCN,SKU_0117,394,7.7,0.11,0.294,0.059,182.42,road,completed,2024-11-27
2139,RDC_LYS,IXD_PAR,SKU_0039,503,9.5,0.143,0.068,0.086,149.39,road,completed,2024-11-27
2140,RDC_LYS,IXD_PAR,SKU_0050,553,5.1,0.109,0.229,0.063,221.75,road,completed,2024-11-27
2141,RDC_IBE,IXD_BCN,SKU_0211,266,8.6,0.09,0.143,0.091,86.18,road,completed,2024-11-27
2142,IXD_PAR,FC_MUN1,SKU_0229,688,4.1,0.089,0.218,0.023,227.04,road,completed,2024-11-28
2143,IXD_MAD,FC_MAD1,SKU_0055,191,3.5,0.145,0.545,0.045,140.38,road,completed,2024-11-28
2144,IXD_MAD,FC_MAD2,SKU_0097,505,6.0,0.063,0.159,0.084,154.53,road,completed,2024-11-28
2145,RDC_IBE,IXD_MAD,SKU_0041,453,8.1,0.064,0.409,0.055,239.18,road,completed,2024-11-28
2146,RDC_IBE,IXD_MAD,SKU_0057,332,8.5,0.075,0.63,0.093,264.94,road,completed,2024-11-28
2147,1DC_MAD,IXD_MAD,SKU_0035,173,7.6,0.109,0.298,0.019,73.7,road,completed,2024-11-28
2148,RDC_LYS,IXD_PAR,SKU_0079,718,8.0,0.128,0.214,0.066,292.94,road,completed,2024-11-28
2149,1DC_BCN,IXD_BCN,SKU_0184,781,11.7,0.099,0.798,0.023,718.52,road,completed,2024-11-28
2150,IXD_MAD,FC_MAD1,SKU_0029,851,5.2,0.148,0.317,0.064,450.18,road,completed,2024-11-28
2151,RDC_LYS,IXD_PAR,SKU_0036,545,6.9,0.114,0.221,0.013,189.66,road,completed,2024-11-28
2152,IXD_MAD,FC_MAD2,SKU_0197,288,3.7,0.033,0.642,0.026,201.89,road,completed,2024-11-28
2153,IXD_MAD,FC_MAD2,SKU_0114,469,3.7,0.094,0.673,0.035,376.14,road,completed,2024-11-28
2154,IXD_PAR,FC_PAR2,SKU_0070,808,3.9,0.063,0.279,0.081,341.78,road,completed,2024-11-28
2155,1DC_BCN,IXD_PAR,SKU_0126,170,7.2,0.081,0.191,0.081,60.01,road,completed,2024-11-28
2156,IXD_MAD,FC_MAD2,SKU_0137,238,4.7,0.075,0.567,0.067,168.74,road,completed,2024-11-28
2157,IXD_MAD,FC_MAD2,SKU_0139,368,6.1,0.041,0.777,0.028,311.33,road,completed,2024-11-28
2158,1DC_BCN,IXD_BCN,SKU_0222,418,8.1,0.133,0.365,0.041,225.3,road,completed,2024-11-28
2159,IXD_BER,FC_BER1,SKU_0114,380,4.6,0.131,0.076,0.053,98.8,road,completed,2024-11-28
2160,RDC_FRA,IXD_PAR,SKU_0093,657,7.2,0.057,0.222,0.091,243.09,road,completed,2024-11-28
2161,IXD_MAD,FC_MAD2,SKU_0102,190,2.3,0.123,0.54,0.043,134.14,road,completed,2024-11-28
2162,1DC_BCN,IXD_BCN,SKU_0053,363,8.6,0.121,0.091,0.076,104.54,road,completed,2024-11-28
2163,1DC_CDG,IXD_PAR,SKU_0020,258,7.2,0.083,0.666,0.022,198.92,road,completed,2024-11-28
2164,1DC_MAD,IXD_MAD,SKU_0009,105,10.1,0.146,0.455,0.026,65.83,road,completed,2024-11-28
2165,IXD_MAD,FC_MAD1,SKU_0199,60,3.8,0.145,0.348,0.045,32.28,road,completed,2024-11-28
2166,IXD_BER,FC_BER1,SKU_0059,20,4.0,0.105,0.36,0.036,10.02,road,completed,2024-11-28
2167,RDC_FRA,IXD_BER,SKU_0237,629,8.2,0.12,0.432,0.051,379.29,road,completed,2024-11-28
2168,RDC_FRA,IXD_BER,SKU_0148,193,6.7,0.099,0.771,0.018,171.38,road,completed,2024-11-28
2169,1DC_BCN,IXD_BCN,SKU_0159,558,6.7,0.067,0.537,0.057,368.84,road,completed,2024-11-28
2170,IXD_MAD,FC_MAD2,SKU_0004,855,3.2,0.083,0.193,0.066,292.41,road,completed,2024-11-28
2171,IXD_BER,FC_BER1,SKU_0218,532,3.6,0.119,0.193,0.072,204.29,road,completed,2024-11-28
2172,1DC_MAD,IXD_MAD,SKU_0179,103,9.8,0.121,0.686,0.085,91.88,road,completed,2024-11-28
2173,1DC_MAD,IXD_MAD,SKU_0044,262,6.5,0.102,0.763,0.092,250.73,road,completed,2024-11-28
2174,1DC_BCN,IXD_BCN,SKU_0170,591,7.6,0.112,0.133,0.017,154.84,road,completed,2024-11-28
2175,IXD_BCN,FC_BCN2,SKU_0076,868,4.9,0.114,0.552,0.033,606.73,road,completed,2024-11-28
2176,IXD_BER,FC_BER1,SKU_0155,170,4.6,0.075,0.751,0.053,149.43,road,completed,2024-11-28
2177,IXD_MAD,FC_MAD1,SKU_0150,39,5.5,0.036,0.061,0.035,5.15,road,completed,2024-11-28
2178,1DC_BCN,IXD_BCN,SKU_0048,184,6.4,0.129,0.428,0.087,118.5,road,completed,2024-11-28
2179,RDC_LYS,IXD_PAR,SKU_0234,596,9.7,0.04,0.571,0.034,384.42,road,completed,2024-11-28
2180,RDC_IBE,IXD_MAD,SKU_0226,866,9.9,0.097,0.447,0.069,530.86,road,completed,2024-11-29
2181,RDC_IBE,IXD_MAD,SKU_0196,184,8.7,0.105,0.056,0.089,46.0,road,completed,2024-11-29
2182,1DC_CDG,IXD_PAR,SKU_0129,873,9.0,0.081,0.374,0.079,466.18,road,completed,2024-11-29
2183,IXD_BCN,FC_BCN1,SKU_0038,784,3.0,0.149,0.469,0.067,537.04,road,completed,2024-11-29
2184,1DC_MAD,IXD_MAD,SKU_0018,149,10.1,0.041,0.123,0.043,30.84,road,completed,2024-11-29
2185,RDC_IBE,IXD_BCN,SKU_0235,444,6.2,0.147,0.689,0.064,399.6,road,completed,2024-11-29
2186,IXD_PAR,FC_PAR1,SKU_0174,46,3.6,0.049,0.075,0.049,7.96,road,completed,2024-11-29
2187,IXD_PAR,FC_MUN1,SKU_0217,456,6.2,0.11,0.231,0.097,199.73,road,completed,2024-11-29
2188,IXD_BCN,FC_BCN1,SKU_0086,225,6.1,0.125,0.582,0.035,166.95,road,completed,2024-11-29
2189,1DC_MAD,IXD_MAD,SKU_0099,354,9.6,0.119,0.229,0.053,141.95,road,completed,2024-11-29
2190,IXD_PAR,FC_PAR1,SKU_0199,730,5.0,0.032,0.758,0.083,637.29,road,completed,2024-11-29
2191,1DC_MAD,IXD_MAD,SKU_0210,150,10.5,0.147,0.394,0.097,95.7,road,completed,2024-11-29
2192,IXD_BCN,FC_BCN1,SKU_0233,336,5.4,0.092,0.112,0.094,100.13,road,completed,2024-11-29
2193,RDC_LYS,IXD_PAR,SKU_0107,29,5.4,0.126,0.105,0.017,7.19,road,completed,2024-11-29
2194,IXD_PAR,FC_MUN1,SKU_0058,773,5.7,0.086,0.164,0.09,262.82,road,completed,2024-11-29
2195,IXD_PAR,FC_PAR2,SKU_0096,578,4.3,0.061,0.231,0.029,185.54,road,completed,2024-11-29
2196,IXD_BCN,FC_BCN2,SKU_0212,53,4.8,0.092,0.468,0.019,30.69,road,completed,2024-11-29
2197,IXD_MAD,FC_MAD1,SKU_0211,472,4.6,0.097,0.145,0.099,160.95,road,completed,2024-11-29
2198,1DC_MAD,IXD_MAD,SKU_0174,894,10.8,0.07,0.372,0.029,421.07,road,completed,2024-11-29
2199,1DC_MAD,IXD_MAD,SKU_0059,864,6.0,0.065,0.621,0.023,612.58,road,completed,2024-11-29
2200,RDC_LYS,IXD_PAR,SKU_0005,144,8.4,0.126,0.194,0.01,47.52,road,completed,2024-11-29
2201,IXD_BER,FC_BER1,SKU_0201,365,5.2,0.121,0.389,0.011,190.17,road,completed,2024-11-29
2202,1DC_BCN,IXD_BER,SKU_0162,673,11.0,0.088,0.229,0.026,230.84,road,completed,2024-11-29
2203,IXD_BCN,FC_BCN1,SKU_0061,651,7.5,0.094,0.434,0.061,383.44,road,completed,2024-11-29
2204,1DC_MAD,IXD_MAD,SKU_0064,741,10.2,0.061,0.374,0.057,364.57,road,completed,2024-11-29
2205,IXD_MAD,FC_MAD1,SKU_0171,768,5.2,0.097,0.269,0.06,327.17,road,completed,2024-11-29
2206,RDC_IBE,IXD_BCN,SKU_0115,866,10.1,0.149,0.576,0.02,645.17,road,completed,2024-11-29
2207,IXD_PAR,FC_PAR1,SKU_0245,840,2.5,0.126,0.332,0.068,441.84,road,completed,2024-11-29
2208,IXD_PAR,FC_PAR2,SKU_0097,455,3.5,0.049,0.375,0.064,222.04,road,completed,2024-11-29
2209,RDC_IBE,IXD_BCN,SKU_0141,183,10.0,0.087,0.756,0.073,167.63,road,completed,2024-11-29
2210,IXD_BER,FC_BER1,SKU_0184,577,5.0,0.126,0.401,0.032,322.54,road,completed,2024-11-29
2211,IXD_PAR,FC_PAR1,SKU_0172,591,6.2,0.15,0.081,0.02,148.34,road,completed,2024-11-29
2212,1DC_BCN,IXD_BER,SKU_0093,183,10.9,0.093,0.226,0.022,62.4,road,completed,2024-11-30
2213,1DC_CDG,IXD_PAR,SKU_0225,790,8.0,0.036,0.266,0.077,299.41,road,completed,2024-11-30
2214,IXD_MAD,FC_MAD2,SKU_0041,88,2.8,0.148,0.657,0.084,78.23,road,completed,2024-11-30
2215,IXD_MAD,FC_MAD1,SKU_0204,526,2.2,0.085,0.463,0.09,335.59,road,completed,2024-11-30
2216,RDC_IBE,IXD_BCN,SKU_0185,784,8.9,0.053,0.087,0.081,173.26,road,completed,2024-11-30
2217,1DC_BCN,IXD_PAR,SKU_0185,48,8.6,0.106,0.148,0.018,13.06,road,completed,2024-11-30
2218,RDC_LYS,IXD_PAR,SKU_0047,272,7.2,0.133,0.509,0.043,186.32,road,completed,2024-11-30
2219,IXD_BCN,FC_BCN1,SKU_0214,185,4.0,0.088,0.468,0.015,105.63,road,completed,2024-11-30
2220,1DC_MAD,IXD_MAD,SKU_0153,567,7.7,0.095,0.374,0.05,294.27,road,completed,2024-11-30
2221,IXD_BER,FC_BER1,SKU_0181,463,4.9,0.047,0.509,0.072,290.76,road,completed,2024-11-30
2222,IXD_BCN,FC_BCN1,SKU_0083,84,3.5,0.149,0.289,0.088,44.18,road,completed,2024-11-30
2223,IXD_MAD,FC_MAD2,SKU_0010,299,4.4,0.05,0.538,0.081,200.03,road,completed,2024-12-01
2224,IXD_BCN,FC_BCN2,SKU_0037,261,2.5,0.126,0.446,0.082,170.69,road,completed,2024-12-01
2225,1DC_BCN,IXD_BCN,SKU_0146,562,8.0,0.071,0.734,0.015,460.84,road,completed,2024-12-01
2226,IXD_MAD,FC_MAD2,SKU_0161,506,2.2,0.092,0.541,0.027,333.96,road,completed,2024-12-01
2227,IXD_PAR,FC_PAR2,SKU_0243,680,5.3,0.144,0.777,0.069,673.2,road,completed,2024-12-01
2228,RDC_FRA,IXD_BER,SKU_0247,422,9.1,0.147,0.092,0.067,129.13,road,completed,2024-12-01
2229,IXD_BCN,FC_BCN1,SKU_0009,476,4.8,0.06,0.228,0.046,158.98,road,completed,2024-12-01
2230,RDC_IBE,IXD_BCN,SKU_0024,464,9.6,0.082,0.387,0.065,247.78,road,completed,2024-12-01
2231,IXD_PAR,FC_PAR1,SKU_0165,461,2.1,0.033,0.302,0.063,183.48,road,completed,2024-12-01
2232,RDC_IBE,IXD_MAD,SKU_0150,613,7.7,0.147,0.251,0.074,289.34,road,completed,2024-12-01
2233,IXD_BCN,FC_BCN2,SKU_0022,392,8.1,0.104,0.19,0.06,138.77,road,completed,2024-12-01
2234,IXD_MAD,FC_MAD1,SKU_0168,197,4.9,0.14,0.384,0.037,110.52,road,completed,2024-12-02
2235,IXD_BCN,FC_BCN2,SKU_0185,373,5.0,0.15,0.768,0.014,347.64,road,completed,2024-12-02
2236,IXD_BCN,FC_BCN1,SKU_0099,45,4.1,0.032,0.534,0.074,28.8,road,completed,2024-12-02
2237,1DC_BCN,IXD_BER,SKU_0234,446,9.6,0.098,0.143,0.094,149.41,road,completed,2024-12-02
2238,1DC_MAD,IXD_MAD,SKU_0097,225,7.8,0.051,0.073,0.07,43.65,road,completed,2024-12-02
2239,1DC_MAD,IXD_MAD,SKU_0190,797,11.1,0.076,0.258,0.083,332.35,road,completed,2024-12-02
2240,IXD_BCN,FC_BCN2,SKU_0078,619,5.5,0.042,0.296,0.024,224.08,road,completed,2024-12-02
2241,RDC_FRA,IXD_BER,SKU_0084,646,8.2,0.043,0.36,0.037,284.24,road,completed,2024-12-02
2242,IXD_BCN,FC_BCN1,SKU_0177,866,2.3,0.083,0.571,0.065,622.65,road,completed,2024-12-02
2243,IXD_BCN,FC_BCN1,SKU_0005,705,3.0,0.118,0.457,0.098,474.47,road,completed,2024-12-02
2244,IXD_MAD,FC_MAD1,SKU_0113,896,4.3,0.114,0.448,0.025,525.95,road,completed,2024-12-02
2245,IXD_MAD,FC_MAD1,SKU_0234,583,4.1,0.1,0.575,0.016,402.85,road,completed,2024-12-02
2246,RDC_FRA,IXD_PAR,SKU_0105,519,7.6,0.07,0.785,0.083,486.82,road,completed,2024-12-02
2247,1DC_BCN,IXD_BCN,SKU_0216,135,9.7,0.112,0.609,0.066,106.25,road,completed,2024-12-02
2248,IXD_BER,FC_BER1,SKU_0204,680,2.0,0.113,0.357,0.013,328.44,road,completed,2024-12-02
2249,IXD_BER,FC_BER1,SKU_0102,91,4.7,0.047,0.377,0.022,40.59,road,completed,2024-12-02
2250,IXD_BER,FC_BER1,SKU_0017,164,4.3,0.125,0.698,0.055,143.99,road,completed,2024-12-02
2251,1DC_BCN,IXD_BCN,SKU_0098,131,8.0,0.124,0.662,0.035,107.55,road,completed,2024-12-02
2252,IXD_MAD,FC_MAD1,SKU_0128,313,2.7,0.071,0.142,0.048,81.69,road,completed,2024-12-02
2253,IXD_BCN,FC_BCN2,SKU_0231,814,5.1,0.095,0.531,0.034,537.24,road,completed,2024-12-02
2254,1DC_BCN,IXD_BER,SKU_0233,364,7.0,0.128,0.609,0.068,293.02,road,completed,2024-12-02
2255,1DC_BCN,IXD_PAR,SKU_0157,115,5.0,0.084,0.25,0.02,40.71,road,completed,2024-12-02
2256,RDC_IBE,IXD_BCN,SKU_0157,61,9.9,0.09,0.597,0.036,44.1,road,completed,2024-12-02
2257,IXD_MAD,FC_MAD2,SKU_0163,667,3.8,0.117,0.176,0.067,240.12,road,completed,2024-12-02
2258,1DC_MAD,IXD_MAD,SKU_0199,246,9.8,0.061,0.071,0.056,46.25,road,completed,2024-12-02
2259,IXD_MAD,FC_MAD1,SKU_0242,151,3.9,0.043,0.492,0.031,85.47,road,completed,2024-12-02
2260,1DC_MUC,IXD_PAR,SKU_0035,190,9.4,0.144,0.283,0.027,86.26,road,completed,2024-12-02
2261,RDC_IBE,IXD_MAD,SKU_0021,391,8.0,0.135,0.283,0.084,196.28,road,completed,2024-12-02
2262,1DC_BCN,IXD_PAR,SKU_0066,658,8.2,0.122,0.547,0.095,502.71,road,completed,2024-12-02
2263,RDC_IBE,IXD_MAD,SKU_0203,747,6.2,0.142,0.063,0.069,204.68,road,completed,2024-12-02
2264,1DC_MUC,IXD_PAR,SKU_0150,370,9.4,0.121,0.175,0.056,130.24,road,completed,2024-12-02
2265,RDC_LYS,IXD_PAR,SKU_0238,153,7.6,0.13,0.548,0.061,113.07,road,completed,2024-12-02
2266,IXD_PAR,FC_MUN1,SKU_0052,98,5.2,0.138,0.247,0.099,47.43,road,completed,2024-12-02
2267,IXD_PAR,FC_MUN1,SKU_0214,307,4.0,0.051,0.213,0.089,108.37,road,completed,2024-12-02
2268,RDC_IBE,IXD_MAD,SKU_0214,791,10.0,0.088,0.712,0.048,670.77,road,completed,2024-12-02
2269,1DC_MAD,IXD_MAD,SKU_0193,604,9.6,0.048,0.254,0.017,192.68,road,completed,2024-12-02
2270,1DC_BCN,IXD_BER,SKU_0216,542,9.1,0.08,0.646,0.094,444.44,road,completed,2024-12-02
2271,RDC_IBE,IXD_MAD,SKU_0235,551,8.2,0.043,0.481,0.089,337.76,road,completed,2024-12-03
2272,IXD_BCN,FC_BCN1,SKU_0126,173,7.1,0.097,0.791,0.049,162.1,road,completed,2024-12-03
2273,RDC_LYS,IXD_PAR,SKU_0170,362,10.1,0.081,0.713,0.031,298.65,road,completed,2024-12-03
2274,1DC_BCN,IXD_BCN,SKU_0205,173,5.6,0.04,0.102,0.022,28.37,road,completed,2024-12-03
2275,IXD_PAR,FC_MUN1,SKU_0082,259,5.2,0.111,0.692,0.094,232.32,road,completed,2024-12-03
2276,1DC_CDG,IXD_PAR,SKU_0174,115,7.8,0.081,0.677,0.059,93.95,road,completed,2024-12-03
2277,IXD_BCN,FC_BCN2,SKU_0199,751,2.0,0.138,0.539,0.02,523.45,road,completed,2024-12-03
2278,RDC_LYS,IXD_PAR,SKU_0146,267,8.8,0.065,0.759,0.065,237.36,road,completed,2024-12-03
2279,IXD_MAD,FC_MAD1,SKU_0106,836,4.1,0.134,0.519,0.046,584.36,road,completed,2024-12-03
2280,IXD_BCN,FC_BCN2,SKU_0211,440,4.1,0.075,0.077,0.014,73.04,road,completed,2024-12-03
2281,1DC_BCN,IXD_BCN,SKU_0016,883,7.8,0.126,0.223,0.06,361.15,road,completed,2024-12-03
2282,IXD_BER,FC_BER1,SKU_0083,387,2.7,0.137,0.506,0.099,287.15,road,completed,2024-12-03
2283,IXD_PAR,FC_PAR2,SKU_0043,600,1.6,0.035,0.249,0.069,211.8,road,completed,2024-12-03
2284,IXD_BER,FC_BER1,SKU_0019,495,2.7,0.111,0.697,0.095,446.99,road,completed,2024-12-03
2285,IXD_MAD,FC_MAD2,SKU_0039,836,5.2,0.088,0.308,0.063,383.72,road,completed,2024-12-03
2286,IXD_BCN,FC_BCN1,SKU_0242,215,2.7,0.045,0.629,0.073,160.6,road,completed,2024-12-03
2287,1DC_BCN,IXD_BCN,SKU_0008,640,10.4,0.102,0.503,0.026,403.84,road,completed,2024-12-03
2288,IXD_MAD,FC_MAD1,SKU_0134,462,5.9,0.042,0.193,0.039,126.59,road,completed,2024-12-03
2289,IXD_BCN,FC_BCN1,SKU_0120,724,5.3,0.04,0.72,0.018,563.27,road,completed,2024-12-03
2290,IXD_BCN,FC_BCN1,SKU_0184,369,5.1,0.091,0.506,0.065,244.28,road,completed,2024-12-03
2291,1DC_BCN,IXD_BER,SKU_0134,693,6.8,0.066,0.237,0.075,261.95,road,completed,2024-12-03
2292,1DC_BCN,IXD_BER,SKU_0159,447,6.4,0.137,0.592,0.014,332.12,road,completed,2024-12-03
2293,IXD_MAD,FC_MAD2,SKU_0060,420,5.9,0.054,0.635,0.071,319.2,road,completed,2024-12-03
2294,IXD_PAR,FC_PAR2,SKU_0239,790,4.7,0.07,0.571,0.085,573.54,road,completed,2024-12-03
2295,IXD_BCN,FC_BCN1,SKU_0127,573,2.3,0.057,0.628,0.057,425.17,road,completed,2024-12-03
2296,RDC_FRA,IXD_BER,SKU_0075,729,9.2,0.062,0.631,0.042,535.81,road,completed,2024-12-03
2297,IXD_PAR,FC_PAR2,SKU_0090,247,2.9,0.038,0.718,0.094,209.95,road,completed,2024-12-03
2298,IXD_BER,FC_BER1,SKU_0245,592,2.7,0.132,0.187,0.039,211.94,road,completed,2024-12-03
2299,IXD_BCN,FC_BCN2,SKU_0134,629,3.0,0.146,0.182,0.044,233.99,road,completed,2024-12-03
2300,1DC_MAD,IXD_MAD,SKU_0174,435,7.0,0.128,0.476,0.035,277.97,road,completed,2024-12-03
2301,1DC_CDG,IXD_PAR,SKU_0017,702,10.7,0.14,0.712,0.06,640.22,road,completed,2024-12-03
2302,IXD_BER,FC_BER1,SKU_0135,897,3.6,0.051,0.652,0.042,668.26,road,completed,2024-12-03
2303,RDC_IBE,IXD_MAD,SKU_0215,851,10.4,0.117,0.661,0.035,691.86,road,completed,2024-12-04
2304,1DC_MAD,IXD_MAD,SKU_0009,553,8.2,0.117,0.152,0.089,197.97,road,completed,2024-12-04
2305,RDC_LYS,IXD_PAR,SKU_0158,470,5.3,0.043,0.61,0.038,324.77,road,completed,2024-12-04
2306,RDC_IBE,IXD_BCN,SKU_0013,172,9.7,0.099,0.137,0.07,52.63,road,completed,2024-12-04
2307,RDC_IBE,IXD_BCN,SKU_0225,602,6.6,0.066,0.141,0.084,175.18,road,completed,2024-12-04
2308,1DC_CDG,IXD_PAR,SKU_0146,199,9.4,0.065,0.328,0.019,81.99,road,completed,2024-12-04
2309,IXD_BCN,FC_BCN1,SKU_0227,736,3.6,0.131,0.389,0.071,434.98,road,completed,2024-12-04
2310,IXD_MAD,FC_MAD1,SKU_0160,85,5.4,0.134,0.217,0.037,32.98,road,completed,2024-12-04
2311,IXD_PAR,FC_MUN1,SKU_0119,444,4.7,0.047,0.767,0.035,376.96,road,completed,2024-12-04
2312,IXD_BER,FC_BER1,SKU_0156,233,6.0,0.085,0.138,0.079,70.37,road,completed,2024-12-04
2313,RDC_FRA,IXD_PAR,SKU_0019,683,7.3,0.1,0.56,0.022,465.81,road,completed,2024-12-04
2314,1DC_BCN,IXD_BCN,SKU_0104,778,7.4,0.132,0.268,0.058,356.32,road,completed,2024-12-04
2315,IXD_MAD,FC_MAD2,SKU_0094,697,3.9,0.083,0.34,0.071,344.32,road,completed,2024-12-04
2316,IXD_PAR,FC_PAR2,SKU_0050,119,6.6,0.074,0.596,0.026,82.82,road,completed,2024-12-04
2317,IXD_BER,FC_BER1,SKU_0071,347,5.6,0.079,0.765,0.036,305.36,road,completed,2024-12-04
2318,RDC_IBE,IXD_MAD,SKU_0053,187,9.1,0.119,0.749,0.017,165.5,road,completed,2024-12-04
2319,RDC_FRA,IXD_BER,SKU_0057,261,8.1,0.147,0.594,0.066,210.63,road,completed,2024-12-04
2320,IXD_BCN,FC_BCN1,SKU_0111,23,6.4,0.076,0.742,0.05,19.96,road,completed,2024-12-04
2321,RDC_LYS,IXD_PAR,SKU_0121,156,5.3,0.065,0.633,0.094,123.55,road,completed,2024-12-04
2322,RDC_IBE,IXD_BCN,SKU_0132,509,7.0,0.042,0.749,0.094,450.47,road,completed,2024-12-04
2323,IXD_BCN,FC_BCN1,SKU_0143,103,2.6,0.068,0.574,0.024,68.6,road,completed,2024-12-04
2324,1DC_BCN,IXD_PAR,SKU_0019,387,8.4,0.069,0.061,0.067,76.24,road,completed,2024-12-04
2325,IXD_MAD,FC_MAD2,SKU_0022,891,3.1,0.15,0.229,0.013,349.27,road,completed,2024-12-04
2326,IXD_BCN,FC_BCN1,SKU_0216,275,4.4,0.053,0.179,0.056,79.2,road,completed,2024-12-04
2327,IXD_BCN,FC_BCN2,SKU_0145,657,1.2,0.142,0.11,0.019,178.05,road,completed,2024-12-04
2328,1DC_BCN,IXD_BCN,SKU_0007,506,8.7,0.041,0.615,0.064,364.32,road,completed,2024-12-04
2329,IXD_BER,FC_BER1,SKU_0230,132,5.6,0.099,0.492,0.097,90.82,road,completed,2024-12-04
2330,1DC_BCN,IXD_PAR,SKU_0098,197,7.1,0.121,0.098,0.082,59.3,road,completed,2024-12-04
2331,IXD_BER,FC_BER1,SKU_0149,524,5.0,0.035,0.384,0.094,268.81,road,completed,2024-12-05
2332,RDC_IBE,IXD_BCN,SKU_0116,94,6.8,0.04,0.316,0.08,40.98,road,completed,2024-12-05
2333,1DC_BCN,IXD_PAR,SKU_0156,883,5.6,0.078,0.165,0.03,241.06,road,completed,2024-12-05
2334,IXD_BER,FC_BER1,SKU_0053,871,4.0,0.048,0.679,0.023,653.25,road,completed,2024-12-05
2335,IXD_PAR,FC_MUN1,SKU_0189,114,5.9,0.129,0.425,0.035,67.15,road,completed,2024-12-05
2336,IXD_PAR,FC_PAR2,SKU_0139,376,5.9,0.045,0.356,0.021,158.67,road,completed,2024-12-05
2337,IXD_BER,FC_BER1,SKU_0225,274,3.0,0.086,0.13,0.034,68.5,road,completed,2024-12-05
2338,IXD_PAR,FC_MUN1,SKU_0026,737,3.3,0.133,0.506,0.086,534.32,road,completed,2024-12-05
2339,RDC_FRA,IXD_PAR,SKU_0249,766,6.8,0.047,0.318,0.056,322.49,road,completed,2024-12-05
2340,1DC_MAD,IXD_MAD,SKU_0152,523,10.2,0.056,0.426,0.092,300.2,road,completed,2024-12-05
2341,1DC_CDG,IXD_PAR,SKU_0031,343,7.1,0.038,0.732,0.022,271.66,road,completed,2024-12-05
2342,1DC_BCN,IXD_BER,SKU_0002,621,8.2,0.093,0.163,0.054,192.51,road,completed,2024-12-05
2343,IXD_BER,FC_BER1,SKU_0049,641,1.6,0.098,0.47,0.029,382.68,road,completed,2024-12-05
2344,IXD_PAR,FC_MUN1,SKU_0184,661,3.3,0.126,0.366,0.086,382.06,road,completed,2024-12-05
2345,RDC_LYS,IXD_PAR,SKU_0112,696,7.7,0.08,0.388,0.029,345.91,road,completed,2024-12-05
2346,IXD_BCN,FC_BCN2,SKU_0237,156,4.6,0.046,0.556,0.071,104.99,road,completed,2024-12-05
2347,IXD_MAD,FC_MAD2,SKU_0010,488,2.8,0.039,0.606,0.077,352.34,road,completed,2024-12-05
2348,IXD_MAD,FC_MAD1,SKU_0103,466,3.9,0.133,0.281,0.049,215.76,road,completed,2024-12-05
2349,IXD_PAR,FC_PAR2,SKU_0065,140,5.8,0.058,0.581,0.046,95.9,road,completed,2024-12-05
2350,1DC_BCN,IXD_BER,SKU_0186,177,6.2,0.047,0.278,0.021,61.24,road,completed,2024-12-05
2351,IXD_PAR,FC_PAR2,SKU_0002,635,2.1,0.101,0.107,0.033,153.03,road,completed,2024-12-05
2352,IXD_BCN,FC_BCN1,SKU_0142,93,5.5,0.071,0.495,0.077,59.8,road,completed,2024-12-05
2353,1DC_BCN,IXD_BCN,SKU_0165,428,9.1,0.131,0.562,0.023,306.45,road,completed,2024-12-05
2354,IXD_MAD,FC_MAD2,SKU_0083,42,2.7,0.106,0.207,0.096,17.18,road,completed,2024-12-06
2355,RDC_FRA,IXD_BER,SKU_0250,182,10.6,0.088,0.256,0.045,70.8,road,completed,2024-12-06
2356,IXD_MAD,FC_MAD1,SKU_0220,76,2.4,0.055,0.389,0.04,36.78,road,completed,2024-12-06
2357,IXD_PAR,FC_PAR1,SKU_0135,514,5.6,0.132,0.091,0.023,126.44,road,completed,2024-12-06
2358,IXD_BCN,FC_BCN1,SKU_0164,831,6.3,0.075,0.081,0.012,139.61,road,completed,2024-12-06
2359,IXD_PAR,FC_MUN1,SKU_0028,401,5.0,0.093,0.421,0.039,221.75,road,completed,2024-12-06
2360,IXD_MAD,FC_MAD1,SKU_0186,43,2.8,0.063,0.125,0.078,11.44,road,completed,2024-12-06
2361,RDC_LYS,IXD_PAR,SKU_0117,359,7.2,0.089,0.361,0.038,175.19,road,completed,2024-12-06
2362,1DC_BCN,IXD_BER,SKU_0222,814,7.9,0.097,0.14,0.045,229.55,road,completed,2024-12-06
2363,IXD_MAD,FC_MAD1,SKU_0184,83,3.7,0.133,0.625,0.046,66.73,road,completed,2024-12-06
2364,IXD_PAR,FC_PAR1,SKU_0021,624,6.4,0.131,0.088,0.068,179.09,road,completed,2024-12-06
2365,1DC_MAD,IXD_MAD,SKU_0110,717,8.5,0.147,0.298,0.074,372.12,road,completed,2024-12-06
2366,RDC_FRA,IXD_PAR,SKU_0108,404,9.2,0.063,0.588,0.077,294.11,road,completed,2024-12-06
2367,1DC_BCN,IXD_PAR,SKU_0218,329,9.3,0.093,0.602,0.058,247.74,road,completed,2024-12-06
2368,IXD_BER,FC_BER1,SKU_0247,766,2.9,0.042,0.356,0.024,323.25,road,completed,2024-12-06
2369,RDC_IBE,IXD_BCN,SKU_0218,616,6.9,0.057,0.56,0.058,415.8,road,completed,2024-12-06
2370,IXD_PAR,FC_PAR2,SKU_0071,112,4.4,0.091,0.371,0.011,52.98,road,completed,2024-12-06
2371,IXD_PAR,FC_PAR1,SKU_0079,505,4.8,0.126,0.454,0.061,323.7,road,completed,2024-12-06
2372,1DC_BCN,IXD_BCN,SKU_0230,637,8.9,0.036,0.737,0.023,507.05,road,completed,2024-12-06
2373,IXD_MAD,FC_MAD2,SKU_0187,737,4.1,0.069,0.411,0.035,379.56,road,completed,2024-12-06
2374,1DC_BCN,IXD_PAR,SKU_0151,243,10.3,0.117,0.747,0.016,213.84,road,completed,2024-12-06
2375,IXD_PAR,FC_PAR2,SKU_0059,363,3.1,0.056,0.151,0.098,110.72,road,completed,2024-12-06
2376,RDC_IBE,IXD_BCN,SKU_0221,454,6.5,0.145,0.084,0.061,131.66,road,completed,2024-12-06
2377,IXD_BER,FC_BER1,SKU_0201,796,5.2,0.14,0.083,0.088,247.56,road,completed,2024-12-07
2378,1DC_BCN,IXD_BCN,SKU_0132,581,7.9,0.038,0.108,0.021,97.03,road,completed,2024-12-07
2379,1DC_MAD,IXD_MAD,SKU_0024,387,9.6,0.034,0.636,0.089,293.73,road,completed,2024-12-07
2380,IXD_PAR,FC_PAR2,SKU_0224,833,4.0,0.148,0.568,0.07,654.74,road,completed,2024-12-07
2381,IXD_BCN,FC_BCN2,SKU_0017,73,4.9,0.067,0.318,0.089,34.6,road,completed,2024-12-07
2382,IXD_PAR,FC_MUN1,SKU_0075,768,1.0,0.033,0.762,0.066,661.25,road,completed,2024-12-07
2383,IXD_PAR,FC_PAR1,SKU_0040,409,5.5,0.033,0.578,0.02,258.08,road,completed,2024-12-07
2384,IXD_PAR,FC_PAR2,SKU_0188,777,1.0,0.134,0.415,0.083,491.06,road,completed,2024-12-07
2385,RDC_IBE,IXD_BCN,SKU_0033,191,11.6,0.055,0.277,0.06,74.87,road,completed,2024-12-07
2386,IXD_MAD,FC_MAD2,SKU_0109,536,6.0,0.074,0.741,0.041,458.82,road,completed,2024-12-08
2387,IXD_PAR,FC_MUN1,SKU_0211,848,4.4,0.142,0.692,0.041,742.0,road,completed,2024-12-08
2388,RDC_FRA,IXD_PAR,SKU_0211,78,8.0,0.114,0.263,0.096,36.89,road,completed,2024-12-08
2389,1DC_MAD,IXD_MAD,SKU_0182,574,9.2,0.041,0.12,0.014,100.45,road,completed,2024-12-08
2390,RDC_FRA,IXD_BER,SKU_0158,722,8.6,0.117,0.713,0.067,647.63,road,completed,2024-12-08
2391,1DC_BCN,IXD_BCN,SKU_0098,115,10.9,0.069,0.127,0.091,33.0,road,completed,2024-12-08
2392,1DC_BCN,IXD_BCN,SKU_0127,284,6.5,0.112,0.143,0.024,79.24,road,completed,2024-12-08
2393,IXD_BCN,FC_BCN1,SKU_0238,649,1.9,0.141,0.634,0.013,511.41,road,completed,2024-12-08
2394,IXD_PAR,FC_MUN1,SKU_0217,720,2.4,0.073,0.64,0.04,542.16,road,completed,2024-12-08
2395,1DC_MAD,IXD_MAD,SKU_0148,720,11.5,0.064,0.362,0.09,371.52,road,completed,2024-12-08
2396,IXD_BCN,FC_BCN2,SKU_0214,365,1.4,0.104,0.574,0.099,283.61,road,completed,2024-12-09
2397,IXD_BCN,FC_BCN1,SKU_0031,636,4.7,0.117,0.743,0.013,555.23,road,completed,2024-12-09
2398,1DC_MUC,IXD_PAR,SKU_0092,405,9.5,0.045,0.68,0.086,328.46,road,completed,2024-12-09
2399,IXD_MAD,FC_MAD1,SKU_0188,119,4.1,0.037,0.123,0.087,29.39,road,completed,2024-12-09
2400,IXD_BCN,FC_BCN1,SKU_0208,54,4.0,0.144,0.257,0.054,24.57,road,completed,2024-12-09
2401,IXD_PAR,FC_MUN1,SKU_0171,659,4.1,0.119,0.465,0.06,424.4,road,completed,2024-12-09
2402,1DC_BCN,IXD_PAR,SKU_0109,320,10.0,0.148,0.517,0.095,243.2,road,completed,2024-12-09
2403,IXD_BCN,FC_BCN1,SKU_0168,179,5.0,0.138,0.511,0.049,124.94,road,completed,2024-12-09
2404,RDC_IBE,IXD_MAD,SKU_0073,808,9.9,0.044,0.683,0.05,627.82,road,completed,2024-12-09
2405,IXD_MAD,FC_MAD2,SKU_0052,309,3.9,0.125,0.12,0.083,101.35,road,completed,2024-12-09
2406,1DC_BCN,IXD_BCN,SKU_0014,258,6.4,0.128,0.774,0.014,236.33,road,completed,2024-12-09
2407,RDC_IBE,IXD_MAD,SKU_0247,683,5.5,0.125,0.678,0.098,615.38,road,completed,2024-12-09
2408,IXD_MAD,FC_MAD2,SKU_0073,522,2.9,0.078,0.469,0.04,306.41,road,completed,2024-12-09
2409,IXD_MAD,FC_MAD1,SKU_0185,229,5.1,0.075,0.487,0.072,145.19,road,completed,2024-12-09
2410,IXD_MAD,FC_MAD2,SKU_0173,101,6.7,0.046,0.364,0.081,49.59,road,completed,2024-12-09
2411,IXD_BER,FC_BER1,SKU_0241,70,3.5,0.082,0.682,0.029,55.51,road,completed,2024-12-09
2412,RDC_IBE,IXD_MAD,SKU_0089,322,10.7,0.098,0.327,0.035,148.12,road,completed,2024-12-09
2413,IXD_MAD,FC_MAD1,SKU_0219,591,4.9,0.051,0.156,0.047,150.11,road,completed,2024-12-09
2414,RDC_IBE,IXD_MAD,SKU_0010,83,6.6,0.137,0.166,0.088,32.45,road,completed,2024-12-09
2415,1DC_BCN,IXD_BCN,SKU_0122,505,7.5,0.044,0.314,0.027,194.43,road,completed,2024-12-09
2416,RDC_FRA,IXD_PAR,SKU_0029,744,7.3,0.049,0.099,0.041,140.62,road,completed,2024-12-09
2417,RDC_IBE,IXD_BCN,SKU_0210,463,8.6,0.119,0.714,0.048,407.9,road,completed,2024-12-09
2418,RDC_FRA,IXD_PAR,SKU_0121,214,9.9,0.074,0.224,0.012,66.34,road,completed,2024-12-09
2419,IXD_MAD,FC_MAD2,SKU_0198,574,2.4,0.092,0.627,0.028,428.78,road,completed,2024-12-09
2420,RDC_LYS,IXD_PAR,SKU_0037,250,11.2,0.134,0.334,0.05,129.5,road,completed,2024-12-09
2421,1DC_MUC,IXD_PAR,SKU_0120,759,8.7,0.089,0.506,0.033,476.65,road,completed,2024-12-09
2422,1DC_MAD,IXD_MAD,SKU_0094,443,9.2,0.038,0.071,0.028,60.69,road,completed,2024-12-09
2423,1DC_MAD,IXD_MAD,SKU_0199,653,11.0,0.15,0.275,0.022,291.89,road,completed,2024-12-09
2424,1DC_MAD,IXD_MAD,SKU_0080,359,8.8,0.047,0.586,0.019,234.07,road,completed,2024-12-09
2425,IXD_PAR,FC_PAR1,SKU_0065,207,3.6,0.049,0.327,0.023,82.59,road,completed,2024-12-09
2426,IXD_MAD,FC_MAD1,SKU_0019,658,4.9,0.086,0.256,0.07,271.1,road,completed,2024-12-09
2427,IXD_PAR,FC_PAR1,SKU_0042,642,5.9,0.129,0.587,0.056,495.62,road,completed,2024-12-09
2428,1DC_MAD,IXD_MAD,SKU_0164,536,9.5,0.092,0.618,0.079,422.9,road,completed,2024-12-09
2429,IXD_BCN,FC_BCN2,SKU_0112,846,3.1,0.037,0.252,0.011,253.8,road,completed,2024-12-09
2430,1DC_BCN,IXD_BCN,SKU_0189,453,6.9,0.038,0.159,0.096,132.73,road,completed,2024-12-09
2431,IXD_BCN,FC_BCN2,SKU_0166,834,3.6,0.136,0.797,0.097,859.02,road,completed,2024-12-09
2432,IXD_PAR,FC_PAR1,SKU_0204,62,5.2,0.112,0.237,0.018,22.75,road,completed,2024-12-09
2433,RDC_IBE,IXD_MAD,SKU_0042,749,9.0,0.129,0.274,0.097,374.5,road,completed,2024-12-09
2434,RDC_IBE,IXD_MAD,SKU_0114,189,8.1,0.112,0.554,0.089,142.69,road,completed,2024-12-09
2435,RDC_IBE,IXD_MAD,SKU_0078,512,9.7,0.081,0.26,0.066,208.38,road,completed,2024-12-09
2436,RDC_IBE,IXD_MAD,SKU_0039,888,7.5,0.087,0.272,0.026,341.88,road,completed,2024-12-10
2437,IXD_BER,FC_BER1,SKU_0017,409,6.2,0.065,0.242,0.078,157.47,road,completed,2024-12-10
2438,IXD_BCN,FC_BCN2,SKU_0092,313,3.8,0.077,0.292,0.031,125.2,road,completed,2024-12-10
2439,IXD_PAR,FC_PAR2,SKU_0090,574,2.5,0.09,0.789,0.063,540.71,road,completed,2024-12-10
2440,RDC_IBE,IXD_BCN,SKU_0239,294,6.3,0.06,0.609,0.062,214.91,road,completed,2024-12-10
2441,1DC_MUC,IXD_PAR,SKU_0181,642,8.9,0.121,0.662,0.021,516.17,road,completed,2024-12-10
2442,1DC_BCN,IXD_BCN,SKU_0225,75,9.4,0.047,0.677,0.017,55.58,road,completed,2024-12-10
2443,RDC_IBE,IXD_MAD,SKU_0219,875,5.9,0.122,0.126,0.093,298.38,road,completed,2024-12-10
2444,IXD_PAR,FC_MUN1,SKU_0036,385,6.4,0.099,0.205,0.071,144.38,road,completed,2024-12-10
2445,1DC_BCN,IXD_BCN,SKU_0204,673,7.7,0.109,0.438,0.083,423.99,road,completed,2024-12-10
2446,1DC_MAD,IXD_MAD,SKU_0037,467,7.3,0.108,0.122,0.099,153.64,road,completed,2024-12-10
2447,IXD_PAR,FC_MUN1,SKU_0206,893,6.4,0.121,0.508,0.059,614.38,road,completed,2024-12-10
2448,RDC_FRA,IXD_PAR,SKU_0231,29,7.4,0.034,0.637,0.089,22.04,road,completed,2024-12-10
2449,RDC_IBE,IXD_BCN,SKU_0139,409,9.9,0.079,0.298,0.096,193.46,road,completed,2024-12-10
2450,IXD_BCN,FC_BCN2,SKU_0218,233,1.3,0.075,0.16,0.089,75.49,road,completed,2024-12-10
2451,RDC_IBE,IXD_MAD,SKU_0099,302,5.9,0.123,0.48,0.034,192.37,road,completed,2024-12-10
2452,IXD_PAR,FC_PAR1,SKU_0238,388,2.9,0.139,0.158,0.043,131.92,road,completed,2024-12-10
2453,RDC_LYS,IXD_PAR,SKU_0120,237,5.5,0.048,0.397,0.018,109.73,road,completed,2024-12-10
2454,RDC_IBE,IXD_MAD,SKU_0223,512,9.2,0.103,0.323,0.029,232.96,road,completed,2024-12-10
2455,1DC_MAD,IXD_MAD,SKU_0155,647,8.0,0.108,0.363,0.051,337.73,road,completed,2024-12-10
2456,IXD_MAD,FC_MAD1,SKU_0203,54,3.4,0.123,0.059,0.059,13.01,road,completed,2024-12-10
2457,IXD_BCN,FC_BCN1,SKU_0094,551,4.0,0.091,0.148,0.053,160.89,road,completed,2024-12-10
2458,IXD_PAR,FC_PAR1,SKU_0152,651,4.1,0.092,0.301,0.052,289.69,road,completed,2024-12-10
2459,RDC_FRA,IXD_PAR,SKU_0070,74,9.0,0.15,0.225,0.046,31.15,road,completed,2024-12-10
2460,IXD_PAR,FC_MUN1,SKU_0113,486,5.9,0.135,0.717,0.084,454.9,road,completed,2024-12-10
2461,IXD_PAR,FC_MUN1,SKU_0240,506,2.8,0.129,0.467,0.014,308.66,road,completed,2024-12-10
2462,IXD_BER,FC_BER1,SKU_0226,145,3.5,0.099,0.238,0.046,55.54,road,completed,2024-12-10
2463,RDC_LYS,IXD_PAR,SKU_0023,210,6.6,0.053,0.302,0.057,86.52,road,completed,2024-12-10
2464,IXD_MAD,FC_MAD2,SKU_0250,646,3.8,0.141,0.215,0.014,239.02,road,completed,2024-12-11
2465,IXD_MAD,FC_MAD1,SKU_0037,659,1.0,0.074,0.224,0.038,221.42,road,completed,2024-12-11
2466,IXD_BCN,FC_BCN2,SKU_0138,894,2.3,0.142,0.27,0.061,422.86,road,completed,2024-12-11
2467,1DC_CDG,IXD_PAR,SKU_0129,569,8.8,0.057,0.437,0.075,323.76,road,completed,2024-12-11
2468,RDC_IBE,IXD_BCN,SKU_0043,40,7.1,0.065,0.445,0.088,23.92,road,completed,2024-12-11
2469,IXD_PAR,FC_MUN1,SKU_0244,866,4.6,0.073,0.147,0.04,225.16,road,completed,2024-12-11
2470,RDC_IBE,IXD_MAD,SKU_0161,206,8.8,0.069,0.737,0.013,168.71,road,completed,2024-12-11
2471,1DC_BCN,IXD_BCN,SKU_0014,577,4.9,0.099,0.646,0.093,483.53,road,completed,2024-12-11
2472,IXD_PAR,FC_MUN1,SKU_0013,698,5.8,0.087,0.765,0.097,662.4,road,completed,2024-12-11
2473,RDC_IBE,IXD_MAD,SKU_0227,830,11.9,0.044,0.533,0.089,552.78,road,completed,2024-12-11
2474,IXD_MAD,FC_MAD2,SKU_0054,60,5.0,0.045,0.668,0.057,46.2,road,completed,2024-12-11
2475,IXD_BER,FC_BER1,SKU_0070,249,6.8,0.145,0.338,0.036,129.23,road,completed,2024-12-11
2476,RDC_IBE,IXD_MAD,SKU_0101,160,8.3,0.044,0.794,0.076,146.24,road,completed,2024-12-11
2477,1DC_MUC,IXD_PAR,SKU_0111,895,6.2,0.035,0.493,0.074,538.79,road,completed,2024-12-11
2478,1DC_BCN,IXD_PAR,SKU_0137,842,8.3,0.11,0.555,0.068,617.19,road,completed,2024-12-11
2479,RDC_LYS,IXD_PAR,SKU_0217,258,8.5,0.04,0.141,0.079,67.08,road,completed,2024-12-11
2480,IXD_MAD,FC_MAD1,SKU_0115,225,4.3,0.077,0.656,0.075,181.8,road,completed,2024-12-11
2481,IXD_MAD,FC_MAD2,SKU_0076,418,2.4,0.131,0.096,0.097,135.43,road,completed,2024-12-11
2482,1DC_BCN,IXD_PAR,SKU_0044,482,6.5,0.104,0.403,0.039,263.17,road,completed,2024-12-11
2483,1DC_MUC,IXD_PAR,SKU_0057,633,9.0,0.038,0.588,0.053,429.81,road,completed,2024-12-11
2484,RDC_LYS,IXD_PAR,SKU_0073,676,11.1,0.126,0.362,0.022,344.76,road,completed,2024-12-11
2485,RDC_IBE,IXD_MAD,SKU_0137,881,10.9,0.138,0.227,0.046,362.09,road,completed,2024-12-11
2486,RDC_IBE,IXD_MAD,SKU_0009,260,5.3,0.112,0.531,0.088,190.06,road,completed,2024-12-11
2487,1DC_CDG,IXD_PAR,SKU_0186,646,9.5,0.148,0.78,0.028,617.58,road,completed,2024-12-12
2488,IXD_PAR,FC_MUN1,SKU_0084,395,5.2,0.106,0.199,0.065,146.15,road,completed,2024-12-12
2489,RDC_IBE,IXD_MAD,SKU_0245,395,10.1,0.139,0.535,0.089,301.38,road,completed,2024-12-12
2490,1DC_MAD,IXD_MAD,SKU_0212,694,9.1,0.117,0.755,0.029,625.29,road,completed,2024-12-12
2491,RDC_FRA,IXD_PAR,SKU_0161,528,9.4,0.038,0.532,0.081,343.73,road,completed,2024-12-12
2492,IXD_MAD,FC_MAD1,SKU_0200,767,3.3,0.14,0.535,0.054,559.14,road,completed,2024-12-12
2493,RDC_IBE,IXD_BCN,SKU_0049,214,9.0,0.124,0.138,0.048,66.34,road,completed,2024-12-12
2494,1DC_BCN,IXD_BCN,SKU_0014,572,8.0,0.111,0.555,0.046,407.26,road,completed,2024-12-12
2495,1DC_BCN,IXD_BCN,SKU_0075,42,6.5,0.133,0.595,0.041,32.3,road,completed,2024-12-12
2496,RDC_IBE,IXD_BCN,SKU_0207,309,10.1,0.08,0.4,0.054,165.01,road,completed,2024-12-12
2497,RDC_IBE,IXD_BCN,SKU_0212,727,9.1,0.142,0.492,0.032,484.18,road,completed,2024-12-12
2498,IXD_MAD,FC_MAD2,SKU_0240,402,3.9,0.121,0.204,0.069,158.39,road,completed,2024-12-12
2499,IXD_PAR,FC_MUN1,SKU_0133,132,6.2,0.141,0.183,0.02,45.41,road,completed,2024-12-12
2500,1DC_CDG,IXD_PAR,SKU_0122,445,7.5,0.083,0.066,0.048,87.67,road,completed,2024-12-12
2501,IXD_BCN,FC_BCN2,SKU_0226,143,5.2,0.079,0.699,0.015,113.4,road,completed,2024-12-12
2502,1DC_MAD,IXD_MAD,SKU_0073,211,8.8,0.108,0.142,0.034,59.92,road,completed,2024-12-12
2503,1DC_BCN,IXD_BCN,SKU_0192,419,8.7,0.145,0.291,0.095,222.49,road,completed,2024-12-12
2504,RDC_IBE,IXD_MAD,SKU_0007,719,6.2,0.113,0.64,0.033,565.13,road,completed,2024-12-12
2505,IXD_BCN,FC_BCN2,SKU_0025,630,2.9,0.067,0.356,0.032,286.65,road,completed,2024-12-12
2506,1DC_BCN,IXD_PAR,SKU_0160,175,8.9,0.087,0.657,0.084,144.9,road,completed,2024-12-12
2507,RDC_IBE,IXD_MAD,SKU_0044,790,10.3,0.118,0.233,0.044,312.05,road,completed,2024-12-12
2508,IXD_PAR,FC_MUN1,SKU_0215,45,2.4,0.074,0.7,0.099,39.28,road,completed,2024-12-12
2509,RDC_LYS,IXD_PAR,SKU_0128,81,7.4,0.045,0.658,0.039,60.1,road,completed,2024-12-12
2510,1DC_BCN,IXD_BCN,SKU_0031,402,6.7,0.072,0.151,0.06,113.77,road,completed,2024-12-12
2511,RDC_IBE,IXD_MAD,SKU_0225,789,10.3,0.091,0.142,0.011,192.52,road,completed,2024-12-12
2512,IXD_BCN,FC_BCN2,SKU_0024,589,3.7,0.122,0.616,0.016,444.11,road,completed,2024-12-12
2513,RDC_IBE,IXD_MAD,SKU_0170,153,8.5,0.076,0.087,0.07,35.65,road,completed,2024-12-12
2514,IXD_BCN,FC_BCN1,SKU_0177,141,6.5,0.117,0.633,0.045,112.09,road,completed,2024-12-12
2515,IXD_PAR,FC_PAR1,SKU_0221,741,4.8,0.101,0.379,0.012,364.57,road,completed,2024-12-12
2516,RDC_LYS,IXD_PAR,SKU_0027,466,9.2,0.147,0.572,0.037,352.3,road,completed,2024-12-12
2517,IXD_MAD,FC_MAD2,SKU_0093,472,1.7,0.067,0.072,0.041,84.96,road,completed,2024-12-12
2518,IXD_PAR,FC_PAR1,SKU_0022,522,2.8,0.079,0.441,0.072,309.02,road,completed,2024-12-12
2519,1DC_CDG,IXD_PAR,SKU_0040,174,9.0,0.116,0.634,0.063,141.46,road,completed,2024-12-12
2520,RDC_IBE,IXD_MAD,SKU_0208,566,9.1,0.14,0.496,0.048,387.14,road,completed,2024-12-12
2521,1DC_MAD,IXD_MAD,SKU_0100,227,8.2,0.06,0.089,0.023,39.04,road,completed,2024-12-12
2522,RDC_IBE,IXD_MAD,SKU_0209,309,7.4,0.043,0.733,0.023,246.89,road,completed,2024-12-12
2523,1DC_BCN,IXD_PAR,SKU_0139,132,8.4,0.036,0.544,0.084,87.65,road,completed,2024-12-12
2524,1DC_BCN,IXD_PAR,SKU_0190,230,8.2,0.125,0.124,0.069,73.14,road,completed,2024-12-12
2525,IXD_PAR,FC_PAR2,SKU_0197,506,3.1,0.136,0.225,0.015,190.26,road,completed,2024-12-12
2526,IXD_BER,FC_BER1,SKU_0200,200,4.4,0.095,0.632,0.043,154.0,road,completed,2024-12-13
2527,1DC_CDG,IXD_PAR,SKU_0118,267,7.9,0.125,0.267,0.017,109.2,road,completed,2024-12-13
2528,IXD_BCN,FC_BCN1,SKU_0161,478,3.6,0.104,0.766,0.094,460.79,road,completed,2024-12-13
2529,IXD_BER,FC_BER1,SKU_0087,721,2.9,0.096,0.496,0.015,437.65,road,completed,2024-12-13
2530,IXD_PAR,FC_PAR2,SKU_0237,175,4.6,0.109,0.42,0.066,104.12,road,completed,2024-12-13
2531,IXD_PAR,FC_PAR2,SKU_0122,486,3.5,0.135,0.656,0.024,396.09,road,completed,2024-12-13
2532,IXD_BCN,FC_BCN1,SKU_0178,259,2.4,0.093,0.633,0.015,191.92,road,completed,2024-12-13
2533,IXD_BER,FC_BER1,SKU_0057,340,5.0,0.14,0.614,0.032,267.24,road,completed,2024-12-13
2534,RDC_IBE,IXD_MAD,SKU_0027,572,7.0,0.114,0.173,0.081,210.5,road,completed,2024-12-13
2535,IXD_PAR,FC_PAR1,SKU_0187,98,4.3,0.137,0.328,0.067,52.14,road,completed,2024-12-13
2536,RDC_IBE,IXD_BCN,SKU_0180,525,8.1,0.053,0.339,0.026,219.45,road,completed,2024-12-13
2537,RDC_FRA,IXD_BER,SKU_0128,148,5.8,0.061,0.717,0.051,122.69,road,completed,2024-12-13
2538,IXD_BCN,FC_BCN1,SKU_0121,286,2.9,0.082,0.225,0.024,94.67,road,completed,2024-12-13
2539,RDC_LYS,IXD_PAR,SKU_0112,712,9.7,0.072,0.656,0.04,546.82,road,completed,2024-12-13
2540,IXD_PAR,FC_MUN1,SKU_0239,474,2.1,0.045,0.172,0.087,144.1,road,completed,2024-12-13
2541,1DC_BCN,IXD_BCN,SKU_0223,386,9.7,0.08,0.29,0.038,157.49,road,completed,2024-12-13
2542,RDC_IBE,IXD_MAD,SKU_0192,700,8.5,0.116,0.199,0.09,283.5,road,completed,2024-12-13
2543,IXD_MAD,FC_MAD2,SKU_0041,697,5.7,0.084,0.057,0.069,146.37,road,completed,2024-12-13
2544,RDC_LYS,IXD_PAR,SKU_0059,380,6.5,0.064,0.196,0.037,112.86,road,completed,2024-12-13
2545,1DC_MAD,IXD_MAD,SKU_0177,174,6.6,0.095,0.059,0.077,40.19,road,completed,2024-12-13
2546,1DC_BCN,IXD_BCN,SKU_0102,226,5.0,0.113,0.765,0.059,211.76,road,completed,2024-12-13
2547,RDC_IBE,IXD_MAD,SKU_0150,721,8.8,0.114,0.747,0.041,650.34,road,completed,2024-12-14
2548,1DC_CDG,IXD_PAR,SKU_0071,662,7.2,0.113,0.108,0.085,202.57,road,completed,2024-12-14
2549,RDC_LYS,IXD_PAR,SKU_0208,243,10.7,0.121,0.247,0.016,93.31,road,completed,2024-12-14
2550,IXD_PAR,FC_PAR2,SKU_0201,26,4.0,0.145,0.119,0.028,7.59,road,completed,2024-12-14
2551,IXD_BCN,FC_BCN2,SKU_0057,152,6.1,0.058,0.194,0.019,41.19,road,completed,2024-12-14
2552,1DC_MUC,IXD_PAR,SKU_0158,444,9.4,0.06,0.255,0.071,171.38,road,completed,2024-12-14
2553,RDC_IBE,IXD_MAD,SKU_0063,221,8.3,0.055,0.56,0.054,147.85,road,completed,2024-12-14
2554,IXD_MAD,FC_MAD2,SKU_0191,556,6.6,0.096,0.509,0.085,383.64,road,completed,2024-12-14
2555,1DC_MUC,IXD_PAR,SKU_0073,549,9.5,0.094,0.293,0.065,248.15,road,completed,2024-12-14
2556,IXD_BCN,FC_BCN2,SKU_0088,440,2.5,0.046,0.795,0.026,381.48,road,completed,2024-12-14
2557,1DC_MAD,IXD_MAD,SKU_0010,445,8.6,0.059,0.27,0.013,152.19,road,completed,2024-12-14
2558,RDC_FRA,IXD_PAR,SKU_0076,874,10.6,0.035,0.253,0.07,312.89,road,completed,2024-12-14
2559,IXD_MAD,FC_MAD1,SKU_0232,664,6.6,0.062,0.367,0.028,303.45,road,completed,2024-12-15
2560,IXD_PAR,FC_MUN1,SKU_0198,636,3.0,0.032,0.241,0.05,205.43,road,completed,2024-12-15
2561,RDC_IBE,IXD_BCN,SKU_0063,880,8.0,0.031,0.793,0.049,768.24,road,completed,2024-12-15
2562,IXD_BCN,FC_BCN1,SKU_0152,131,3.4,0.089,0.474,0.012,75.32,road,completed,2024-12-15
2563,IXD_PAR,FC_PAR2,SKU_0149,885,3.6,0.111,0.212,0.012,296.48,road,completed,2024-12-15
2564,IXD_MAD,FC_MAD1,SKU_0191,91,7.7,0.05,0.699,0.092,76.53,road,completed,2024-12-16
2565,IXD_PAR,FC_PAR2,SKU_0134,309,3.5,0.039,0.473,0.032,168.1,road,completed,2024-12-16
2566,1DC_MAD,IXD_MAD,SKU_0019,139,8.9,0.091,0.512,0.092,96.6,road,completed,2024-12-16
2567,IXD_BCN,FC_BCN2,SKU_0111,50,6.3,0.136,0.061,0.082,13.95,road,completed,2024-12-16
2568,IXD_BCN,FC_BCN2,SKU_0127,183,4.1,0.079,0.305,0.056,80.52,road,completed,2024-12-16
2569,IXD_PAR,FC_PAR1,SKU_0179,834,3.4,0.055,0.342,0.097,412.0,road,completed,2024-12-16
2570,1DC_BCN,IXD_BCN,SKU_0249,377,9.4,0.031,0.216,0.055,113.85,road,completed,2024-12-16
2571,RDC_LYS,IXD_PAR,SKU_0230,863,11.4,0.107,0.656,0.029,683.5,road,completed,2024-12-16
2572,1DC_BCN,IXD_BCN,SKU_0121,762,6.2,0.132,0.253,0.047,329.18,road,completed,2024-12-16
2573,1DC_BCN,IXD_BCN,SKU_0151,702,6.3,0.033,0.402,0.07,354.51,road,completed,2024-12-16
2574,IXD_BER,FC_BER1,SKU_0213,327,5.7,0.131,0.599,0.065,259.97,road,completed,2024-12-16
2575,IXD_MAD,FC_MAD1,SKU_0187,607,1.7,0.101,0.109,0.088,180.89,road,completed,2024-12-16
2576,1DC_BCN,IXD_BCN,SKU_0124,120,7.3,0.084,0.411,0.087,69.84,road,completed,2024-12-16
2577,RDC_IBE,IXD_MAD,SKU_0234,443,11.3,0.054,0.621,0.058,324.72,road,completed,2024-12-16
2578,RDC_FRA,IXD_BER,SKU_0240,499,10.0,0.053,0.788,0.085,462.07,road,completed,2024-12-16
2579,1DC_MUC,IXD_PAR,SKU_0202,524,9.7,0.091,0.072,0.042,107.42,road,completed,2024-12-16
2580,IXD_PAR,FC_PAR1,SKU_0004,212,2.6,0.094,0.325,0.026,94.34,road,completed,2024-12-16
2581,RDC_IBE,IXD_BCN,SKU_0226,687,11.8,0.124,0.304,0.066,339.38,road,completed,2024-12-16
2582,1DC_BCN,IXD_BER,SKU_0080,288,8.3,0.085,0.477,0.064,180.29,road,completed,2024-12-16
2583,RDC_IBE,IXD_MAD,SKU_0226,369,9.0,0.051,0.414,0.096,207.01,road,completed,2024-12-17
2584,1DC_BCN,IXD_BCN,SKU_0004,714,6.9,0.071,0.08,0.043,138.52,road,completed,2024-12-17
2585,RDC_IBE,IXD_MAD,SKU_0046,689,8.8,0.144,0.055,0.048,170.18,road,completed,2024-12-17
2586,IXD_BER,FC_BER1,SKU_0167,186,4.2,0.046,0.067,0.036,27.71,road,completed,2024-12-17
2587,IXD_MAD,FC_MAD1,SKU_0120,864,4.4,0.031,0.167,0.094,252.29,road,completed,2024-12-17
2588,IXD_PAR,FC_PAR1,SKU_0013,97,4.5,0.065,0.065,0.065,18.91,road,completed,2024-12-17
2589,1DC_MAD,IXD_MAD,SKU_0217,42,10.1,0.093,0.721,0.072,37.21,road,completed,2024-12-17
2590,IXD_PAR,FC_MUN1,SKU_0038,86,4.8,0.076,0.273,0.07,36.03,road,completed,2024-12-17
2591,RDC_LYS,IXD_PAR,SKU_0026,40,7.8,0.045,0.137,0.089,10.84,road,completed,2024-12-17
2592,1DC_MAD,IXD_MAD,SKU_0145,521,7.2,0.092,0.523,0.054,348.55,road,completed,2024-12-17
2593,IXD_PAR,FC_MUN1,SKU_0035,33,4.5,0.093,0.496,0.051,21.12,road,completed,2024-12-17
2594,RDC_FRA,IXD_PAR,SKU_0065,589,8.9,0.092,0.419,0.023,314.53,road,completed,2024-12-17
2595,1DC_BCN,IXD_BCN,SKU_0115,380,10.4,0.037,0.4,0.041,181.64,road,completed,2024-12-17
2596,IXD_PAR,FC_MUN1,SKU_0009,245,1.0,0.136,0.654,0.086,214.62,road,completed,2024-12-17
2597,IXD_BCN,FC_BCN2,SKU_0118,215,1.0,0.081,0.283,0.011,80.62,road,completed,2024-12-17
2598,RDC_FRA,IXD_BER,SKU_0030,199,9.5,0.032,0.698,0.069,159.0,road,completed,2024-12-17
2599,IXD_BCN,FC_BCN2,SKU_0187,78,4.2,0.111,0.382,0.04,41.57,road,completed,2024-12-17
2600,IXD_PAR,FC_PAR2,SKU_0224,315,5.5,0.097,0.301,0.011,128.83,road,completed,2024-12-17
2601,RDC_FRA,IXD_PAR,SKU_0018,837,7.3,0.099,0.07,0.088,215.11,road,completed,2024-12-17
2602,IXD_BCN,FC_BCN1,SKU_0143,155,2.7,0.116,0.264,0.024,62.62,road,completed,2024-12-17
2603,RDC_FRA,IXD_PAR,SKU_0219,583,7.7,0.067,0.154,0.019,139.92,road,completed,2024-12-17
2604,1DC_BCN,IXD_BER,SKU_0203,323,11.8,0.136,0.415,0.086,205.75,road,completed,2024-12-17
2605,IXD_MAD,FC_MAD1,SKU_0033,862,1.4,0.059,0.122,0.079,224.12,road,completed,2024-12-17
2606,IXD_PAR,FC_MUN1,SKU_0235,234,3.2,0.103,0.317,0.039,107.41,road,completed,2024-12-17
2607,IXD_PAR,FC_MUN1,SKU_0081,263,1.5,0.125,0.447,0.043,161.75,road,completed,2024-12-17
2608,IXD_BER,FC_BER1,SKU_0178,278,6.4,0.128,0.798,0.052,271.88,road,completed,2024-12-17
2609,IXD_PAR,FC_PAR1,SKU_0064,150,5.2,0.099,0.477,0.072,97.2,road,completed,2024-12-17
2610,RDC_IBE,IXD_MAD,SKU_0240,210,9.1,0.111,0.39,0.069,119.7,road,completed,2024-12-18
2611,RDC_IBE,IXD_MAD,SKU_0163,854,9.1,0.108,0.153,0.055,269.86,road,completed,2024-12-18
2612,RDC_FRA,IXD_PAR,SKU_0174,205,11.0,0.034,0.526,0.023,119.51,road,completed,2024-12-18
2613,RDC_FRA,IXD_BER,SKU_0008,792,8.4,0.13,0.265,0.089,383.33,road,completed,2024-12-18
2614,IXD_BER,FC_BER1,SKU_0122,723,3.2,0.137,0.232,0.045,299.32,road,completed,2024-12-18
2615,IXD_PAR,FC_MUN1,SKU_0053,432,2.9,0.118,0.159,0.05,141.26,road,completed,2024-12-18
2616,IXD_PAR,FC_PAR2,SKU_0042,899,5.2,0.143,0.66,0.034,752.46,road,completed,2024-12-18
2617,IXD_MAD,FC_MAD2,SKU_0155,111,6.1,0.083,0.606,0.096,87.14,road,completed,2024-12-18
2618,RDC_IBE,IXD_MAD,SKU_0142,74,8.6,0.082,0.712,0.062,63.34,road,completed,2024-12-18
2619,1DC_BCN,IXD_BCN,SKU_0147,571,6.3,0.042,0.406,0.039,278.08,road,completed,2024-12-18
2620,IXD_MAD,FC_MAD1,SKU_0198,347,2.9,0.031,0.068,0.094,66.97,road,completed,2024-12-18
2621,RDC_IBE,IXD_BCN,SKU_0189,225,7.2,0.056,0.34,0.024,94.5,road,completed,2024-12-18
2622,IXD_BER,FC_BER1,SKU_0241,100,6.8,0.045,0.404,0.014,46.3,road,completed,2024-12-18
2623,RDC_IBE,IXD_MAD,SKU_0172,249,9.8,0.144,0.545,0.097,195.71,road,completed,2024-12-18
2624,1DC_CDG,IXD_PAR,SKU_0207,269,7.3,0.039,0.446,0.064,147.68,road,completed,2024-12-18
2625,1DC_MAD,IXD_MAD,SKU_0019,635,9.1,0.034,0.079,0.017,82.55,road,completed,2024-12-18
2626,IXD_PAR,FC_PAR2,SKU_0070,31,2.8,0.061,0.437,0.088,18.17,road,completed,2024-12-18
2627,RDC_IBE,IXD_MAD,SKU_0178,528,9.7,0.042,0.662,0.054,400.22,road,completed,2024-12-18
2628,IXD_BCN,FC_BCN1,SKU_0157,206,4.1,0.054,0.718,0.032,165.62,road,completed,2024-12-19
2629,1DC_MAD,IXD_MAD,SKU_0007,729,10.3,0.07,0.384,0.024,348.46,road,completed,2024-12-19
2630,IXD_BCN,FC_BCN1,SKU_0043,415,6.4,0.102,0.142,0.058,125.33,road,completed,2024-12-19
2631,IXD_PAR,FC_PAR2,SKU_0045,740,2.6,0.108,0.755,0.049,674.88,road,completed,2024-12-19
2632,RDC_LYS,IXD_PAR,SKU_0154,386,9.4,0.062,0.56,0.054,260.94,road,completed,2024-12-19
2633,RDC_IBE,IXD_MAD,SKU_0066,228,8.0,0.117,0.489,0.063,152.53,road,completed,2024-12-19
2634,IXD_MAD,FC_MAD2,SKU_0037,415,4.1,0.049,0.216,0.092,148.16,road,completed,2024-12-19
2635,IXD_PAR,FC_PAR1,SKU_0144,235,2.0,0.031,0.134,0.012,41.59,road,completed,2024-12-19
2636,IXD_PAR,FC_PAR2,SKU_0087,691,6.2,0.103,0.058,0.064,155.47,road,completed,2024-12-19
2637,IXD_PAR,FC_MUN1,SKU_0201,193,1.5,0.096,0.791,0.039,178.72,road,completed,2024-12-19
2638,IXD_BER,FC_BER1,SKU_0190,570,6.6,0.053,0.304,0.072,244.53,road,completed,2024-12-19
2639,1DC_BCN,IXD_PAR,SKU_0006,495,8.5,0.043,0.435,0.047,259.88,road,completed,2024-12-19
2640,IXD_PAR,FC_PAR2,SKU_0217,58,4.6,0.046,0.201,0.034,16.3,road,completed,2024-12-19
2641,IXD_BER,FC_BER1,SKU_0203,177,5.1,0.036,0.06,0.05,25.84,road,completed,2024-12-19
2642,IXD_PAR,FC_PAR2,SKU_0147,460,6.4,0.072,0.11,0.029,97.06,road,completed,2024-12-19
2643,IXD_MAD,FC_MAD2,SKU_0178,297,3.3,0.086,0.693,0.085,256.61,road,completed,2024-12-19
2644,1DC_BCN,IXD_BER,SKU_0060,426,8.0,0.079,0.236,0.059,159.32,road,completed,2024-12-19
2645,RDC_FRA,IXD_BER,SKU_0047,25,6.6,0.131,0.769,0.099,24.98,road,completed,2024-12-19
2646,IXD_PAR,FC_MUN1,SKU_0199,439,1.6,0.146,0.239,0.033,183.5,road,completed,2024-12-19
2647,RDC_LYS,IXD_PAR,SKU_0102,827,8.8,0.143,0.532,0.025,578.9,road,completed,2024-12-19
2648,1DC_BCN,IXD_BCN,SKU_0023,375,7.7,0.146,0.651,0.026,308.62,road,completed,2024-12-19
2649,IXD_MAD,FC_MAD1,SKU_0172,588,2.7,0.045,0.192,0.023,152.88,road,completed,2024-12-19
2650,IXD_BCN,FC_BCN1,SKU_0111,512,2.0,0.138,0.467,0.062,341.5,road,completed,2024-12-19
2651,RDC_IBE,IXD_BCN,SKU_0161,494,8.9,0.097,0.771,0.096,476.22,road,completed,2024-12-19
2652,1DC_BCN,IXD_BER,SKU_0217,712,9.3,0.041,0.288,0.097,303.31,road,completed,2024-12-19
2653,IXD_MAD,FC_MAD2,SKU_0135,886,3.1,0.068,0.275,0.016,318.07,road,completed,2024-12-19
2654,1DC_BCN,IXD_BCN,SKU_0019,804,7.2,0.144,0.223,0.048,333.66,road,completed,2024-12-19
2655,1DC_MUC,IXD_PAR,SKU_0174,261,7.8,0.085,0.627,0.096,210.89,road,completed,2024-12-19
2656,IXD_PAR,FC_MUN1,SKU_0032,138,3.1,0.064,0.767,0.078,125.44,road,completed,2024-12-19
2657,IXD_MAD,FC_MAD2,SKU_0003,23,5.6,0.092,0.106,0.016,4.92,road,completed,2024-12-19
2658,1DC_MAD,IXD_MAD,SKU_0043,290,11.7,0.081,0.359,0.057,144.13,road,completed,2024-12-19
2659,IXD_BCN,FC_BCN2,SKU_0195,410,4.4,0.065,0.201,0.057,132.43,road,completed,2024-12-19
2660,1DC_BCN,IXD_PAR,SKU_0053,145,10.0,0.106,0.276,0.046,62.06,road,completed,2024-12-19
2661,1DC_MAD,IXD_MAD,SKU_0011,500,9.0,0.083,0.193,0.043,159.5,road,completed,2024-12-19
2662,IXD_MAD,FC_MAD2,SKU_0068,101,3.8,0.05,0.643,0.043,74.34,road,completed,2024-12-19
2663,1DC_BCN,IXD_BCN,SKU_0118,791,9.8,0.047,0.511,0.086,509.4,road,completed,2024-12-19
2664,IXD_MAD,FC_MAD2,SKU_0042,393,4.1,0.104,0.39,0.085,227.55,road,completed,2024-12-19
2665,IXD_PAR,FC_PAR1,SKU_0128,755,4.0,0.037,0.265,0.042,259.72,road,delayed,2024-12-20
2666,1DC_BCN,IXD_PAR,SKU_0210,121,11.1,0.092,0.788,0.051,112.65,road,completed,2024-12-20
2667,1DC_CDG,IXD_PAR,SKU_0238,143,8.4,0.077,0.454,0.017,78.36,road,completed,2024-12-20
2668,1DC_BCN,IXD_BCN,SKU_0014,125,7.5,0.142,0.526,0.088,94.5,road,in_transit,2024-12-20
2669,1DC_BCN,IXD_BCN,SKU_0207,764,9.5,0.069,0.72,0.056,645.58,road,in_transit,2024-12-20
2670,IXD_MAD,FC_MAD2,SKU_0022,635,4.8,0.095,0.658,0.083,530.86,road,in_transit,2024-12-20
2671,IXD_PAR,FC_PAR1,SKU_0073,418,3.8,0.104,0.592,0.055,313.92,road,completed,2024-12-20
2672,RDC_IBE,IXD_MAD,SKU_0170,769,10.2,0.099,0.411,0.073,448.33,road,in_transit,2024-12-20
2673,1DC_MAD,IXD_MAD,SKU_0049,355,9.2,0.075,0.574,0.02,237.5,road,in_transit,2024-12-20
2674,IXD_BCN,FC_BCN2,SKU_0232,803,3.0,0.095,0.487,0.026,488.22,road,delayed,2024-12-20
2675,IXD_BER,FC_BER1,SKU_0106,544,3.6,0.086,0.694,0.045,448.8,road,delayed,2024-12-20
2676,1DC_BCN,IXD_PAR,SKU_0120,724,6.2,0.073,0.451,0.083,439.47,road,delayed,2024-12-20
2677,IXD_PAR,FC_PAR2,SKU_0112,377,2.4,0.047,0.753,0.087,334.4,road,completed,2024-12-20
2678,IXD_PAR,FC_PAR1,SKU_0142,857,3.1,0.134,0.706,0.012,730.16,road,completed,2024-12-20
2679,1DC_MUC,IXD_PAR,SKU_0167,115,9.3,0.091,0.65,0.022,87.75,road,delayed,2024-12-20
2680,IXD_BER,FC_BER1,SKU_0032,778,4.8,0.136,0.324,0.032,382.78,road,delayed,2024-12-20
2681,IXD_PAR,FC_PAR2,SKU_0198,586,4.0,0.093,0.572,0.03,407.27,road,completed,2024-12-20
2682,1DC_BCN,IXD_BER,SKU_0186,478,8.6,0.14,0.185,0.046,177.34,road,completed,2024-12-20
2683,IXD_BER,FC_BER1,SKU_0010,427,7.4,0.047,0.798,0.094,400.95,road,completed,2024-12-20
2684,RDC_FRA,IXD_PAR,SKU_0224,433,9.2,0.144,0.454,0.095,300.07,road,delayed,2024-12-20
2685,IXD_PAR,FC_PAR2,SKU_0180,81,3.9,0.124,0.536,0.065,58.73,road,delayed,2024-12-20
2686,RDC_IBE,IXD_MAD,SKU_0036,773,9.1,0.141,0.35,0.041,411.24,road,in_transit,2024-12-20
2687,RDC_IBE,IXD_BCN,SKU_0193,596,10.1,0.149,0.407,0.021,343.89,road,completed,2024-12-20
2688,RDC_IBE,IXD_MAD,SKU_0217,769,9.6,0.051,0.346,0.096,379.12,road,in_transit,2024-12-20
2689,RDC_LYS,IXD_PAR,SKU_0159,628,9.8,0.132,0.799,0.061,622.98,road,delayed,2024-12-20
2690,1DC_BCN,IXD_PAR,SKU_0058,305,8.7,0.115,0.454,0.032,183.31,road,in_transit,2024-12-20
2691,RDC_FRA,IXD_BER,SKU_0064,820,8.4,0.047,0.636,0.089,633.04,road,completed,2024-12-20
2692,1DC_CDG,IXD_PAR,SKU_0149,764,6.0,0.081,0.718,0.044,644.05,road,completed,2024-12-20
2693,IXD_PAR,FC_MUN1,SKU_0034,697,2.3,0.076,0.203,0.055,232.8,road,delayed,2024-12-21
2694,1DC_BCN,IXD_BCN,SKU_0038,560,8.8,0.052,0.217,0.053,180.32,road,delayed,2024-12-21
2695,RDC_FRA,IXD_BER,SKU_0160,844,8.3,0.147,0.715,0.072,788.3,road,completed,2024-12-21
2696,RDC_LYS,IXD_PAR,SKU_0118,705,8.6,0.077,0.17,0.063,218.55,road,completed,2024-12-21
2697,IXD_BCN,FC_BCN2,SKU_0088,666,7.0,0.064,0.54,0.062,443.56,road,in_transit,2024-12-22
2698,RDC_LYS,IXD_PAR,SKU_0177,821,7.9,0.059,0.448,0.041,449.91,road,delayed,2024-12-22
2699,1DC_BCN,IXD_PAR,SKU_0090,41,7.3,0.145,0.63,0.044,33.58,road,delayed,2024-12-22
2700,1DC_BCN,IXD_BCN,SKU_0037,156,10.2,0.084,0.745,0.077,141.34,road,completed,2024-12-22
2701,1DC_BCN,IXD_BCN,SKU_0027,265,6.6,0.067,0.344,0.036,118.45,road,completed,2024-12-22
2702,1DC_BCN,IXD_BCN,SKU_0085,712,9.1,0.137,0.47,0.086,493.42,road,completed,2024-12-22
2703,IXD_MAD,FC_MAD1,SKU_0093,60,3.1,0.129,0.06,0.026,12.9,road,delayed,2024-12-22
2704,IXD_BCN,FC_BCN2,SKU_0167,825,3.0,0.076,0.3,0.088,382.8,road,completed,2024-12-22
2705,RDC_IBE,IXD_MAD,SKU_0196,78,8.3,0.076,0.747,0.095,71.6,road,delayed,2024-12-22
2706,1DC_BCN,IXD_BCN,SKU_0073,438,8.1,0.105,0.071,0.041,95.05,road,completed,2024-12-22
2707,1DC_MAD,IXD_MAD,SKU_0173,524,8.3,0.131,0.404,0.1,332.74,road,in_transit,2024-12-22
2708,RDC_IBE,IXD_MAD,SKU_0078,889,10.1,0.096,0.588,0.055,656.97,road,in_transit,2024-12-22
2709,IXD_MAD,FC_MAD2,SKU_0100,582,4.4,0.101,0.415,0.015,309.04,road,in_transit,2024-12-23
2710,IXD_MAD,FC_MAD2,SKU_0166,148,6.6,0.032,0.618,0.065,105.82,road,completed,2024-12-23
2711,IXD_BCN,FC_BCN2,SKU_0236,639,5.9,0.091,0.713,0.087,569.35,road,completed,2024-12-23
2712,IXD_PAR,FC_MUN1,SKU_0063,751,3.3,0.141,0.297,0.047,364.24,road,completed,2024-12-23
2713,1DC_BCN,IXD_PAR,SKU_0234,387,10.6,0.127,0.179,0.051,138.16,road,in_transit,2024-12-23
2714,RDC_LYS,IXD_PAR,SKU_0160,889,8.6,0.142,0.331,0.069,481.84,road,completed,2024-12-23
2715,IXD_MAD,FC_MAD2,SKU_0031,29,1.7,0.128,0.719,0.066,26.48,road,delayed,2024-12-23
2716,IXD_BCN,FC_BCN1,SKU_0028,22,4.6,0.098,0.517,0.01,13.75,road,delayed,2024-12-23
2717,RDC_FRA,IXD_PAR,SKU_0102,297,8.3,0.135,0.158,0.019,92.66,road,in_transit,2024-12-23
2718,RDC_LYS,IXD_PAR,SKU_0218,29,7.8,0.122,0.598,0.089,23.46,road,in_transit,2024-12-23
2719,IXD_BCN,FC_BCN2,SKU_0216,529,4.9,0.118,0.226,0.055,211.07,road,completed,2024-12-23
2720,IXD_PAR,FC_PAR1,SKU_0073,172,2.9,0.042,0.693,0.074,139.15,road,delayed,2024-12-23
2721,IXD_PAR,FC_MUN1,SKU_0110,353,2.5,0.041,0.45,0.048,190.27,road,in_transit,2024-12-23
2722,1DC_BCN,IXD_BER,SKU_0234,781,9.7,0.125,0.189,0.06,292.09,road,delayed,2024-12-23
2723,IXD_PAR,FC_PAR1,SKU_0143,868,5.0,0.145,0.277,0.072,428.79,road,in_transit,2024-12-23
2724,IXD_MAD,FC_MAD1,SKU_0196,251,3.5,0.092,0.153,0.092,84.59,road,completed,2024-12-23
2725,RDC_IBE,IXD_MAD,SKU_0025,339,7.2,0.053,0.547,0.074,228.49,road,delayed,2024-12-23
2726,IXD_MAD,FC_MAD1,SKU_0039,60,4.8,0.145,0.616,0.086,50.82,road,delayed,2024-12-23
2727,IXD_BCN,FC_BCN1,SKU_0042,706,4.1,0.08,0.571,0.014,469.49,road,in_transit,2024-12-23
2728,IXD_MAD,FC_MAD1,SKU_0061,287,2.4,0.1,0.766,0.089,274.08,road,delayed,2024-12-23
2729,1DC_MUC,IXD_PAR,SKU_0194,465,10.0,0.038,0.101,0.021,74.4,road,completed,2024-12-23
2730,IXD_BCN,FC_BCN2,SKU_0238,560,1.7,0.094,0.44,0.075,341.04,road,completed,2024-12-23
2731,RDC_FRA,IXD_BER,SKU_0101,452,8.0,0.142,0.509,0.053,318.21,road,completed,2024-12-23
2732,RDC_IBE,IXD_MAD,SKU_0225,896,9.1,0.141,0.78,0.037,858.37,road,in_transit,2024-12-23
2733,1DC_BCN,IXD_BER,SKU_0024,491,12.7,0.098,0.619,0.039,371.2,rail,delayed,2024-12-23
2734,IXD_PAR,FC_PAR2,SKU_0210,88,2.8,0.083,0.058,0.065,18.13,road,in_transit,2024-12-23
2735,RDC_LYS,IXD_PAR,SKU_0094,217,6.0,0.076,0.141,0.04,55.77,road,completed,2024-12-23
2736,1DC_MAD,IXD_MAD,SKU_0235,868,8.6,0.112,0.132,0.044,249.98,road,in_transit,2024-12-23
2737,RDC_LYS,IXD_PAR,SKU_0235,388,9.2,0.077,0.131,0.099,119.12,road,in_transit,2024-12-24
2738,IXD_MAD,FC_MAD1,SKU_0016,497,5.7,0.135,0.103,0.089,162.52,road,in_transit,2024-12-24
2739,IXD_BCN,FC_BCN1,SKU_0074,54,3.3,0.15,0.089,0.06,16.15,road,delayed,2024-12-24
2740,IXD_PAR,FC_PAR1,SKU_0089,125,3.9,0.135,0.795,0.08,126.25,road,completed,2024-12-24
2741,1DC_CDG,IXD_PAR,SKU_0229,568,7.7,0.105,0.107,0.086,169.26,road,in_transit,2024-12-24
2742,IXD_PAR,FC_PAR1,SKU_0042,706,3.7,0.125,0.287,0.064,336.06,road,in_transit,2024-12-24
2743,IXD_PAR,FC_PAR1,SKU_0160,131,6.5,0.12,0.781,0.029,121.83,road,in_transit,2024-12-24
2744,RDC_LYS,IXD_PAR,SKU_0058,281,7.2,0.124,0.205,0.058,108.75,road,delayed,2024-12-24
2745,RDC_FRA,IXD_PAR,SKU_0102,625,9.9,0.06,0.609,0.079,467.5,road,in_transit,2024-12-24
2746,1DC_MAD,IXD_MAD,SKU_0080,682,9.0,0.034,0.152,0.052,162.32,road,delayed,2024-12-24
2747,IXD_PAR,FC_MUN1,SKU_0216,667,2.5,0.039,0.12,0.077,157.41,road,in_transit,2024-12-24
2748,IXD_MAD,FC_MAD2,SKU_0128,691,3.2,0.056,0.375,0.011,305.42,road,completed,2024-12-24
2749,IXD_PAR,FC_PAR1,SKU_0240,292,4.4,0.086,0.763,0.081,271.56,road,completed,2024-12-24
2750,IXD_PAR,FC_PAR1,SKU_0083,702,2.0,0.1,0.629,0.055,550.37,road,completed,2024-12-24
2751,IXD_BCN,FC_BCN2,SKU_0136,626,4.2,0.133,0.556,0.075,478.26,road,in_transit,2024-12-24
2752,IXD_MAD,FC_MAD2,SKU_0008,88,3.5,0.044,0.765,0.077,77.97,road,delayed,2024-12-24
2753,IXD_PAR,FC_MUN1,SKU_0169,866,5.1,0.039,0.244,0.067,303.1,road,in_transit,2024-12-24
2754,IXD_PAR,FC_PAR2,SKU_0021,289,6.0,0.133,0.39,0.038,162.13,road,delayed,2024-12-24
2755,RDC_LYS,IXD_PAR,SKU_0213,165,9.0,0.14,0.239,0.013,64.68,road,completed,2024-12-24
2756,1DC_MAD,IXD_MAD,SKU_0216,198,9.6,0.1,0.414,0.073,116.23,road,completed,2024-12-25
2757,IXD_PAR,FC_PAR2,SKU_0047,142,5.3,0.091,0.259,0.083,61.49,road,delayed,2024-12-25
2758,RDC_IBE,IXD_MAD,SKU_0169,465,9.8,0.039,0.786,0.033,398.97,road,delayed,2024-12-25
2759,IXD_MAD,FC_MAD2,SKU_0089,678,4.8,0.05,0.385,0.096,360.02,road,completed,2024-12-25
2760,IXD_BCN,FC_BCN1,SKU_0081,824,3.8,0.037,0.696,0.093,680.62,road,delayed,2024-12-25
2761,RDC_FRA,IXD_PAR,SKU_0206,755,10.2,0.031,0.155,0.061,186.48,road,delayed,2024-12-25
2762,1DC_MAD,IXD_MAD,SKU_0209,373,8.3,0.058,0.343,0.033,161.88,road,delayed,2024-12-25
2763,IXD_PAR,FC_MUN1,SKU_0038,790,1.8,0.095,0.171,0.018,224.36,road,delayed,2024-12-25
2764,RDC_IBE,IXD_MAD,SKU_0237,794,9.2,0.045,0.599,0.047,548.65,road,delayed,2024-12-25
2765,1DC_BCN,IXD_PAR,SKU_0096,326,7.1,0.036,0.42,0.076,173.43,road,delayed,2024-12-25
2766,IXD_BCN,FC_BCN2,SKU_0222,539,4.1,0.056,0.68,0.018,406.41,road,in_transit,2024-12-25
2767,RDC_FRA,IXD_PAR,SKU_0029,794,8.7,0.085,0.398,0.071,439.88,road,completed,2024-12-25
2768,IXD_PAR,FC_MUN1,SKU_0049,509,2.2,0.049,0.154,0.041,124.2,road,completed,2024-12-25
2769,1DC_CDG,IXD_PAR,SKU_0178,411,8.0,0.069,0.093,0.04,83.02,road,completed,2024-12-25
2770,RDC_LYS,IXD_PAR,SKU_0028,457,9.7,0.075,0.723,0.034,380.22,road,delayed,2024-12-25
2771,IXD_PAR,FC_MUN1,SKU_0049,738,2.9,0.062,0.412,0.067,399.26,road,completed,2024-12-25
2772,IXD_MAD,FC_MAD1,SKU_0089,405,4.8,0.099,0.158,0.086,138.92,road,delayed,2024-12-25
2773,IXD_BCN,FC_BCN2,SKU_0023,877,2.4,0.149,0.077,0.027,221.88,road,delayed,2024-12-25
2774,IXD_BCN,FC_BCN2,SKU_0015,239,4.6,0.088,0.319,0.067,113.29,road,delayed,2024-12-25
2775,RDC_IBE,IXD_MAD,SKU_0099,473,10.4,0.123,0.224,0.056,190.62,road,in_transit,2024-12-25
2776,IXD_PAR,FC_PAR2,SKU_0149,53,3.3,0.106,0.444,0.029,30.69,road,delayed,2024-12-25
2777,1DC_MAD,IXD_MAD,SKU_0177,726,7.1,0.043,0.578,0.019,464.64,road,in_transit,2024-12-25
2778,IXD_PAR,FC_MUN1,SKU_0172,307,1.9,0.119,0.795,0.09,308.23,road,in_transit,2024-12-25
2779,IXD_BER,FC_BER1,SKU_0064,550,4.7,0.092,0.725,0.079,492.8,road,delayed,2024-12-25
2780,RDC_IBE,IXD_MAD,SKU_0115,29,12.0,0.136,0.485,0.052,19.52,rail,in_transit,2024-12-25
2781,RDC_FRA,IXD_PAR,SKU_0009,565,8.4,0.128,0.783,0.062,549.75,road,delayed,2024-12-25
2782,1DC_MUC,IXD_PAR,SKU_0116,870,6.5,0.055,0.454,0.07,503.73,road,delayed,2024-12-25
2783,IXD_PAR,FC_PAR1,SKU_0201,256,4.8,0.076,0.233,0.077,98.82,road,completed,2024-12-25
2784,IXD_PAR,FC_PAR2,SKU_0097,92,4.8,0.1,0.694,0.018,74.7,road,completed,2024-12-25
2785,IXD_MAD,FC_MAD1,SKU_0174,477,4.8,0.053,0.548,0.033,302.42,road,completed,2024-12-26
2786,1DC_CDG,IXD_PAR,SKU_0166,445,10.5,0.112,0.139,0.04,129.5,road,delayed,2024-12-26
2787,RDC_IBE,IXD_BCN,SKU_0002,205,7.4,0.108,0.119,0.067,60.27,road,delayed,2024-12-26
2788,RDC_IBE,IXD_MAD,SKU_0171,738,8.4,0.098,0.358,0.024,354.24,road,delayed,2024-12-26
2789,1DC_MAD,IXD_MAD,SKU_0244,134,6.6,0.096,0.66,0.037,106.26,road,completed,2024-12-26
2790,IXD_PAR,FC_PAR2,SKU_0201,249,6.1,0.036,0.29,0.023,86.9,road,completed,2024-12-26
2791,RDC_IBE,IXD_BCN,SKU_0107,734,8.7,0.071,0.28,0.043,289.2,road,completed,2024-12-26
2792,IXD_MAD,FC_MAD1,SKU_0214,374,4.0,0.073,0.374,0.046,184.38,road,in_transit,2024-12-26
2793,IXD_BCN,FC_BCN2,SKU_0067,660,4.2,0.031,0.501,0.097,415.14,road,in_transit,2024-12-26
2794,RDC_IBE,IXD_MAD,SKU_0116,740,6.4,0.098,0.148,0.023,199.06,road,completed,2024-12-26
2795,IXD_MAD,FC_MAD2,SKU_0192,827,4.4,0.079,0.13,0.037,203.44,road,in_transit,2024-12-26
2796,IXD_BCN,FC_BCN2,SKU_0049,163,2.9,0.109,0.346,0.07,85.58,road,delayed,2024-12-26
2797,IXD_BER,FC_BER1,SKU_0218,689,4.3,0.06,0.054,0.011,86.12,road,delayed,2024-12-26
2798,IXD_PAR,FC_PAR1,SKU_0205,704,5.1,0.076,0.499,0.077,459.01,road,completed,2024-12-26
2799,IXD_PAR,FC_PAR2,SKU_0007,474,2.9,0.145,0.159,0.091,187.23,road,completed,2024-12-26
2800,IXD_PAR,FC_PAR1,SKU_0098,387,3.1,0.122,0.31,0.026,177.25,road,delayed,2024-12-26
2801,IXD_PAR,FC_PAR1,SKU_0032,565,1.1,0.037,0.778,0.099,516.41,road,delayed,2024-12-26
2802,IXD_BCN,FC_BCN2,SKU_0162,881,4.0,0.138,0.588,0.039,673.97,road,delayed,2024-12-26
2803,IXD_MAD,FC_MAD1,SKU_0016,625,4.7,0.078,0.077,0.095,156.25,road,delayed,2024-12-26
2804,IXD_PAR,FC_MUN1,SKU_0015,490,3.3,0.07,0.702,0.023,389.55,road,completed,2024-12-26
2805,1DC_BCN,IXD_PAR,SKU_0106,439,6.7,0.089,0.671,0.087,371.83,road,completed,2024-12-26
2806,1DC_MAD,IXD_MAD,SKU_0181,661,9.4,0.11,0.639,0.087,552.6,road,delayed,2024-12-26
2807,1DC_CDG,IXD_PAR,SKU_0223,884,8.9,0.14,0.71,0.099,838.92,road,completed,2024-12-26
2808,RDC_FRA,IXD_BER,SKU_0141,896,5.0,0.068,0.722,0.09,788.48,road,delayed,2024-12-26
2809,IXD_BER,FC_BER1,SKU_0118,186,1.9,0.086,0.462,0.085,117.74,road,completed,2024-12-26
2810,1DC_CDG,IXD_PAR,SKU_0186,331,9.4,0.127,0.556,0.056,244.61,road,completed,2024-12-26
2811,IXD_BER,FC_BER1,SKU_0015,822,2.8,0.132,0.267,0.016,341.13,road,in_transit,2024-12-26
2812,IXD_PAR,FC_MUN1,SKU_0023,780,1.9,0.039,0.143,0.093,214.5,road,completed,2024-12-26
2813,1DC_CDG,IXD_PAR,SKU_0039,620,9.9,0.109,0.217,0.091,258.54,road,completed,2024-12-26
2814,1DC_MAD,IXD_MAD,SKU_0230,774,7.4,0.102,0.433,0.081,476.78,road,completed,2024-12-26
2815,IXD_MAD,FC_MAD2,SKU_0125,174,2.3,0.12,0.082,0.061,45.76,road,in_transit,2024-12-26
2816,IXD_MAD,FC_MAD2,SKU_0100,514,2.8,0.075,0.383,0.045,258.54,road,in_transit,2024-12-26
2817,1DC_BCN,IXD_BCN,SKU_0224,659,10.2,0.134,0.741,0.053,611.55,road,delayed,2024-12-26
2818,IXD_BCN,FC_BCN2,SKU_0060,577,4.3,0.111,0.664,0.041,470.83,road,completed,2024-12-26
2819,1DC_BCN,IXD_BCN,SKU_0055,865,12.2,0.075,0.794,0.097,835.59,rail,completed,2024-12-26
2820,IXD_PAR,FC_PAR1,SKU_0214,873,3.3,0.039,0.768,0.059,756.02,road,delayed,2024-12-26
2821,IXD_MAD,FC_MAD1,SKU_0014,266,4.0,0.049,0.675,0.037,202.43,road,delayed,2024-12-26
2822,1DC_BCN,IXD_BCN,SKU_0097,59,8.2,0.062,0.327,0.068,26.96,road,in_transit,2024-12-26
2823,RDC_LYS,IXD_PAR,SKU_0138,107,9.4,0.099,0.148,0.04,30.71,road,delayed,2024-12-27
2824,1DC_CDG,IXD_PAR,SKU_0126,471,7.6,0.13,0.503,0.086,338.65,road,in_transit,2024-12-27
2825,RDC_IBE,IXD_BCN,SKU_0247,625,9.4,0.048,0.54,0.052,400.0,road,delayed,2024-12-27
2826,IXD_PAR,FC_PAR2,SKU_0214,650,3.3,0.087,0.784,0.095,627.9,road,completed,2024-12-27
2827,IXD_MAD,FC_MAD2,SKU_0031,494,3.3,0.034,0.464,0.092,291.46,road,in_transit,2024-12-27
2828,1DC_MUC,IXD_PAR,SKU_0136,845,10.2,0.054,0.56,0.05,561.08,road,completed,2024-12-27
2829,IXD_MAD,FC_MAD2,SKU_0042,314,3.7,0.048,0.776,0.049,274.12,road,in_transit,2024-12-27
2830,1DC_MUC,IXD_PAR,SKU_0206,738,8.2,0.071,0.172,0.067,228.78,road,delayed,2024-12-27
2831,1DC_BCN,IXD_PAR,SKU_0072,298,7.4,0.107,0.378,0.078,167.77,road,delayed,2024-12-27
2832,1DC_BCN,IXD_PAR,SKU_0170,54,11.2,0.092,0.797,0.065,51.52,road,completed,2024-12-27
2833,RDC_FRA,IXD_PAR,SKU_0094,713,10.2,0.099,0.707,0.064,620.31,road,delayed,2024-12-27
2834,IXD_BER,FC_BER1,SKU_0003,408,3.3,0.141,0.352,0.04,217.46,road,in_transit,2024-12-27
2835,RDC_LYS,IXD_PAR,SKU_0021,374,8.9,0.147,0.072,0.039,96.49,road,in_transit,2024-12-27
2836,RDC_IBE,IXD_BCN,SKU_0173,721,8.3,0.078,0.072,0.048,142.76,road,delayed,2024-12-27
2837,IXD_PAR,FC_MUN1,SKU_0169,836,3.6,0.052,0.129,0.097,232.41,road,completed,2024-12-27
2838,IXD_BCN,FC_BCN1,SKU_0188,757,5.2,0.14,0.728,0.048,693.41,road,completed,2024-12-27
2839,IXD_MAD,FC_MAD2,SKU_0136,161,2.5,0.123,0.691,0.048,138.78,road,delayed,2024-12-27
2840,RDC_IBE,IXD_BCN,SKU_0155,715,6.2,0.11,0.39,0.085,418.27,road,completed,2024-12-27
2841,IXD_BCN,FC_BCN2,SKU_0051,705,1.8,0.031,0.545,0.065,451.91,road,completed,2024-12-27
2842,IXD_BER,FC_BER1,SKU_0024,449,3.6,0.129,0.188,0.039,159.84,road,in_transit,2024-12-27
2843,RDC_FRA,IXD_PAR,SKU_0006,647,8.4,0.055,0.431,0.089,372.02,road,in_transit,2024-12-27
2844,RDC_IBE,IXD_BCN,SKU_0003,73,7.8,0.069,0.545,0.011,45.62,road,completed,2024-12-27
2845,1DC_BCN,IXD_PAR,SKU_0233,78,7.3,0.108,0.748,0.063,71.68,road,in_transit,2024-12-27
2846,1DC_MAD,IXD_MAD,SKU_0034,383,7.8,0.126,0.535,0.033,265.8,road,completed,2024-12-27
2847,1DC_MAD,IXD_MAD,SKU_0166,821,9.5,0.04,0.18,0.037,211.0,road,completed,2024-12-27
2848,1DC_MUC,IXD_PAR,SKU_0064,728,10.0,0.039,0.151,0.098,209.66,road,in_transit,2024-12-28
2849,IXD_BCN,FC_BCN1,SKU_0211,684,4.2,0.111,0.413,0.069,405.61,road,in_transit,2024-12-28
2850,RDC_FRA,IXD_PAR,SKU_0004,639,7.3,0.045,0.073,0.077,124.61,road,delayed,2024-12-28
2851,IXD_BCN,FC_BCN1,SKU_0108,864,2.7,0.076,0.446,0.041,486.43,road,completed,2024-12-28
2852,RDC_LYS,IXD_PAR,SKU_0187,268,7.0,0.091,0.214,0.014,85.49,road,completed,2024-12-28
2853,1DC_BCN,IXD_BCN,SKU_0051,222,10.6,0.119,0.349,0.018,107.89,road,in_transit,2024-12-28
2854,IXD_PAR,FC_MUN1,SKU_0007,451,4.5,0.059,0.591,0.044,312.99,road,completed,2024-12-29
2855,1DC_BCN,IXD_BER,SKU_0205,764,8.6,0.109,0.409,0.078,455.34,road,in_transit,2024-12-29
2856,IXD_PAR,FC_PAR2,SKU_0161,260,1.4,0.072,0.683,0.011,199.16,road,in_transit,2024-12-29
2857,IXD_MAD,FC_MAD1,SKU_0201,23,5.6,0.05,0.677,0.027,17.34,road,completed,2024-12-29
2858,1DC_BCN,IXD_BER,SKU_0242,481,9.7,0.033,0.188,0.037,124.1,road,completed,2024-12-29
2859,IXD_BCN,FC_BCN1,SKU_0085,103,5.4,0.132,0.102,0.08,32.34,road,delayed,2024-12-29
2860,IXD_MAD,FC_MAD2,SKU_0003,608,4.3,0.072,0.401,0.086,339.87,road,delayed,2024-12-29
